side	keyword	normalized_keyword	entity_id	display_name	matched_field	matched_text	match_method
source	acoustic voice characteristics	acoustic voice characteristics	ENT_683284C4437E36580945	acoustic voice characteristics	aliases	acoustic voice characteristics	normalized_substring
source	acoustic voice characteristics	acoustic voice characteristics	ENT_683284C4437E36580945	acoustic voice characteristics	display_name	acoustic voice characteristics	normalized_substring
target	type 2 diabetes mellitus	type 2 diabetes mellitus	ENT_00A14055E9005329F112	conversion of IGT to type 2 diabetes mellitus	aliases	conversion of IGT to type 2 diabetes mellitus	normalized_substring
target	type 2 diabetes mellitus	type 2 diabetes mellitus	ENT_00A14055E9005329F112	conversion of IGT to type 2 diabetes mellitus	display_name	conversion of IGT to type 2 diabetes mellitus	normalized_substring
target	type 2 diabetes mellitus	type 2 diabetes mellitus	ENT_014E9064E610E89FE7CE	Type 2 diabetes mellitus with complications	aliases	Type 2 diabetes mellitus with complications	normalized_substring
target	type 2 diabetes mellitus	type 2 diabetes mellitus	ENT_014E9064E610E89FE7CE	Type 2 diabetes mellitus with complications	aliases	type 2 diabetes mellitus with complications	normalized_substring
target	type 2 diabetes mellitus	type 2 diabetes mellitus	ENT_014E9064E610E89FE7CE	Type 2 diabetes mellitus with complications	display_name	Type 2 diabetes mellitus with complications	normalized_substring
target	type 2 diabetes mellitus	type 2 diabetes mellitus	ENT_0158494426CEA9FE83DC	subgingival plaque from type 2 diabetes mellitus patients affected by chronic periodontitis	aliases	subgingival plaque from type 2 diabetes mellitus patients affected by chronic periodontitis	normalized_substring
target	type 2 diabetes mellitus	type 2 diabetes mellitus	ENT_0158494426CEA9FE83DC	subgingival plaque from type 2 diabetes mellitus patients affected by chronic periodontitis	display_name	subgingival plaque from type 2 diabetes mellitus patients affected by chronic periodontitis	normalized_substring
target	type 2 diabetes mellitus	type 2 diabetes mellitus	ENT_01F604F54384D7A9DCD5	CAD with type 2 diabetes mellitus	aliases	CAD with type 2 diabetes mellitus	normalized_substring
target	type 2 diabetes mellitus	type 2 diabetes mellitus	ENT_01F604F54384D7A9DCD5	CAD with type 2 diabetes mellitus	display_name	CAD with type 2 diabetes mellitus	normalized_substring
target	type 2 diabetes mellitus	type 2 diabetes mellitus	ENT_0367D8503655443EB228	type 2 diabetes mellitus with IR	aliases	type 2 diabetes mellitus with IR	normalized_substring
target	type 2 diabetes mellitus	type 2 diabetes mellitus	ENT_0367D8503655443EB228	type 2 diabetes mellitus with IR	display_name	type 2 diabetes mellitus with IR	normalized_substring
target	type 2 diabetes mellitus	type 2 diabetes mellitus	ENT_03FE7367096A2BD3DF59	type 2 diabetes mellitus patients complicated with AMI	aliases	type 2 diabetes mellitus patients complicated with AMI	normalized_substring
target	type 2 diabetes mellitus	type 2 diabetes mellitus	ENT_03FE7367096A2BD3DF59	type 2 diabetes mellitus patients complicated with AMI	display_name	type 2 diabetes mellitus patients complicated with AMI	normalized_substring
target	type 2 diabetes mellitus	type 2 diabetes mellitus	ENT_040E33C3D9F8AAA4A434	macro-vascular complications in type 2 diabetes mellitus	aliases	macro-vascular complications in type 2 diabetes mellitus	normalized_substring
target	type 2 diabetes mellitus	type 2 diabetes mellitus	ENT_040E33C3D9F8AAA4A434	macro-vascular complications in type 2 diabetes mellitus	display_name	macro-vascular complications in type 2 diabetes mellitus	normalized_substring
target	type 2 diabetes mellitus	type 2 diabetes mellitus	ENT_060D49D702C637946F78	type-2 diabetes mellitus induced rats	aliases	type-2 diabetes mellitus induced rats	normalized_substring
target	type 2 diabetes mellitus	type 2 diabetes mellitus	ENT_060D49D702C637946F78	type-2 diabetes mellitus induced rats	display_name	type-2 diabetes mellitus induced rats	normalized_substring
target	type 2 diabetes mellitus	type 2 diabetes mellitus	ENT_067FD5B8F9AD596BFFE2	patients with HTN and type 2 diabetes mellitus	aliases	patients with HTN and type 2 diabetes mellitus	normalized_substring
target	type 2 diabetes mellitus	type 2 diabetes mellitus	ENT_067FD5B8F9AD596BFFE2	patients with HTN and type 2 diabetes mellitus	display_name	patients with HTN and type 2 diabetes mellitus	normalized_substring
target	type 2 diabetes mellitus	type 2 diabetes mellitus	ENT_0699993121030278E6E2	type 2 diabetes mellitus with no complications	aliases	type 2 diabetes mellitus with no complications	normalized_substring
target	type 2 diabetes mellitus	type 2 diabetes mellitus	ENT_0699993121030278E6E2	type 2 diabetes mellitus with no complications	display_name	type 2 diabetes mellitus with no complications	normalized_substring
target	type 2 diabetes mellitus	type 2 diabetes mellitus	ENT_06EC42D7BCA3B7E86C1A	elderly with type 2 diabetes mellitus	aliases	elderly with type 2 diabetes mellitus	normalized_substring
target	type 2 diabetes mellitus	type 2 diabetes mellitus	ENT_06EC42D7BCA3B7E86C1A	elderly with type 2 diabetes mellitus	display_name	elderly with type 2 diabetes mellitus	normalized_substring
target	type 2 diabetes mellitus	type 2 diabetes mellitus	ENT_092FD62C86631EB11BF0	obesity/type 2 diabetes mellitus	aliases	obesity/type 2 diabetes mellitus	normalized_substring
target	type 2 diabetes mellitus	type 2 diabetes mellitus	ENT_092FD62C86631EB11BF0	obesity/type 2 diabetes mellitus	display_name	obesity/type 2 diabetes mellitus	normalized_substring
target	type 2 diabetes mellitus	type 2 diabetes mellitus	ENT_09330D0599C6754339D4	type 2 diabetes mellitus, hypertension, and coronary heart disease	aliases	type 2 diabetes mellitus, hypertension, and coronary heart disease	normalized_substring
target	type 2 diabetes mellitus	type 2 diabetes mellitus	ENT_09330D0599C6754339D4	type 2 diabetes mellitus, hypertension, and coronary heart disease	display_name	type 2 diabetes mellitus, hypertension, and coronary heart disease	normalized_substring
target	type 2 diabetes mellitus	type 2 diabetes mellitus	ENT_0C889301FC61A1E83ADD	postmenopausal type 2 diabetes mellitus	aliases	postmenopausal type 2 diabetes mellitus	normalized_substring
target	type 2 diabetes mellitus	type 2 diabetes mellitus	ENT_0C889301FC61A1E83ADD	postmenopausal type 2 diabetes mellitus	display_name	postmenopausal type 2 diabetes mellitus	normalized_substring
target	type 2 diabetes mellitus	type 2 diabetes mellitus	ENT_0CE8ACDA4EF71F13DD6B	rat model of type 2 diabetes mellitus	aliases	rat model of type 2 diabetes mellitus	normalized_substring
target	type 2 diabetes mellitus	type 2 diabetes mellitus	ENT_0CE8ACDA4EF71F13DD6B	rat model of type 2 diabetes mellitus	display_name	rat model of type 2 diabetes mellitus	normalized_substring
target	type 2 diabetes mellitus	type 2 diabetes mellitus	ENT_0E735ECC7672A05E5108	chronic periodontitis and type 2 diabetes mellitus	aliases	chronic periodontitis and type 2 diabetes mellitus	normalized_substring
target	type 2 diabetes mellitus	type 2 diabetes mellitus	ENT_0E735ECC7672A05E5108	chronic periodontitis and type 2 diabetes mellitus	display_name	chronic periodontitis and type 2 diabetes mellitus	normalized_substring
target	type 2 diabetes mellitus	type 2 diabetes mellitus	ENT_0EAB1BA1E901C5F70477	development of type 2 diabetes mellitus	aliases	development of type 2 diabetes mellitus	normalized_substring
target	type 2 diabetes mellitus	type 2 diabetes mellitus	ENT_0EAB1BA1E901C5F70477	development of type 2 diabetes mellitus	display_name	development of type 2 diabetes mellitus	normalized_substring
target	type 2 diabetes mellitus	type 2 diabetes mellitus	ENT_0EE52779AFA37365B901	type 2 diabetes mellitus complicated with nonalcoholic fatty liver disease	aliases	type 2 diabetes mellitus complicated with nonalcoholic fatty liver disease	normalized_substring
target	type 2 diabetes mellitus	type 2 diabetes mellitus	ENT_0EE52779AFA37365B901	type 2 diabetes mellitus complicated with nonalcoholic fatty liver disease	display_name	type 2 diabetes mellitus complicated with nonalcoholic fatty liver disease	normalized_substring
target	type 2 diabetes mellitus	type 2 diabetes mellitus	ENT_0FF539901C686D9DFFB2	type 2 diabetes mellitus complicated by coronary heart disease	aliases	type 2 diabetes mellitus complicated by coronary heart disease	normalized_substring
target	type 2 diabetes mellitus	type 2 diabetes mellitus	ENT_0FF539901C686D9DFFB2	type 2 diabetes mellitus complicated by coronary heart disease	display_name	type 2 diabetes mellitus complicated by coronary heart disease	normalized_substring
target	type 2 diabetes mellitus	type 2 diabetes mellitus	ENT_0FF7DE7F917A48FAAE60	type 2 diabetes mellitus and chronic heart failure	aliases	type 2 diabetes mellitus and chronic heart failure	normalized_substring
target	type 2 diabetes mellitus	type 2 diabetes mellitus	ENT_0FF7DE7F917A48FAAE60	type 2 diabetes mellitus and chronic heart failure	display_name	type 2 diabetes mellitus and chronic heart failure	normalized_substring
target	type 2 diabetes mellitus	type 2 diabetes mellitus	ENT_1029C1F265FD0EF4ECB4	type 2 diabetes mellitus platelets	aliases	type 2 diabetes mellitus platelets	normalized_substring
target	type 2 diabetes mellitus	type 2 diabetes mellitus	ENT_1029C1F265FD0EF4ECB4	type 2 diabetes mellitus platelets	display_name	type 2 diabetes mellitus platelets	normalized_substring
target	type 2 diabetes mellitus	type 2 diabetes mellitus	ENT_105F1657D0E9701824DF	patients who debuted with type 2 diabetes mellitus	aliases	patients who debuted with type 2 diabetes mellitus	normalized_substring
target	type 2 diabetes mellitus	type 2 diabetes mellitus	ENT_105F1657D0E9701824DF	patients who debuted with type 2 diabetes mellitus	display_name	patients who debuted with type 2 diabetes mellitus	normalized_substring
target	type 2 diabetes mellitus	type 2 diabetes mellitus	ENT_123424D065DF656B2BB9	obese associated type 2 diabetes mellitus	aliases	obese associated type 2 diabetes mellitus	normalized_substring
target	type 2 diabetes mellitus	type 2 diabetes mellitus	ENT_123424D065DF656B2BB9	obese associated type 2 diabetes mellitus	display_name	obese associated type 2 diabetes mellitus	normalized_substring
target	type 2 diabetes mellitus	type 2 diabetes mellitus	ENT_15402A0546641CB30BBA	type 2 diabetes mellitus with diabetic retinopathy	aliases	type 2 diabetes mellitus with diabetic retinopathy	normalized_substring
target	type 2 diabetes mellitus	type 2 diabetes mellitus	ENT_15402A0546641CB30BBA	type 2 diabetes mellitus with diabetic retinopathy	display_name	type 2 diabetes mellitus with diabetic retinopathy	normalized_substring
target	type 2 diabetes mellitus	type 2 diabetes mellitus	ENT_15869EE78E8664618B80	asymptomatic patients with type 2 diabetes mellitus	aliases	asymptomatic patients with type 2 diabetes mellitus	normalized_substring
target	type 2 diabetes mellitus	type 2 diabetes mellitus	ENT_15869EE78E8664618B80	asymptomatic patients with type 2 diabetes mellitus	display_name	asymptomatic patients with type 2 diabetes mellitus	normalized_substring
target	type 2 diabetes mellitus	type 2 diabetes mellitus	ENT_1632B7CD2E35F2399A99	elderly hypertinsive patients with accompanying type 2 diabetes mellitus	aliases	elderly hypertinsive patients with accompanying type 2 diabetes mellitus	normalized_substring
target	type 2 diabetes mellitus	type 2 diabetes mellitus	ENT_1632B7CD2E35F2399A99	elderly hypertinsive patients with accompanying type 2 diabetes mellitus	display_name	elderly hypertinsive patients with accompanying type 2 diabetes mellitus	normalized_substring
target	type 2 diabetes mellitus	type 2 diabetes mellitus	ENT_17934EE2FB9C799F15BE	type 2 diabetes mellitus with osteoporosis	aliases	type 2 diabetes mellitus with osteoporosis	normalized_substring
target	type 2 diabetes mellitus	type 2 diabetes mellitus	ENT_17934EE2FB9C799F15BE	type 2 diabetes mellitus with osteoporosis	display_name	type 2 diabetes mellitus with osteoporosis	normalized_substring
target	type 2 diabetes mellitus	type 2 diabetes mellitus	ENT_183796A165F61D1E5FBA	obesity related-type 2 diabetes mellitus	aliases	obesity related-type 2 diabetes mellitus	normalized_substring
target	type 2 diabetes mellitus	type 2 diabetes mellitus	ENT_183796A165F61D1E5FBA	obesity related-type 2 diabetes mellitus	display_name	obesity related-type 2 diabetes mellitus	normalized_substring
target	type 2 diabetes mellitus	type 2 diabetes mellitus	ENT_1849290EC206B80CAE79	pathogenesis of type 2 diabetes mellitus and MS	aliases	pathogenesis of type 2 diabetes mellitus and MS	normalized_substring
target	type 2 diabetes mellitus	type 2 diabetes mellitus	ENT_1849290EC206B80CAE79	pathogenesis of type 2 diabetes mellitus and MS	display_name	pathogenesis of type 2 diabetes mellitus and MS	normalized_substring
target	type 2 diabetes mellitus	type 2 diabetes mellitus	ENT_18C3FCAB1AA9563FE520	ketosis-prone type 2 diabetes mellitus	aliases	ketosis-prone type 2 diabetes mellitus	normalized_substring
target	type 2 diabetes mellitus	type 2 diabetes mellitus	ENT_18C3FCAB1AA9563FE520	ketosis-prone type 2 diabetes mellitus	display_name	ketosis-prone type 2 diabetes mellitus	normalized_substring
target	type 2 diabetes mellitus	type 2 diabetes mellitus	ENT_197531DC973D59BB8AC7	type 2 diabetes mellitus(T2DM)in hypertensive patients	aliases	type 2 diabetes mellitus(T2DM)in hypertensive patients	normalized_substring
target	type 2 diabetes mellitus	type 2 diabetes mellitus	ENT_197531DC973D59BB8AC7	type 2 diabetes mellitus(T2DM)in hypertensive patients	display_name	type 2 diabetes mellitus(T2DM)in hypertensive patients	normalized_substring
target	type 2 diabetes mellitus	type 2 diabetes mellitus	ENT_1AD87251C17268650024	Hypertensive patients with type 2 diabetes mellitus	aliases	Hypertensive patients with type 2 diabetes mellitus	normalized_substring
target	type 2 diabetes mellitus	type 2 diabetes mellitus	ENT_1AD87251C17268650024	Hypertensive patients with type 2 diabetes mellitus	display_name	Hypertensive patients with type 2 diabetes mellitus	normalized_substring
target	type 2 diabetes mellitus	type 2 diabetes mellitus	ENT_1B105F5216AAF178FBB5	patients with type 2 diabetes mellitus (DM) and coronary artery disease	aliases	patients with type 2 diabetes mellitus (DM) and coronary artery disease	normalized_substring
target	type 2 diabetes mellitus	type 2 diabetes mellitus	ENT_1B105F5216AAF178FBB5	patients with type 2 diabetes mellitus (DM) and coronary artery disease	display_name	patients with type 2 diabetes mellitus (DM) and coronary artery disease	normalized_substring
target	type 2 diabetes mellitus	type 2 diabetes mellitus	ENT_1C007F6EC774536A3001	syndrome of TCM of Type 2 diabetes mellitus	aliases	syndrome of TCM of Type 2 diabetes mellitus	normalized_substring
target	type 2 diabetes mellitus	type 2 diabetes mellitus	ENT_1C007F6EC774536A3001	syndrome of TCM of Type 2 diabetes mellitus	display_name	syndrome of TCM of Type 2 diabetes mellitus	normalized_substring
target	type 2 diabetes mellitus	type 2 diabetes mellitus	ENT_1D8C83EA47975F8A41C5	nephropathy in type 2 diabetes mellitus	aliases	nephropathy in type 2 diabetes mellitus	normalized_substring
target	type 2 diabetes mellitus	type 2 diabetes mellitus	ENT_1D8C83EA47975F8A41C5	nephropathy in type 2 diabetes mellitus	display_name	nephropathy in type 2 diabetes mellitus	normalized_substring
target	type 2 diabetes mellitus	type 2 diabetes mellitus	ENT_1ED78E34A538A944133B	increased type 2 diabetes mellitus	aliases	increased type 2 diabetes mellitus	normalized_substring
target	type 2 diabetes mellitus	type 2 diabetes mellitus	ENT_1ED78E34A538A944133B	increased type 2 diabetes mellitus	display_name	increased type 2 diabetes mellitus	normalized_substring
target	type 2 diabetes mellitus	type 2 diabetes mellitus	ENT_1F38F8E2EB1A1EC1E2B4	type 2 diabetes mellitus and abnormal bone metabolism	aliases	type 2 diabetes mellitus and abnormal bone metabolism	normalized_substring
target	type 2 diabetes mellitus	type 2 diabetes mellitus	ENT_1F38F8E2EB1A1EC1E2B4	type 2 diabetes mellitus and abnormal bone metabolism	display_name	type 2 diabetes mellitus and abnormal bone metabolism	normalized_substring
target	type 2 diabetes mellitus	type 2 diabetes mellitus	ENT_2054FB0BF58A2F0B5A45	type 2 diabetes mellitus with arterial occlusion of lower extremities	aliases	type 2 diabetes mellitus with arterial occlusion of lower extremities	normalized_substring
target	type 2 diabetes mellitus	type 2 diabetes mellitus	ENT_2054FB0BF58A2F0B5A45	type 2 diabetes mellitus with arterial occlusion of lower extremities	display_name	type 2 diabetes mellitus with arterial occlusion of lower extremities	normalized_substring
target	type 2 diabetes mellitus	type 2 diabetes mellitus	ENT_22784B695CC311FB1676	patients with coronary heart disease and type 2 diabetes mellitus	aliases	patients with coronary heart disease and type 2 diabetes mellitus	normalized_substring
target	type 2 diabetes mellitus	type 2 diabetes mellitus	ENT_22784B695CC311FB1676	patients with coronary heart disease and type 2 diabetes mellitus	display_name	patients with coronary heart disease and type 2 diabetes mellitus	normalized_substring
target	type 2 diabetes mellitus	type 2 diabetes mellitus	ENT_22C5A8503D6A3F88B4F5	obesity and type 2 diabetes mellitus	aliases	obesity and type 2 diabetes mellitus	normalized_substring
target	type 2 diabetes mellitus	type 2 diabetes mellitus	ENT_22C5A8503D6A3F88B4F5	obesity and type 2 diabetes mellitus	display_name	obesity and type 2 diabetes mellitus	normalized_substring
target	type 2 diabetes mellitus	type 2 diabetes mellitus	ENT_246BCEB2F61E66D3D94A	mechanism of ketosis-prone type 2 diabetes mellitus	aliases	mechanism of ketosis-prone type 2 diabetes mellitus	normalized_substring
target	type 2 diabetes mellitus	type 2 diabetes mellitus	ENT_246BCEB2F61E66D3D94A	mechanism of ketosis-prone type 2 diabetes mellitus	display_name	mechanism of ketosis-prone type 2 diabetes mellitus	normalized_substring
target	type 2 diabetes mellitus	type 2 diabetes mellitus	ENT_24D8E42466206D5F3451	type 2 diabetes mellitus and severe OSAS complicated by hypertension	aliases	type 2 diabetes mellitus and severe OSAS complicated by hypertension	normalized_substring
target	type 2 diabetes mellitus	type 2 diabetes mellitus	ENT_24D8E42466206D5F3451	type 2 diabetes mellitus and severe OSAS complicated by hypertension	display_name	type 2 diabetes mellitus and severe OSAS complicated by hypertension	normalized_substring
target	type 2 diabetes mellitus	type 2 diabetes mellitus	ENT_253BBCA2999334A92AFD	pathogenesis of multiple disorders like obesity, type 2 diabetes mellitus, SLE, osteoarthritis, rheumatoid arthritis, male infertility and other chronic inflammatory disorders	aliases	pathogenesis of multiple disorders like obesity, type 2 diabetes mellitus, SLE, osteoarthritis, rheumatoid arthritis, male infertility and other chronic inflammatory disorders	normalized_substring
target	type 2 diabetes mellitus	type 2 diabetes mellitus	ENT_253BBCA2999334A92AFD	pathogenesis of multiple disorders like obesity, type 2 diabetes mellitus, SLE, osteoarthritis, rheumatoid arthritis, male infertility and other chronic inflammatory disorders	display_name	pathogenesis of multiple disorders like obesity, type 2 diabetes mellitus, SLE, osteoarthritis, rheumatoid arthritis, male infertility and other chronic inflammatory disorders	normalized_substring
target	type 2 diabetes mellitus	type 2 diabetes mellitus	ENT_25834D88257000280209	elderly patients with type 2 diabetes mellitus	aliases	elderly patients with type 2 diabetes mellitus	normalized_substring
target	type 2 diabetes mellitus	type 2 diabetes mellitus	ENT_25834D88257000280209	elderly patients with type 2 diabetes mellitus	display_name	elderly patients with type 2 diabetes mellitus	normalized_substring
target	type 2 diabetes mellitus	type 2 diabetes mellitus	ENT_25A32BFCE8F78D533025	type 2 diabetes mellitus complicated with nonalcoholic fatty liver	aliases	type 2 diabetes mellitus complicated with nonalcoholic fatty liver	normalized_substring
target	type 2 diabetes mellitus	type 2 diabetes mellitus	ENT_25A32BFCE8F78D533025	type 2 diabetes mellitus complicated with nonalcoholic fatty liver	display_name	type 2 diabetes mellitus complicated with nonalcoholic fatty liver	normalized_substring
target	type 2 diabetes mellitus	type 2 diabetes mellitus	ENT_260CF92F3923C0A737D2	type 2 diabetes mellitus complicated by cerebral infarction	aliases	type 2 diabetes mellitus complicated by cerebral infarction	normalized_substring
target	type 2 diabetes mellitus	type 2 diabetes mellitus	ENT_260CF92F3923C0A737D2	type 2 diabetes mellitus complicated by cerebral infarction	display_name	type 2 diabetes mellitus complicated by cerebral infarction	normalized_substring
target	type 2 diabetes mellitus	type 2 diabetes mellitus	ENT_28B928AFC8E5A942CAC1	T2DMD	aliases	type 2 diabetes mellitus (DM)	normalized_substring
target	type 2 diabetes mellitus	type 2 diabetes mellitus	ENT_28B928AFC8E5A942CAC1	T2DMD	aliases	type 2 diabetes mellitus(DM)	normalized_substring
target	type 2 diabetes mellitus	type 2 diabetes mellitus	ENT_29009FF6BB5509DC2DEC	type 2 diabetes mellitus complicated with pulmonary tuberculosis	aliases	type 2 diabetes mellitus complicated with pulmonary tuberculosis	normalized_substring
target	type 2 diabetes mellitus	type 2 diabetes mellitus	ENT_29009FF6BB5509DC2DEC	type 2 diabetes mellitus complicated with pulmonary tuberculosis	display_name	type 2 diabetes mellitus complicated with pulmonary tuberculosis	normalized_substring
target	type 2 diabetes mellitus	type 2 diabetes mellitus	ENT_29071FF29EF4188300A2	syndrome of TCM of Type 2 diabetes mellitus	aliases	syndrome of TCM of Type 2 diabetes mellitus	normalized_substring
target	type 2 diabetes mellitus	type 2 diabetes mellitus	ENT_29071FF29EF4188300A2	syndrome of TCM of Type 2 diabetes mellitus	display_name	syndrome of TCM of Type 2 diabetes mellitus	normalized_substring
target	type 2 diabetes mellitus	type 2 diabetes mellitus	ENT_291CC560F88EF69FED45	type 2 diabetes mellitus patients combined with urinary system infection	aliases	type 2 diabetes mellitus patients combined with urinary system infection	normalized_substring
target	type 2 diabetes mellitus	type 2 diabetes mellitus	ENT_291CC560F88EF69FED45	type 2 diabetes mellitus patients combined with urinary system infection	display_name	type 2 diabetes mellitus patients combined with urinary system infection	normalized_substring
target	type 2 diabetes mellitus	type 2 diabetes mellitus	ENT_293B3827946EE353CA01	type 2 diabetes mellitus with obesity group	aliases	type 2 diabetes mellitus with obesity group	normalized_substring
target	type 2 diabetes mellitus	type 2 diabetes mellitus	ENT_293B3827946EE353CA01	type 2 diabetes mellitus with obesity group	display_name	type 2 diabetes mellitus with obesity group	normalized_substring
target	type 2 diabetes mellitus	type 2 diabetes mellitus	ENT_29674B7A25DCBAE09122	type 2 diabetes mellitus with periodontitis	aliases	type 2 diabetes mellitus with periodontitis	normalized_substring
target	type 2 diabetes mellitus	type 2 diabetes mellitus	ENT_29674B7A25DCBAE09122	type 2 diabetes mellitus with periodontitis	display_name	type 2 diabetes mellitus with periodontitis	normalized_substring
target	type 2 diabetes mellitus	type 2 diabetes mellitus	ENT_2A2D1127F036E658E849	coronary heart disease combined with type 2 diabetes mellitus	aliases	coronary heart disease combined with type 2 diabetes mellitus	normalized_substring
target	type 2 diabetes mellitus	type 2 diabetes mellitus	ENT_2A2D1127F036E658E849	coronary heart disease combined with type 2 diabetes mellitus	display_name	coronary heart disease combined with type 2 diabetes mellitus	normalized_substring
target	type 2 diabetes mellitus	type 2 diabetes mellitus	ENT_2B9EA5A0B5892C351C99	type 2 diabetes mellitus, hypertension and cardiovascular diseases	aliases	type 2 diabetes mellitus, hypertension and cardiovascular diseases	normalized_substring
target	type 2 diabetes mellitus	type 2 diabetes mellitus	ENT_2B9EA5A0B5892C351C99	type 2 diabetes mellitus, hypertension and cardiovascular diseases	display_name	type 2 diabetes mellitus, hypertension and cardiovascular diseases	normalized_substring
target	type 2 diabetes mellitus	type 2 diabetes mellitus	ENT_2C653477C4AC8D84AFDB	earlier age at diagnosis of type 2 diabetes mellitus	aliases	earlier age at diagnosis of type 2 diabetes mellitus	normalized_substring
target	type 2 diabetes mellitus	type 2 diabetes mellitus	ENT_2C653477C4AC8D84AFDB	earlier age at diagnosis of type 2 diabetes mellitus	display_name	earlier age at diagnosis of type 2 diabetes mellitus	normalized_substring
target	type 2 diabetes mellitus	type 2 diabetes mellitus	ENT_2C8503FCB2A5AA3D8C76	type 2 diabetes mellitus and diabetic nephroppathy	aliases	type 2 diabetes mellitus and diabetic nephroppathy	normalized_substring
target	type 2 diabetes mellitus	type 2 diabetes mellitus	ENT_2C8503FCB2A5AA3D8C76	type 2 diabetes mellitus and diabetic nephroppathy	display_name	type 2 diabetes mellitus and diabetic nephroppathy	normalized_substring
target	type 2 diabetes mellitus	type 2 diabetes mellitus	ENT_2C8A0C399BCA51DFF78D	impaired glucose regulation and type 2 diabetes mellitus	aliases	impaired glucose regulation and type 2 diabetes mellitus	normalized_substring
target	type 2 diabetes mellitus	type 2 diabetes mellitus	ENT_2C8A0C399BCA51DFF78D	impaired glucose regulation and type 2 diabetes mellitus	display_name	impaired glucose regulation and type 2 diabetes mellitus	normalized_substring
target	type 2 diabetes mellitus	type 2 diabetes mellitus	ENT_2CE2387C7860A93DAA95	changes in the retina associated with type 2 diabetes mellitus	aliases	changes in the retina associated with type 2 diabetes mellitus	normalized_substring
target	type 2 diabetes mellitus	type 2 diabetes mellitus	ENT_2CE2387C7860A93DAA95	changes in the retina associated with type 2 diabetes mellitus	display_name	changes in the retina associated with type 2 diabetes mellitus	normalized_substring
target	type 2 diabetes mellitus	type 2 diabetes mellitus	ENT_2CE3583AED10539CEEC2	adult patients with new diagnosis of type 2 diabetes mellitus	aliases	adult patients with new diagnosis of type 2 diabetes mellitus	normalized_substring
target	type 2 diabetes mellitus	type 2 diabetes mellitus	ENT_2CE3583AED10539CEEC2	adult patients with new diagnosis of type 2 diabetes mellitus	display_name	adult patients with new diagnosis of type 2 diabetes mellitus	normalized_substring
target	type 2 diabetes mellitus	type 2 diabetes mellitus	ENT_2E6151CB1D8D9955B6F2	Qi deficiency syndrome of type 2 diabetes mellitus	aliases	Qi deficiency syndrome of type 2 diabetes mellitus	normalized_substring
target	type 2 diabetes mellitus	type 2 diabetes mellitus	ENT_2E6151CB1D8D9955B6F2	Qi deficiency syndrome of type 2 diabetes mellitus	display_name	Qi deficiency syndrome of type 2 diabetes mellitus	normalized_substring
target	type 2 diabetes mellitus	type 2 diabetes mellitus	ENT_2F7CCF1094EB3FE70CF9	pathogenesis of type 2 diabetes mellitus with refractory hypertension	aliases	pathogenesis of type 2 diabetes mellitus with refractory hypertension	normalized_substring
target	type 2 diabetes mellitus	type 2 diabetes mellitus	ENT_2F7CCF1094EB3FE70CF9	pathogenesis of type 2 diabetes mellitus with refractory hypertension	display_name	pathogenesis of type 2 diabetes mellitus with refractory hypertension	normalized_substring
target	type 2 diabetes mellitus	type 2 diabetes mellitus	ENT_2FF7C99A38EB666390FF	patients with early-onset type 2 diabetes mellitus	aliases	patients with early-onset type 2 diabetes mellitus	normalized_substring
target	type 2 diabetes mellitus	type 2 diabetes mellitus	ENT_2FF7C99A38EB666390FF	patients with early-onset type 2 diabetes mellitus	display_name	patients with early-onset type 2 diabetes mellitus	normalized_substring
target	type 2 diabetes mellitus	type 2 diabetes mellitus	ENT_301903A8E017CE0CBDC8	type 2 diabetes mellitus with related complications(CDM2)	aliases	type 2 diabetes mellitus with related complications(CDM2)	normalized_substring
target	type 2 diabetes mellitus	type 2 diabetes mellitus	ENT_301903A8E017CE0CBDC8	type 2 diabetes mellitus with related complications(CDM2)	display_name	type 2 diabetes mellitus with related complications(CDM2)	normalized_substring
target	type 2 diabetes mellitus	type 2 diabetes mellitus	ENT_3034C545C601B5985255	diet-induced obesity, type 2 diabetes mellitus (T2DM), and fatty liver disease	aliases	diet-induced obesity, type 2 diabetes mellitus (T2DM), and fatty liver disease	normalized_substring
target	type 2 diabetes mellitus	type 2 diabetes mellitus	ENT_3034C545C601B5985255	diet-induced obesity, type 2 diabetes mellitus (T2DM), and fatty liver disease	display_name	diet-induced obesity, type 2 diabetes mellitus (T2DM), and fatty liver disease	normalized_substring
target	type 2 diabetes mellitus	type 2 diabetes mellitus	ENT_30FA06B5EF93536C24E5	diabetic retinopathy in female with type 2 diabetes mellitus	aliases	diabetic retinopathy in female with type 2 diabetes mellitus	normalized_substring
target	type 2 diabetes mellitus	type 2 diabetes mellitus	ENT_30FA06B5EF93536C24E5	diabetic retinopathy in female with type 2 diabetes mellitus	display_name	diabetic retinopathy in female with type 2 diabetes mellitus	normalized_substring
target	type 2 diabetes mellitus	type 2 diabetes mellitus	ENT_34219072D2657D5BC1F2	obesity accompanying type 2 diabetes mellitus	aliases	obesity accompanying type 2 diabetes mellitus	normalized_substring
target	type 2 diabetes mellitus	type 2 diabetes mellitus	ENT_34219072D2657D5BC1F2	obesity accompanying type 2 diabetes mellitus	display_name	obesity accompanying type 2 diabetes mellitus	normalized_substring
target	type 2 diabetes mellitus	type 2 diabetes mellitus	ENT_34DB5BC984743BEFB9A0	obesity and type 2 diabetes mellitus	aliases	obesity and type 2 diabetes mellitus	normalized_substring
target	type 2 diabetes mellitus	type 2 diabetes mellitus	ENT_34DB5BC984743BEFB9A0	obesity and type 2 diabetes mellitus	display_name	obesity and type 2 diabetes mellitus	normalized_substring
target	type 2 diabetes mellitus	type 2 diabetes mellitus	ENT_37F0D2E12812216A6384	arising and development of type 2 diabetes mellitus	aliases	arising and development of type 2 diabetes mellitus	normalized_substring
target	type 2 diabetes mellitus	type 2 diabetes mellitus	ENT_37F0D2E12812216A6384	arising and development of type 2 diabetes mellitus	display_name	arising and development of type 2 diabetes mellitus	normalized_substring
target	type 2 diabetes mellitus	type 2 diabetes mellitus	ENT_3821ABEF26BD023B8E52	patients older than 75 years with type 2 diabetes mellitus	aliases	patients older than 75 years with type 2 diabetes mellitus	normalized_substring
target	type 2 diabetes mellitus	type 2 diabetes mellitus	ENT_3821ABEF26BD023B8E52	patients older than 75 years with type 2 diabetes mellitus	display_name	patients older than 75 years with type 2 diabetes mellitus	normalized_substring
target	type 2 diabetes mellitus	type 2 diabetes mellitus	ENT_392E453C8A21D820E5EF	OSAHS with type 2 diabetes mellitus	aliases	OSAHS with type 2 diabetes mellitus	normalized_substring
target	type 2 diabetes mellitus	type 2 diabetes mellitus	ENT_392E453C8A21D820E5EF	OSAHS with type 2 diabetes mellitus	display_name	OSAHS with type 2 diabetes mellitus	normalized_substring
target	type 2 diabetes mellitus	type 2 diabetes mellitus	ENT_3AFB1527053003F69A6F	type 2 diabetes mellitus with NAFL	aliases	type 2 diabetes mellitus with NAFL	normalized_substring
target	type 2 diabetes mellitus	type 2 diabetes mellitus	ENT_3AFB1527053003F69A6F	type 2 diabetes mellitus with NAFL	display_name	type 2 diabetes mellitus with NAFL	normalized_substring
target	type 2 diabetes mellitus	type 2 diabetes mellitus	ENT_3BC70A9E7F2B6CB5242E	glucose tolerance abnormal or Type 2 Diabetes Mellitus	aliases	glucose tolerance abnormal or Type 2 Diabetes Mellitus	normalized_substring
target	type 2 diabetes mellitus	type 2 diabetes mellitus	ENT_3BC70A9E7F2B6CB5242E	glucose tolerance abnormal or Type 2 Diabetes Mellitus	display_name	glucose tolerance abnormal or Type 2 Diabetes Mellitus	normalized_substring
target	type 2 diabetes mellitus	type 2 diabetes mellitus	ENT_3CD3DDE2157909AC643C	pathophysiology of type 2 diabetes mellitus and its microangiopathy and macrovascular complications	aliases	pathophysiology of type 2 diabetes mellitus and its microangiopathy and macrovascular complications	normalized_substring
target	type 2 diabetes mellitus	type 2 diabetes mellitus	ENT_3CD3DDE2157909AC643C	pathophysiology of type 2 diabetes mellitus and its microangiopathy and macrovascular complications	display_name	pathophysiology of type 2 diabetes mellitus and its microangiopathy and macrovascular complications	normalized_substring
target	type 2 diabetes mellitus	type 2 diabetes mellitus	ENT_3D50550499CAEED8BBD3	late vascular complications of type 2 diabetes mellitus	aliases	late vascular complications of type 2 diabetes mellitus	normalized_substring
target	type 2 diabetes mellitus	type 2 diabetes mellitus	ENT_3D50550499CAEED8BBD3	late vascular complications of type 2 diabetes mellitus	display_name	late vascular complications of type 2 diabetes mellitus	normalized_substring
target	type 2 diabetes mellitus	type 2 diabetes mellitus	ENT_3D9D43A66F48F26C1436	insulin resistant type 2 diabetes mellitus	aliases	insulin resistant type 2 diabetes mellitus	normalized_substring
target	type 2 diabetes mellitus	type 2 diabetes mellitus	ENT_3D9D43A66F48F26C1436	insulin resistant type 2 diabetes mellitus	display_name	insulin resistant type 2 diabetes mellitus	normalized_substring
target	type 2 diabetes mellitus	type 2 diabetes mellitus	ENT_3DA54195EAC60AB89CCC	first-degree relatives of type 2 diabetes mellitus	aliases	first-degree relatives of type 2 diabetes mellitus	normalized_substring
target	type 2 diabetes mellitus	type 2 diabetes mellitus	ENT_3DA54195EAC60AB89CCC	first-degree relatives of type 2 diabetes mellitus	display_name	first-degree relatives of type 2 diabetes mellitus	normalized_substring
target	type 2 diabetes mellitus	type 2 diabetes mellitus	ENT_3E2CC672EB75410B4133	type 2 diabetes mellitus complicated with fatty liver	aliases	type 2 diabetes mellitus complicated with fatty liver	normalized_substring
target	type 2 diabetes mellitus	type 2 diabetes mellitus	ENT_3E2CC672EB75410B4133	type 2 diabetes mellitus complicated with fatty liver	display_name	type 2 diabetes mellitus complicated with fatty liver	normalized_substring
target	type 2 diabetes mellitus	type 2 diabetes mellitus	ENT_3EED477F0370460F3971	initial type 2 diabetes mellitus	aliases	initial type 2 diabetes mellitus	normalized_substring
target	type 2 diabetes mellitus	type 2 diabetes mellitus	ENT_3EED477F0370460F3971	initial type 2 diabetes mellitus	display_name	initial type 2 diabetes mellitus	normalized_substring
target	type 2 diabetes mellitus	type 2 diabetes mellitus	ENT_3F858CDD8392F62CA239	treats for type 2 diabetes mellitus through incretin	aliases	treats for type 2 diabetes mellitus through incretin	normalized_substring
target	type 2 diabetes mellitus	type 2 diabetes mellitus	ENT_3F858CDD8392F62CA239	treats for type 2 diabetes mellitus through incretin	display_name	treats for type 2 diabetes mellitus through incretin	normalized_substring
target	type 2 diabetes mellitus	type 2 diabetes mellitus	ENT_3FA45949C89CB006E0DC	type 2 diabetes mellitus accompanied with depression	aliases	type 2 diabetes mellitus accompanied with depression	normalized_substring
target	type 2 diabetes mellitus	type 2 diabetes mellitus	ENT_3FA45949C89CB006E0DC	type 2 diabetes mellitus accompanied with depression	display_name	type 2 diabetes mellitus accompanied with depression	normalized_substring
target	type 2 diabetes mellitus	type 2 diabetes mellitus	ENT_3FFF6FC81183EE9B8AB6	clinical course of patients with type 2 diabetes mellitus	aliases	clinical course of patients with type 2 diabetes mellitus	normalized_substring
target	type 2 diabetes mellitus	type 2 diabetes mellitus	ENT_3FFF6FC81183EE9B8AB6	clinical course of patients with type 2 diabetes mellitus	display_name	clinical course of patients with type 2 diabetes mellitus	normalized_substring
target	type 2 diabetes mellitus	type 2 diabetes mellitus	ENT_409666EAA33BD5C00EF7	type 1 and type 2 diabetes mellitus	aliases	Type 1 and Type 2 diabetes mellitus	normalized_substring
target	type 2 diabetes mellitus	type 2 diabetes mellitus	ENT_409666EAA33BD5C00EF7	type 1 and type 2 diabetes mellitus	aliases	type 1 and type 2 diabetes mellitus	normalized_substring
target	type 2 diabetes mellitus	type 2 diabetes mellitus	ENT_409666EAA33BD5C00EF7	type 1 and type 2 diabetes mellitus	display_name	type 1 and type 2 diabetes mellitus	normalized_substring
target	type 2 diabetes mellitus	type 2 diabetes mellitus	ENT_40F4C22B6D4CAD6EF45F	type 2 diabetes mellitus with infarction of the brain in elderly patients	aliases	type 2 diabetes mellitus with infarction of the brain in elderly patients	normalized_substring
target	type 2 diabetes mellitus	type 2 diabetes mellitus	ENT_40F4C22B6D4CAD6EF45F	type 2 diabetes mellitus with infarction of the brain in elderly patients	display_name	type 2 diabetes mellitus with infarction of the brain in elderly patients	normalized_substring
target	type 2 diabetes mellitus	type 2 diabetes mellitus	ENT_418F95DFB9C8ADABE32A	Uighur type 2 diabetes mellitus patients	aliases	Uighur type 2 diabetes mellitus patients	normalized_substring
target	type 2 diabetes mellitus	type 2 diabetes mellitus	ENT_418F95DFB9C8ADABE32A	Uighur type 2 diabetes mellitus patients	display_name	Uighur type 2 diabetes mellitus patients	normalized_substring
target	type 2 diabetes mellitus	type 2 diabetes mellitus	ENT_41ED9108E494678600BC	patients with type 2 diabetes mellitus started on insulin	aliases	patients with type 2 diabetes mellitus started on insulin	normalized_substring
target	type 2 diabetes mellitus	type 2 diabetes mellitus	ENT_41ED9108E494678600BC	patients with type 2 diabetes mellitus started on insulin	display_name	patients with type 2 diabetes mellitus started on insulin	normalized_substring
target	type 2 diabetes mellitus	type 2 diabetes mellitus	ENT_428D673B73B8D156C5D8	type 1 or type 2 diabetes mellitus	aliases	type 1 or type 2 diabetes mellitus	normalized_substring
target	type 2 diabetes mellitus	type 2 diabetes mellitus	ENT_428D673B73B8D156C5D8	type 1 or type 2 diabetes mellitus	display_name	type 1 or type 2 diabetes mellitus	normalized_substring
target	type 2 diabetes mellitus	type 2 diabetes mellitus	ENT_42AC4CA8578D0B899ABB	type 2 diabetes mellitus combined with tumor	aliases	type 2 diabetes mellitus combined with tumor	normalized_substring
target	type 2 diabetes mellitus	type 2 diabetes mellitus	ENT_42AC4CA8578D0B899ABB	type 2 diabetes mellitus combined with tumor	display_name	type 2 diabetes mellitus combined with tumor	normalized_substring
target	type 2 diabetes mellitus	type 2 diabetes mellitus	ENT_448F8D03540BA88CED4B	elderly type 2 diabetes mellitus patients	aliases	elderly type 2 diabetes mellitus patients	normalized_substring
target	type 2 diabetes mellitus	type 2 diabetes mellitus	ENT_448F8D03540BA88CED4B	elderly type 2 diabetes mellitus patients	display_name	elderly type 2 diabetes mellitus patients	normalized_substring
target	type 2 diabetes mellitus	type 2 diabetes mellitus	ENT_45A68D1290464DC851D8	type 2 diabetes mellitus with diarrhea	aliases	type 2 diabetes mellitus with diarrhea	normalized_substring
target	type 2 diabetes mellitus	type 2 diabetes mellitus	ENT_45A68D1290464DC851D8	type 2 diabetes mellitus with diarrhea	display_name	type 2 diabetes mellitus with diarrhea	normalized_substring
target	type 2 diabetes mellitus	type 2 diabetes mellitus	ENT_45D15D443CF2ABA009C6	type 2 diabetes mellitus	aliases	type 2 diabetes mellitus	normalized_substring
target	type 2 diabetes mellitus	type 2 diabetes mellitus	ENT_45D15D443CF2ABA009C6	type 2 diabetes mellitus	display_name	type 2 diabetes mellitus	normalized_substring
target	type 2 diabetes mellitus	type 2 diabetes mellitus	ENT_45FD0A44ED2A60FE244F	obesity patients with type 2 diabetes mellitus	aliases	obesity patients with type 2 diabetes mellitus	normalized_substring
target	type 2 diabetes mellitus	type 2 diabetes mellitus	ENT_45FD0A44ED2A60FE244F	obesity patients with type 2 diabetes mellitus	display_name	obesity patients with type 2 diabetes mellitus	normalized_substring
target	type 2 diabetes mellitus	type 2 diabetes mellitus	ENT_4742FCDA787A6813D8C2	Chinese patients with type 2 diabetes mellitus	aliases	Chinese patients with type 2 diabetes mellitus	normalized_substring
target	type 2 diabetes mellitus	type 2 diabetes mellitus	ENT_4742FCDA787A6813D8C2	Chinese patients with type 2 diabetes mellitus	display_name	Chinese patients with type 2 diabetes mellitus	normalized_substring
target	type 2 diabetes mellitus	type 2 diabetes mellitus	ENT_4772507502DAB4BE1434	type 2 diabetes mellitus early renal damage	aliases	type 2 diabetes mellitus early renal damage	normalized_substring
target	type 2 diabetes mellitus	type 2 diabetes mellitus	ENT_4772507502DAB4BE1434	type 2 diabetes mellitus early renal damage	display_name	type 2 diabetes mellitus early renal damage	normalized_substring
target	type 2 diabetes mellitus	type 2 diabetes mellitus	ENT_4A035701E3BC5BBA0673	patients with type 2 diabetes mellitus combined with ischaemic heart disease	aliases	patients with type 2 diabetes mellitus combined with ischaemic heart disease	normalized_substring
target	type 2 diabetes mellitus	type 2 diabetes mellitus	ENT_4A035701E3BC5BBA0673	patients with type 2 diabetes mellitus combined with ischaemic heart disease	display_name	patients with type 2 diabetes mellitus combined with ischaemic heart disease	normalized_substring
target	type 2 diabetes mellitus	type 2 diabetes mellitus	ENT_4A516FB7929A49D68FAD	first-degree relatives of type 2 diabetes mellitus with normal glucose tolerance	aliases	first-degree relatives of type 2 diabetes mellitus with normal glucose tolerance	normalized_substring
target	type 2 diabetes mellitus	type 2 diabetes mellitus	ENT_4A516FB7929A49D68FAD	first-degree relatives of type 2 diabetes mellitus with normal glucose tolerance	display_name	first-degree relatives of type 2 diabetes mellitus with normal glucose tolerance	normalized_substring
target	type 2 diabetes mellitus	type 2 diabetes mellitus	ENT_4C50BC3138414E9D77B9	type 2 diabetes mellitus (T2DM) patients	aliases	type 2 diabetes mellitus (T2DM) patients	normalized_substring
target	type 2 diabetes mellitus	type 2 diabetes mellitus	ENT_4C50BC3138414E9D77B9	type 2 diabetes mellitus (T2DM) patients	display_name	type 2 diabetes mellitus (T2DM) patients	normalized_substring
target	type 2 diabetes mellitus	type 2 diabetes mellitus	ENT_4CE8C4CAB631FD2DAAE6	type 2 diabetes mellitus, coronary artery disease- acute coronary syndrome and acute cerebrovascular thrombosis	aliases	type 2 diabetes mellitus, coronary artery disease- acute coronary syndrome and acute cerebrovascular thrombosis	normalized_substring
target	type 2 diabetes mellitus	type 2 diabetes mellitus	ENT_4CE8C4CAB631FD2DAAE6	type 2 diabetes mellitus, coronary artery disease- acute coronary syndrome and acute cerebrovascular thrombosis	display_name	type 2 diabetes mellitus, coronary artery disease- acute coronary syndrome and acute cerebrovascular thrombosis	normalized_substring
target	type 2 diabetes mellitus	type 2 diabetes mellitus	ENT_4D6FC7B85D1ED3337741	type 2 diabetes mellitus complicated coronary heart disease	aliases	type 2 diabetes mellitus complicated coronary heart disease	normalized_substring
target	type 2 diabetes mellitus	type 2 diabetes mellitus	ENT_4D6FC7B85D1ED3337741	type 2 diabetes mellitus complicated coronary heart disease	display_name	type 2 diabetes mellitus complicated coronary heart disease	normalized_substring
target	type 2 diabetes mellitus	type 2 diabetes mellitus	ENT_4DFAB86B454F1474CF35	type 2 diabetes mellitus complicated by infarction of the brain	aliases	type 2 diabetes mellitus complicated by infarction of the brain	normalized_substring
target	type 2 diabetes mellitus	type 2 diabetes mellitus	ENT_4DFAB86B454F1474CF35	type 2 diabetes mellitus complicated by infarction of the brain	display_name	type 2 diabetes mellitus complicated by infarction of the brain	normalized_substring
target	type 2 diabetes mellitus	type 2 diabetes mellitus	ENT_4DFC9013843B5ACDA9F8	type 2 diabetes mellitus associated with hypertension	aliases	type 2 diabetes mellitus associated with hypertension	normalized_substring
target	type 2 diabetes mellitus	type 2 diabetes mellitus	ENT_4DFC9013843B5ACDA9F8	type 2 diabetes mellitus associated with hypertension	display_name	type 2 diabetes mellitus associated with hypertension	normalized_substring
target	type 2 diabetes mellitus	type 2 diabetes mellitus	ENT_4EBFC2B3B67699308004	hyperactivity of type 2 diabetes mellitus platelets	aliases	hyperactivity of type 2 diabetes mellitus platelets	normalized_substring
target	type 2 diabetes mellitus	type 2 diabetes mellitus	ENT_4EBFC2B3B67699308004	hyperactivity of type 2 diabetes mellitus platelets	display_name	hyperactivity of type 2 diabetes mellitus platelets	normalized_substring
target	type 2 diabetes mellitus	type 2 diabetes mellitus	ENT_4EE34DA4667E45584849	hypertension complicated with type 2 diabetes mellitus	aliases	hypertension complicated with type 2 diabetes mellitus	normalized_substring
target	type 2 diabetes mellitus	type 2 diabetes mellitus	ENT_4EE34DA4667E45584849	hypertension complicated with type 2 diabetes mellitus	display_name	hypertension complicated with type 2 diabetes mellitus	normalized_substring
target	type 2 diabetes mellitus	type 2 diabetes mellitus	ENT_509BD72AAD5E2DA68369	single type 2 diabetes mellitus	aliases	single type 2 diabetes mellitus	normalized_substring
target	type 2 diabetes mellitus	type 2 diabetes mellitus	ENT_509BD72AAD5E2DA68369	single type 2 diabetes mellitus	display_name	single type 2 diabetes mellitus	normalized_substring
target	type 2 diabetes mellitus	type 2 diabetes mellitus	ENT_529ED2583C14458F4B09	obese children with type 2 diabetes mellitus	aliases	obese children with type 2 diabetes mellitus	normalized_substring
target	type 2 diabetes mellitus	type 2 diabetes mellitus	ENT_529ED2583C14458F4B09	obese children with type 2 diabetes mellitus	display_name	obese children with type 2 diabetes mellitus	normalized_substring
target	type 2 diabetes mellitus	type 2 diabetes mellitus	ENT_533040FD7536284DC5A7	CPG on Management of Type 2 Diabetes Mellitus	aliases	CPG on Management of Type 2 Diabetes Mellitus	normalized_substring
target	type 2 diabetes mellitus	type 2 diabetes mellitus	ENT_533040FD7536284DC5A7	CPG on Management of Type 2 Diabetes Mellitus	display_name	CPG on Management of Type 2 Diabetes Mellitus	normalized_substring
target	type 2 diabetes mellitus	type 2 diabetes mellitus	ENT_537749F377E46C4051B5	abnormal level of insulin and glycemia in type 2 diabetes mellitus	aliases	abnormal level of insulin and glycemia in type 2 diabetes mellitus	normalized_substring
target	type 2 diabetes mellitus	type 2 diabetes mellitus	ENT_537749F377E46C4051B5	abnormal level of insulin and glycemia in type 2 diabetes mellitus	display_name	abnormal level of insulin and glycemia in type 2 diabetes mellitus	normalized_substring
target	type 2 diabetes mellitus	type 2 diabetes mellitus	ENT_53A4C490F7223959DD99	patients with type 2 diabetes mellitus and hypothyroidism	aliases	patients with type 2 diabetes mellitus and hypothyroidism	normalized_substring
target	type 2 diabetes mellitus	type 2 diabetes mellitus	ENT_53A4C490F7223959DD99	patients with type 2 diabetes mellitus and hypothyroidism	display_name	patients with type 2 diabetes mellitus and hypothyroidism	normalized_substring
target	type 2 diabetes mellitus	type 2 diabetes mellitus	ENT_546EA08FA72122BFCC5C	early vascular complications in patients with type 2 diabetes mellitus	aliases	early vascular complications in patients with type 2 diabetes mellitus	normalized_substring
target	type 2 diabetes mellitus	type 2 diabetes mellitus	ENT_546EA08FA72122BFCC5C	early vascular complications in patients with type 2 diabetes mellitus	display_name	early vascular complications in patients with type 2 diabetes mellitus	normalized_substring
target	type 2 diabetes mellitus	type 2 diabetes mellitus	ENT_54A65E33484F66E34CFF	coronary artery disease with type 2 diabetes mellitus	aliases	coronary artery disease with type 2 diabetes mellitus	normalized_substring
target	type 2 diabetes mellitus	type 2 diabetes mellitus	ENT_54A65E33484F66E34CFF	coronary artery disease with type 2 diabetes mellitus	display_name	coronary artery disease with type 2 diabetes mellitus	normalized_substring
target	type 2 diabetes mellitus	type 2 diabetes mellitus	ENT_54BCC932BF855FDA131C	effect of gastric bypass surgery on type-2 diabetes mellitus	aliases	effect of gastric bypass surgery on type-2 diabetes mellitus	normalized_substring
target	type 2 diabetes mellitus	type 2 diabetes mellitus	ENT_54BCC932BF855FDA131C	effect of gastric bypass surgery on type-2 diabetes mellitus	display_name	effect of gastric bypass surgery on type-2 diabetes mellitus	normalized_substring
target	type 2 diabetes mellitus	type 2 diabetes mellitus	ENT_551382EB4CF9D27D128F	obesity combined with type 2 diabetes mellitus	aliases	obesity combined with type 2 diabetes mellitus	normalized_substring
target	type 2 diabetes mellitus	type 2 diabetes mellitus	ENT_551382EB4CF9D27D128F	obesity combined with type 2 diabetes mellitus	display_name	obesity combined with type 2 diabetes mellitus	normalized_substring
target	type 2 diabetes mellitus	type 2 diabetes mellitus	ENT_55A43440E0D69A462CC7	type 2 diabetes mellitus with refractory hypertension	aliases	type 2 diabetes mellitus with refractory hypertension	normalized_substring
target	type 2 diabetes mellitus	type 2 diabetes mellitus	ENT_55A43440E0D69A462CC7	type 2 diabetes mellitus with refractory hypertension	display_name	type 2 diabetes mellitus with refractory hypertension	normalized_substring
target	type 2 diabetes mellitus	type 2 diabetes mellitus	ENT_55FC9A19D72775AB4C18	type 2 diabetes mellitus complicated with cerebral infarction	aliases	type 2 diabetes mellitus complicated with cerebral infarction	normalized_substring
target	type 2 diabetes mellitus	type 2 diabetes mellitus	ENT_55FC9A19D72775AB4C18	type 2 diabetes mellitus complicated with cerebral infarction	display_name	type 2 diabetes mellitus complicated with cerebral infarction	normalized_substring
target	type 2 diabetes mellitus	type 2 diabetes mellitus	ENT_560F371834367A0C5914	type 2 diabetes mellitus without obesity	aliases	type 2 diabetes mellitus without obesity	normalized_substring
target	type 2 diabetes mellitus	type 2 diabetes mellitus	ENT_560F371834367A0C5914	type 2 diabetes mellitus without obesity	display_name	type 2 diabetes mellitus without obesity	normalized_substring
target	type 2 diabetes mellitus	type 2 diabetes mellitus	ENT_589C1F948B80845C1D6B	type 2 diabetes mellitus with early nephropathy	aliases	type 2 diabetes mellitus with early nephropathy	normalized_substring
target	type 2 diabetes mellitus	type 2 diabetes mellitus	ENT_589C1F948B80845C1D6B	type 2 diabetes mellitus with early nephropathy	display_name	type 2 diabetes mellitus with early nephropathy	normalized_substring
target	type 2 diabetes mellitus	type 2 diabetes mellitus	ENT_58CC21B1F9E0C86F975E	older women with arterial hypertension, type 2 diabetes mellitus, obesity, and atrial fibrillation	aliases	older women with arterial hypertension, type 2 diabetes mellitus, obesity, and atrial fibrillation	normalized_substring
target	type 2 diabetes mellitus	type 2 diabetes mellitus	ENT_58CC21B1F9E0C86F975E	older women with arterial hypertension, type 2 diabetes mellitus, obesity, and atrial fibrillation	display_name	older women with arterial hypertension, type 2 diabetes mellitus, obesity, and atrial fibrillation	normalized_substring
target	type 2 diabetes mellitus	type 2 diabetes mellitus	ENT_58EA3B83A7071EF550EF	murine and human obesity/type 2 diabetes mellitus	aliases	murine and human obesity/type 2 diabetes mellitus	normalized_substring
target	type 2 diabetes mellitus	type 2 diabetes mellitus	ENT_58EA3B83A7071EF550EF	murine and human obesity/type 2 diabetes mellitus	display_name	murine and human obesity/type 2 diabetes mellitus	normalized_substring
target	type 2 diabetes mellitus	type 2 diabetes mellitus	ENT_59AA0D28DA1AFB18478E	etiology and pathogenesis of type 2 diabetes mellitus complicated with hematologic abnormalities	aliases	etiology and pathogenesis of type 2 diabetes mellitus complicated with hematologic abnormalities	normalized_substring
target	type 2 diabetes mellitus	type 2 diabetes mellitus	ENT_59AA0D28DA1AFB18478E	etiology and pathogenesis of type 2 diabetes mellitus complicated with hematologic abnormalities	display_name	etiology and pathogenesis of type 2 diabetes mellitus complicated with hematologic abnormalities	normalized_substring
target	type 2 diabetes mellitus	type 2 diabetes mellitus	ENT_5A636D7F9160138A18A1	macroangiopathy of type 2 diabetes mellitus	aliases	macroangiopathy of type 2 diabetes mellitus	normalized_substring
target	type 2 diabetes mellitus	type 2 diabetes mellitus	ENT_5A636D7F9160138A18A1	macroangiopathy of type 2 diabetes mellitus	display_name	macroangiopathy of type 2 diabetes mellitus	normalized_substring
target	type 2 diabetes mellitus	type 2 diabetes mellitus	ENT_5A8A3F80F06F17A3B60B	early renal injury in type 2 diabetes mellitus	aliases	early renal injury in type 2 diabetes mellitus	normalized_substring
target	type 2 diabetes mellitus	type 2 diabetes mellitus	ENT_5A8A3F80F06F17A3B60B	early renal injury in type 2 diabetes mellitus	display_name	early renal injury in type 2 diabetes mellitus	normalized_substring
target	type 2 diabetes mellitus	type 2 diabetes mellitus	ENT_5AAC62BF64F2CB16616B	chronic complication in type 2 diabetes mellitus	aliases	chronic complication in type 2 diabetes mellitus	normalized_substring
target	type 2 diabetes mellitus	type 2 diabetes mellitus	ENT_5AAC62BF64F2CB16616B	chronic complication in type 2 diabetes mellitus	display_name	chronic complication in type 2 diabetes mellitus	normalized_substring
target	type 2 diabetes mellitus	type 2 diabetes mellitus	ENT_5AC052BA1C6DCE9F3E2B	susceptibility for type 2 diabetes mellitus	aliases	susceptibility for type 2 diabetes mellitus	normalized_substring
target	type 2 diabetes mellitus	type 2 diabetes mellitus	ENT_5AC052BA1C6DCE9F3E2B	susceptibility for type 2 diabetes mellitus	display_name	susceptibility for type 2 diabetes mellitus	normalized_substring
target	type 2 diabetes mellitus	type 2 diabetes mellitus	ENT_5BA58FADA09F671A71CF	vascular complications in type 2 diabetes mellitus	aliases	vascular complications in type 2 diabetes mellitus	normalized_substring
target	type 2 diabetes mellitus	type 2 diabetes mellitus	ENT_5BA58FADA09F671A71CF	vascular complications in type 2 diabetes mellitus	display_name	vascular complications in type 2 diabetes mellitus	normalized_substring
target	type 2 diabetes mellitus	type 2 diabetes mellitus	ENT_5C2B85BA736156C644F7	development of type 2 diabetes mellitus	aliases	development of type 2 diabetes mellitus	normalized_substring
target	type 2 diabetes mellitus	type 2 diabetes mellitus	ENT_5C2B85BA736156C644F7	development of type 2 diabetes mellitus	display_name	development of type 2 diabetes mellitus	normalized_substring
target	type 2 diabetes mellitus	type 2 diabetes mellitus	ENT_5D55EA8BF19CB36D6373	type 2 diabetes mellitus retinopathy severity	aliases	type 2 diabetes mellitus retinopathy severity	normalized_substring
target	type 2 diabetes mellitus	type 2 diabetes mellitus	ENT_5D55EA8BF19CB36D6373	type 2 diabetes mellitus retinopathy severity	display_name	type 2 diabetes mellitus retinopathy severity	normalized_substring
target	type 2 diabetes mellitus	type 2 diabetes mellitus	ENT_5E0E819C505862AD9774	nonalcoholic fatty liver disease combined with type 2 diabetes mellitus	aliases	nonalcoholic fatty liver disease combined with type 2 diabetes mellitus	normalized_substring
target	type 2 diabetes mellitus	type 2 diabetes mellitus	ENT_5E0E819C505862AD9774	nonalcoholic fatty liver disease combined with type 2 diabetes mellitus	display_name	nonalcoholic fatty liver disease combined with type 2 diabetes mellitus	normalized_substring
target	type 2 diabetes mellitus	type 2 diabetes mellitus	ENT_5F0F043FA3505A00DD23	type 2 diabetes mellitus (T2 DM)	aliases	type 2 diabetes mellitus (T2 DM)	normalized_substring
target	type 2 diabetes mellitus	type 2 diabetes mellitus	ENT_5F0F043FA3505A00DD23	type 2 diabetes mellitus (T2 DM)	display_name	type 2 diabetes mellitus (T2 DM)	normalized_substring
target	type 2 diabetes mellitus	type 2 diabetes mellitus	ENT_5F5EBA3495046D4FB3D6	type 2 diabetes mellitus of qi-yin deficiency syndrome	aliases	type 2 diabetes mellitus of qi-yin deficiency syndrome	normalized_substring
target	type 2 diabetes mellitus	type 2 diabetes mellitus	ENT_5F5EBA3495046D4FB3D6	type 2 diabetes mellitus of qi-yin deficiency syndrome	display_name	type 2 diabetes mellitus of qi-yin deficiency syndrome	normalized_substring
target	type 2 diabetes mellitus	type 2 diabetes mellitus	ENT_603F6DCD875AD1AAA066	chronic complications of type 2 diabetes mellitus	aliases	chronic complications of type 2 diabetes mellitus	normalized_substring
target	type 2 diabetes mellitus	type 2 diabetes mellitus	ENT_603F6DCD875AD1AAA066	chronic complications of type 2 diabetes mellitus	display_name	chronic complications of type 2 diabetes mellitus	normalized_substring
target	type 2 diabetes mellitus	type 2 diabetes mellitus	ENT_60CD3B7547275C47F19A	Ketosis-prone type 2 diabetes mellitus patients with different situations of pancreatic islet β-cell autoimmunity and function	aliases	Ketosis-prone type 2 diabetes mellitus patients with different situations of pancreatic islet β-cell autoimmunity and function	normalized_substring
target	type 2 diabetes mellitus	type 2 diabetes mellitus	ENT_60CD3B7547275C47F19A	Ketosis-prone type 2 diabetes mellitus patients with different situations of pancreatic islet β-cell autoimmunity and function	display_name	Ketosis-prone type 2 diabetes mellitus patients with different situations of pancreatic islet β-cell autoimmunity and function	normalized_substring
target	type 2 diabetes mellitus	type 2 diabetes mellitus	ENT_61C20F2F869CC60A075E	pedigrees of type 2 diabetes mellitus	aliases	pedigrees of type 2 diabetes mellitus	normalized_substring
target	type 2 diabetes mellitus	type 2 diabetes mellitus	ENT_61C20F2F869CC60A075E	pedigrees of type 2 diabetes mellitus	display_name	pedigrees of type 2 diabetes mellitus	normalized_substring
target	type 2 diabetes mellitus	type 2 diabetes mellitus	ENT_6563191B61F1FD444CFE	type 2 diabetes mellitus with urinary tract infection	aliases	type 2 diabetes mellitus with urinary tract infection	normalized_substring
target	type 2 diabetes mellitus	type 2 diabetes mellitus	ENT_6563191B61F1FD444CFE	type 2 diabetes mellitus with urinary tract infection	display_name	type 2 diabetes mellitus with urinary tract infection	normalized_substring
target	type 2 diabetes mellitus	type 2 diabetes mellitus	ENT_65E60A1CF3A67896318D	type 2 diabetes mellitus complicated with NAFLD	aliases	type 2 diabetes mellitus complicated with NAFLD	normalized_substring
target	type 2 diabetes mellitus	type 2 diabetes mellitus	ENT_65E60A1CF3A67896318D	type 2 diabetes mellitus complicated with NAFLD	display_name	type 2 diabetes mellitus complicated with NAFLD	normalized_substring
target	type 2 diabetes mellitus	type 2 diabetes mellitus	ENT_65E72A7EEB4AED9EE2CB	subjects with impaired glucose tolerance and type 2 diabetes mellitus	aliases	subjects with impaired glucose tolerance and type 2 diabetes mellitus	normalized_substring
target	type 2 diabetes mellitus	type 2 diabetes mellitus	ENT_65E72A7EEB4AED9EE2CB	subjects with impaired glucose tolerance and type 2 diabetes mellitus	display_name	subjects with impaired glucose tolerance and type 2 diabetes mellitus	normalized_substring
target	type 2 diabetes mellitus	type 2 diabetes mellitus	ENT_66D852EC6277E54A9FB6	type 2 diabetes mellitus without obesity group	aliases	type 2 diabetes mellitus without obesity group	normalized_substring
target	type 2 diabetes mellitus	type 2 diabetes mellitus	ENT_66D852EC6277E54A9FB6	type 2 diabetes mellitus without obesity group	display_name	type 2 diabetes mellitus without obesity group	normalized_substring
target	type 2 diabetes mellitus	type 2 diabetes mellitus	ENT_67EFB223AEAAA6ACCDC2	course of Type 2 diabetes mellitus	aliases	course of Type 2 diabetes mellitus	normalized_substring
target	type 2 diabetes mellitus	type 2 diabetes mellitus	ENT_67EFB223AEAAA6ACCDC2	course of Type 2 diabetes mellitus	aliases	course of type 2 diabetes mellitus	normalized_substring
target	type 2 diabetes mellitus	type 2 diabetes mellitus	ENT_67EFB223AEAAA6ACCDC2	course of Type 2 diabetes mellitus	display_name	course of Type 2 diabetes mellitus	normalized_substring
target	type 2 diabetes mellitus	type 2 diabetes mellitus	ENT_69D6DD485C62F1999576	type 2 diabetes mellitus and essential hypertension	aliases	type 2 diabetes mellitus and essential hypertension	normalized_substring
target	type 2 diabetes mellitus	type 2 diabetes mellitus	ENT_69D6DD485C62F1999576	type 2 diabetes mellitus and essential hypertension	display_name	type 2 diabetes mellitus and essential hypertension	normalized_substring
target	type 2 diabetes mellitus	type 2 diabetes mellitus	ENT_6A9D978A0EB0FF89A2BB	morbid obesity complicated with type 2 diabetes mellitus	aliases	morbid obesity complicated with type 2 diabetes mellitus	normalized_substring
target	type 2 diabetes mellitus	type 2 diabetes mellitus	ENT_6A9D978A0EB0FF89A2BB	morbid obesity complicated with type 2 diabetes mellitus	display_name	morbid obesity complicated with type 2 diabetes mellitus	normalized_substring
target	type 2 diabetes mellitus	type 2 diabetes mellitus	ENT_6B8B95726F5BA0B9863B	type 2 diabetes mellitus with heart failure	aliases	type 2 diabetes mellitus with heart failure	normalized_substring
target	type 2 diabetes mellitus	type 2 diabetes mellitus	ENT_6B8B95726F5BA0B9863B	type 2 diabetes mellitus with heart failure	display_name	type 2 diabetes mellitus with heart failure	normalized_substring
target	type 2 diabetes mellitus	type 2 diabetes mellitus	ENT_6C0C0A20EB15393DC54E	pathogenesis of type 2 diabetes mellitus with microangiopathy	aliases	pathogenesis of type 2 diabetes mellitus with microangiopathy	normalized_substring
target	type 2 diabetes mellitus	type 2 diabetes mellitus	ENT_6C0C0A20EB15393DC54E	pathogenesis of type 2 diabetes mellitus with microangiopathy	display_name	pathogenesis of type 2 diabetes mellitus with microangiopathy	normalized_substring
target	type 2 diabetes mellitus	type 2 diabetes mellitus	ENT_6C29B748A176022B1BF7	pathogenesis of type 2 diabetes mellitus	aliases	pathogenesis of type 2 diabetes mellitus	normalized_substring
target	type 2 diabetes mellitus	type 2 diabetes mellitus	ENT_6C29B748A176022B1BF7	pathogenesis of type 2 diabetes mellitus	display_name	pathogenesis of type 2 diabetes mellitus	normalized_substring
target	type 2 diabetes mellitus	type 2 diabetes mellitus	ENT_6D62C54479826D3F69EA	type 2 diabetes mellitus complicated with ischemic cerebrovascular disease	aliases	type 2 diabetes mellitus complicated with ischemic cerebrovascular disease	normalized_substring
target	type 2 diabetes mellitus	type 2 diabetes mellitus	ENT_6D62C54479826D3F69EA	type 2 diabetes mellitus complicated with ischemic cerebrovascular disease	display_name	type 2 diabetes mellitus complicated with ischemic cerebrovascular disease	normalized_substring
target	type 2 diabetes mellitus	type 2 diabetes mellitus	ENT_6DC096A18A81F97980B5	Type 2 diabetes mellitus and insulin resistance (T2DM/IR)	aliases	Type 2 diabetes mellitus and insulin resistance (T2DM/IR)	normalized_substring
target	type 2 diabetes mellitus	type 2 diabetes mellitus	ENT_6DC096A18A81F97980B5	Type 2 diabetes mellitus and insulin resistance (T2DM/IR)	display_name	Type 2 diabetes mellitus and insulin resistance (T2DM/IR)	normalized_substring
target	type 2 diabetes mellitus	type 2 diabetes mellitus	ENT_6E9A697880C171B59B21	normoglycemic first-degree relatives of type 2 diabetes mellitus	aliases	normoglycemic first-degree relatives of type 2 diabetes mellitus	normalized_substring
target	type 2 diabetes mellitus	type 2 diabetes mellitus	ENT_6E9A697880C171B59B21	normoglycemic first-degree relatives of type 2 diabetes mellitus	display_name	normoglycemic first-degree relatives of type 2 diabetes mellitus	normalized_substring
target	type 2 diabetes mellitus	type 2 diabetes mellitus	ENT_6EC206906F9097AE5FF3	inadequately controlled type 2 diabetes mellitus	aliases	inadequately controlled type 2 diabetes mellitus	normalized_substring
target	type 2 diabetes mellitus	type 2 diabetes mellitus	ENT_6EC206906F9097AE5FF3	inadequately controlled type 2 diabetes mellitus	display_name	inadequately controlled type 2 diabetes mellitus	normalized_substring
target	type 2 diabetes mellitus	type 2 diabetes mellitus	ENT_6F63756E3BB081F023A2	early type 2 diabetes mellitus	aliases	early type 2 diabetes mellitus	normalized_substring
target	type 2 diabetes mellitus	type 2 diabetes mellitus	ENT_6F63756E3BB081F023A2	early type 2 diabetes mellitus	display_name	early type 2 diabetes mellitus	normalized_substring
target	type 2 diabetes mellitus	type 2 diabetes mellitus	ENT_7069BB5B1D59D8BA7C1E	type 2 diabetes mellitus macro-vascular complication	aliases	type 2 diabetes mellitus macro-vascular complication	normalized_substring
target	type 2 diabetes mellitus	type 2 diabetes mellitus	ENT_7069BB5B1D59D8BA7C1E	type 2 diabetes mellitus macro-vascular complication	display_name	type 2 diabetes mellitus macro-vascular complication	normalized_substring
target	type 2 diabetes mellitus	type 2 diabetes mellitus	ENT_720621E4F94EC3C4FB75	progression of prediabetes to type 2 diabetes mellitus	aliases	progression of prediabetes to type 2 diabetes mellitus	normalized_substring
target	type 2 diabetes mellitus	type 2 diabetes mellitus	ENT_720621E4F94EC3C4FB75	progression of prediabetes to type 2 diabetes mellitus	display_name	progression of prediabetes to type 2 diabetes mellitus	normalized_substring
target	type 2 diabetes mellitus	type 2 diabetes mellitus	ENT_73DD6B1A054DF5D1A30B	type 2 diabetes mellitus complicated with metabolic syndrome	aliases	type 2 diabetes mellitus complicated with metabolic syndrome	normalized_substring
target	type 2 diabetes mellitus	type 2 diabetes mellitus	ENT_73DD6B1A054DF5D1A30B	type 2 diabetes mellitus complicated with metabolic syndrome	display_name	type 2 diabetes mellitus complicated with metabolic syndrome	normalized_substring
target	type 2 diabetes mellitus	type 2 diabetes mellitus	ENT_741D3DA256153DCDBA68	type 2 diabetes mellitus with lung tuberculosis	aliases	type 2 diabetes mellitus with lung tuberculosis	normalized_substring
target	type 2 diabetes mellitus	type 2 diabetes mellitus	ENT_741D3DA256153DCDBA68	type 2 diabetes mellitus with lung tuberculosis	display_name	type 2 diabetes mellitus with lung tuberculosis	normalized_substring
target	type 2 diabetes mellitus	type 2 diabetes mellitus	ENT_7469EF648EE352E03C7E	type 2 diabetes mellitus with fatty liver disease	aliases	type 2 diabetes mellitus with fatty liver disease	normalized_substring
target	type 2 diabetes mellitus	type 2 diabetes mellitus	ENT_7469EF648EE352E03C7E	type 2 diabetes mellitus with fatty liver disease	display_name	type 2 diabetes mellitus with fatty liver disease	normalized_substring
target	type 2 diabetes mellitus	type 2 diabetes mellitus	ENT_7515E7DD0080F23640E6	coronary artery disease patients with type 2 diabetes mellitus	aliases	coronary artery disease patients with type 2 diabetes mellitus	normalized_substring
target	type 2 diabetes mellitus	type 2 diabetes mellitus	ENT_7515E7DD0080F23640E6	coronary artery disease patients with type 2 diabetes mellitus	display_name	coronary artery disease patients with type 2 diabetes mellitus	normalized_substring
target	type 2 diabetes mellitus	type 2 diabetes mellitus	ENT_7598D8E83648CD35D4ED	metabolic syndrome x with type 2 diabetes mellitus	aliases	metabolic syndrome x with type 2 diabetes mellitus	normalized_substring
target	type 2 diabetes mellitus	type 2 diabetes mellitus	ENT_7598D8E83648CD35D4ED	metabolic syndrome x with type 2 diabetes mellitus	display_name	metabolic syndrome x with type 2 diabetes mellitus	normalized_substring
target	type 2 diabetes mellitus	type 2 diabetes mellitus	ENT_7619485CED0DC3F2D5BA	type 2 diabetes mellitus with abnormal bone metabolism	aliases	type 2 diabetes mellitus with abnormal bone metabolism	normalized_substring
target	type 2 diabetes mellitus	type 2 diabetes mellitus	ENT_7619485CED0DC3F2D5BA	type 2 diabetes mellitus with abnormal bone metabolism	display_name	type 2 diabetes mellitus with abnormal bone metabolism	normalized_substring
target	type 2 diabetes mellitus	type 2 diabetes mellitus	ENT_762D92E184C4F15A2696	Type 2 diabetes mellitus therapy	aliases	Type 2 diabetes mellitus therapy	normalized_substring
target	type 2 diabetes mellitus	type 2 diabetes mellitus	ENT_762D92E184C4F15A2696	Type 2 diabetes mellitus therapy	display_name	Type 2 diabetes mellitus therapy	normalized_substring
target	type 2 diabetes mellitus	type 2 diabetes mellitus	ENT_76C5003523242606BF7F	type 2 diabetes mellitus	aliases	Type 2 Diabetes Mellitus	normalized_substring
target	type 2 diabetes mellitus	type 2 diabetes mellitus	ENT_76C5003523242606BF7F	type 2 diabetes mellitus	aliases	Type 2 Diabetes mellitus	normalized_substring
target	type 2 diabetes mellitus	type 2 diabetes mellitus	ENT_76C5003523242606BF7F	type 2 diabetes mellitus	aliases	Type 2 diabetes mellitus	normalized_substring
target	type 2 diabetes mellitus	type 2 diabetes mellitus	ENT_76C5003523242606BF7F	type 2 diabetes mellitus	aliases	Type-2 Diabetes Mellitus	normalized_substring
target	type 2 diabetes mellitus	type 2 diabetes mellitus	ENT_76C5003523242606BF7F	type 2 diabetes mellitus	aliases	Type-2 diabetes mellitus	normalized_substring
target	type 2 diabetes mellitus	type 2 diabetes mellitus	ENT_76C5003523242606BF7F	type 2 diabetes mellitus	aliases	type - 2 diabetes mellitus	normalized_substring
target	type 2 diabetes mellitus	type 2 diabetes mellitus	ENT_76C5003523242606BF7F	type 2 diabetes mellitus	aliases	type 2 Diabetes Mellitus	normalized_substring
target	type 2 diabetes mellitus	type 2 diabetes mellitus	ENT_76C5003523242606BF7F	type 2 diabetes mellitus	aliases	type 2 Diabetes mellitus	normalized_substring
target	type 2 diabetes mellitus	type 2 diabetes mellitus	ENT_76C5003523242606BF7F	type 2 diabetes mellitus	aliases	type 2 diabetes mellitus	normalized_substring
target	type 2 diabetes mellitus	type 2 diabetes mellitus	ENT_76C5003523242606BF7F	type 2 diabetes mellitus	aliases	type 2-diabetes Mellitus	normalized_substring
target	type 2 diabetes mellitus	type 2 diabetes mellitus	ENT_76C5003523242606BF7F	type 2 diabetes mellitus	aliases	type-2 Diabetes mellitus	normalized_substring
target	type 2 diabetes mellitus	type 2 diabetes mellitus	ENT_76C5003523242606BF7F	type 2 diabetes mellitus	aliases	type-2 diabetes mellitus	normalized_substring
target	type 2 diabetes mellitus	type 2 diabetes mellitus	ENT_76C5003523242606BF7F	type 2 diabetes mellitus	display_name	type 2 diabetes mellitus	normalized_substring
target	type 2 diabetes mellitus	type 2 diabetes mellitus	ENT_76FBA7AC24506979A284	type 2 diabetes mellitus combined with sleep disorder	aliases	type 2 diabetes mellitus combined with sleep disorder	normalized_substring
target	type 2 diabetes mellitus	type 2 diabetes mellitus	ENT_76FBA7AC24506979A284	type 2 diabetes mellitus combined with sleep disorder	display_name	type 2 diabetes mellitus combined with sleep disorder	normalized_substring
target	type 2 diabetes mellitus	type 2 diabetes mellitus	ENT_7774944CF19DFCF5F891	Type 2 Diabetes Mellitus and its cardiovascular and cerebrovascular complications	aliases	Type 2 Diabetes Mellitus and its cardiovascular and cerebrovascular complications	normalized_substring
target	type 2 diabetes mellitus	type 2 diabetes mellitus	ENT_7774944CF19DFCF5F891	Type 2 Diabetes Mellitus and its cardiovascular and cerebrovascular complications	display_name	Type 2 Diabetes Mellitus and its cardiovascular and cerebrovascular complications	normalized_substring
target	type 2 diabetes mellitus	type 2 diabetes mellitus	ENT_79BF66C8AE6C8E68D689	type 2 diabetes mellitus complicated with renal disease	aliases	type 2 diabetes mellitus complicated with renal disease	normalized_substring
target	type 2 diabetes mellitus	type 2 diabetes mellitus	ENT_79BF66C8AE6C8E68D689	type 2 diabetes mellitus complicated with renal disease	display_name	type 2 diabetes mellitus complicated with renal disease	normalized_substring
target	type 2 diabetes mellitus	type 2 diabetes mellitus	ENT_7CABD109E199B5479D4F	primigravidas with mothers suffered from type 2 diabetes mellitus	aliases	primigravidas with mothers suffered from type 2 diabetes mellitus	normalized_substring
target	type 2 diabetes mellitus	type 2 diabetes mellitus	ENT_7CABD109E199B5479D4F	primigravidas with mothers suffered from type 2 diabetes mellitus	display_name	primigravidas with mothers suffered from type 2 diabetes mellitus	normalized_substring
target	type 2 diabetes mellitus	type 2 diabetes mellitus	ENT_7EB6F091420A885689DE	a new group other than type 1 or type 2 diabetes mellitus	aliases	a new group other than type 1 or type 2 diabetes mellitus	normalized_substring
target	type 2 diabetes mellitus	type 2 diabetes mellitus	ENT_7EB6F091420A885689DE	a new group other than type 1 or type 2 diabetes mellitus	display_name	a new group other than type 1 or type 2 diabetes mellitus	normalized_substring
target	type 2 diabetes mellitus	type 2 diabetes mellitus	ENT_7F0634EE18D5FF185FA6	CAD patients with type 2 diabetes mellitus	aliases	CAD patients with type 2 diabetes mellitus	normalized_substring
target	type 2 diabetes mellitus	type 2 diabetes mellitus	ENT_7F0634EE18D5FF185FA6	CAD patients with type 2 diabetes mellitus	display_name	CAD patients with type 2 diabetes mellitus	normalized_substring
target	type 2 diabetes mellitus	type 2 diabetes mellitus	ENT_7F3F30ED7AC3C792FC63	type 2 diabetes mellitus complicated vegetative nerve lesion	aliases	type 2 diabetes mellitus complicated vegetative nerve lesion	normalized_substring
target	type 2 diabetes mellitus	type 2 diabetes mellitus	ENT_7F3F30ED7AC3C792FC63	type 2 diabetes mellitus complicated vegetative nerve lesion	display_name	type 2 diabetes mellitus complicated vegetative nerve lesion	normalized_substring
target	type 2 diabetes mellitus	type 2 diabetes mellitus	ENT_7F470A80532E8DB1DC4A	early diagnosis of type 2 diabetes mellitus with angiopathy	aliases	early diagnosis of type 2 diabetes mellitus with angiopathy	normalized_substring
target	type 2 diabetes mellitus	type 2 diabetes mellitus	ENT_7F470A80532E8DB1DC4A	early diagnosis of type 2 diabetes mellitus with angiopathy	display_name	early diagnosis of type 2 diabetes mellitus with angiopathy	normalized_substring
target	type 2 diabetes mellitus	type 2 diabetes mellitus	ENT_7F52B605B51B113A4DA7	type 2 diabetes mellitus combined metabolic syndrome	aliases	type 2 diabetes mellitus combined metabolic syndrome	normalized_substring
target	type 2 diabetes mellitus	type 2 diabetes mellitus	ENT_7F52B605B51B113A4DA7	type 2 diabetes mellitus combined metabolic syndrome	display_name	type 2 diabetes mellitus combined metabolic syndrome	normalized_substring
target	type 2 diabetes mellitus	type 2 diabetes mellitus	ENT_81211EC373AAACFECEAE	type 2 diabetes mellitus with complications of diabetic retinopathy	aliases	type 2 diabetes mellitus with complications of diabetic retinopathy	normalized_substring
target	type 2 diabetes mellitus	type 2 diabetes mellitus	ENT_81211EC373AAACFECEAE	type 2 diabetes mellitus with complications of diabetic retinopathy	display_name	type 2 diabetes mellitus with complications of diabetic retinopathy	normalized_substring
target	type 2 diabetes mellitus	type 2 diabetes mellitus	ENT_81FAC60E31E77F0262C8	Type 2 diabetes mellitus combined with subclinical hypothyroidism	aliases	Type 2 diabetes mellitus combined with subclinical hypothyroidism	normalized_substring
target	type 2 diabetes mellitus	type 2 diabetes mellitus	ENT_81FAC60E31E77F0262C8	Type 2 diabetes mellitus combined with subclinical hypothyroidism	display_name	Type 2 diabetes mellitus combined with subclinical hypothyroidism	normalized_substring
target	type 2 diabetes mellitus	type 2 diabetes mellitus	ENT_829C8BBA0F5F688CF7F5	type 2 diabetes mellitus complicated with non-alcoholic fatty liver disease	aliases	type 2 diabetes mellitus complicated with non-alcoholic fatty liver disease	normalized_substring
target	type 2 diabetes mellitus	type 2 diabetes mellitus	ENT_829C8BBA0F5F688CF7F5	type 2 diabetes mellitus complicated with non-alcoholic fatty liver disease	display_name	type 2 diabetes mellitus complicated with non-alcoholic fatty liver disease	normalized_substring
target	type 2 diabetes mellitus	type 2 diabetes mellitus	ENT_83A58B38F7EF742841D6	type 2 diabetes mellitus (T2DM)-cardiovascular disease (CVD) co-morbidity	aliases	type 2 diabetes mellitus (T2DM)-cardiovascular disease (CVD) co-morbidity	normalized_substring
target	type 2 diabetes mellitus	type 2 diabetes mellitus	ENT_83A58B38F7EF742841D6	type 2 diabetes mellitus (T2DM)-cardiovascular disease (CVD) co-morbidity	display_name	type 2 diabetes mellitus (T2DM)-cardiovascular disease (CVD) co-morbidity	normalized_substring
target	type 2 diabetes mellitus	type 2 diabetes mellitus	ENT_846CE482E6FBFC6FAED5	metabolic syndrome x with type 2 diabetes mellitus and vascular disease	aliases	metabolic syndrome x with type 2 diabetes mellitus and vascular disease	normalized_substring
target	type 2 diabetes mellitus	type 2 diabetes mellitus	ENT_846CE482E6FBFC6FAED5	metabolic syndrome x with type 2 diabetes mellitus and vascular disease	display_name	metabolic syndrome x with type 2 diabetes mellitus and vascular disease	normalized_substring
target	type 2 diabetes mellitus	type 2 diabetes mellitus	ENT_85421EED0ED2E003280D	type 2 diabetes mellitus complicated with the hypertension	aliases	type 2 diabetes mellitus complicated with the hypertension	normalized_substring
target	type 2 diabetes mellitus	type 2 diabetes mellitus	ENT_85421EED0ED2E003280D	type 2 diabetes mellitus complicated with the hypertension	display_name	type 2 diabetes mellitus complicated with the hypertension	normalized_substring
target	type 2 diabetes mellitus	type 2 diabetes mellitus	ENT_859F3B4DBD88AF1EDCB7	diabetic nephropathy of type 2 diabetes mellitus	aliases	diabetic nephropathy of type 2 diabetes mellitus	normalized_substring
target	type 2 diabetes mellitus	type 2 diabetes mellitus	ENT_859F3B4DBD88AF1EDCB7	diabetic nephropathy of type 2 diabetes mellitus	display_name	diabetic nephropathy of type 2 diabetes mellitus	normalized_substring
target	type 2 diabetes mellitus	type 2 diabetes mellitus	ENT_867475E585338E1DBE91	multiple familial type 2 diabetes mellitus	aliases	multiple familial type 2 diabetes mellitus	normalized_substring
target	type 2 diabetes mellitus	type 2 diabetes mellitus	ENT_867475E585338E1DBE91	multiple familial type 2 diabetes mellitus	display_name	multiple familial type 2 diabetes mellitus	normalized_substring
target	type 2 diabetes mellitus	type 2 diabetes mellitus	ENT_8790BFB94701E01C4149	type 2 diabetes mellitus risk	aliases	type 2 diabetes mellitus risk	normalized_substring
target	type 2 diabetes mellitus	type 2 diabetes mellitus	ENT_8790BFB94701E01C4149	type 2 diabetes mellitus risk	display_name	type 2 diabetes mellitus risk	normalized_substring
target	type 2 diabetes mellitus	type 2 diabetes mellitus	ENT_87B11C58B9A463122F32	type 2 diabetes mellitus and macroangiopathy	aliases	type 2 diabetes mellitus and macroangiopathy	normalized_substring
target	type 2 diabetes mellitus	type 2 diabetes mellitus	ENT_87B11C58B9A463122F32	type 2 diabetes mellitus and macroangiopathy	display_name	type 2 diabetes mellitus and macroangiopathy	normalized_substring
target	type 2 diabetes mellitus	type 2 diabetes mellitus	ENT_87BF0AF37109D6465FB7	susceptibility to type 2 diabetes mellitus	aliases	susceptibility to type 2 diabetes mellitus	normalized_substring
target	type 2 diabetes mellitus	type 2 diabetes mellitus	ENT_87BF0AF37109D6465FB7	susceptibility to type 2 diabetes mellitus	display_name	susceptibility to type 2 diabetes mellitus	normalized_substring
target	type 2 diabetes mellitus	type 2 diabetes mellitus	ENT_8B22900962158C5FA03E	type 2 diabetes mellitus with low triiodothyroxine syndrome	aliases	type 2 diabetes mellitus with low triiodothyroxine syndrome	normalized_substring
target	type 2 diabetes mellitus	type 2 diabetes mellitus	ENT_8B22900962158C5FA03E	type 2 diabetes mellitus with low triiodothyroxine syndrome	display_name	type 2 diabetes mellitus with low triiodothyroxine syndrome	normalized_substring
target	type 2 diabetes mellitus	type 2 diabetes mellitus	ENT_8B5715C0F0E198529C81	type 2 diabetes mellitus affiliated metablic syndrome	aliases	type 2 diabetes mellitus affiliated metablic syndrome	normalized_substring
target	type 2 diabetes mellitus	type 2 diabetes mellitus	ENT_8B5715C0F0E198529C81	type 2 diabetes mellitus affiliated metablic syndrome	display_name	type 2 diabetes mellitus affiliated metablic syndrome	normalized_substring
target	type 2 diabetes mellitus	type 2 diabetes mellitus	ENT_8BFBA2EB68D812E59581	coronary disease and type-2 diabetes mellitus	aliases	coronary disease and type-2 diabetes mellitus	normalized_substring
target	type 2 diabetes mellitus	type 2 diabetes mellitus	ENT_8BFBA2EB68D812E59581	coronary disease and type-2 diabetes mellitus	display_name	coronary disease and type-2 diabetes mellitus	normalized_substring
target	type 2 diabetes mellitus	type 2 diabetes mellitus	ENT_8D94F522AD9EE306FA49	type 2 diabetes mellitus(T2DM) with carotid atherosclerosis(CAS)	aliases	type 2 diabetes mellitus(T2DM) with carotid atherosclerosis(CAS)	normalized_substring
target	type 2 diabetes mellitus	type 2 diabetes mellitus	ENT_8D94F522AD9EE306FA49	type 2 diabetes mellitus(T2DM) with carotid atherosclerosis(CAS)	display_name	type 2 diabetes mellitus(T2DM) with carotid atherosclerosis(CAS)	normalized_substring
target	type 2 diabetes mellitus	type 2 diabetes mellitus	ENT_8DAA650F07BD5C017568	onset pattern of type 2 diabetes mellitus	aliases	onset pattern of type 2 diabetes mellitus	normalized_substring
target	type 2 diabetes mellitus	type 2 diabetes mellitus	ENT_8DAA650F07BD5C017568	onset pattern of type 2 diabetes mellitus	display_name	onset pattern of type 2 diabetes mellitus	normalized_substring
target	type 2 diabetes mellitus	type 2 diabetes mellitus	ENT_8E99E0452D9DEF13BCE0	nonobese Type 2 diabetes mellitus	aliases	nonobese Type 2 diabetes mellitus	normalized_substring
target	type 2 diabetes mellitus	type 2 diabetes mellitus	ENT_8E99E0452D9DEF13BCE0	nonobese Type 2 diabetes mellitus	aliases	nonobese type 2 diabetes mellitus	normalized_substring
target	type 2 diabetes mellitus	type 2 diabetes mellitus	ENT_8E99E0452D9DEF13BCE0	nonobese Type 2 diabetes mellitus	display_name	nonobese Type 2 diabetes mellitus	normalized_substring
target	type 2 diabetes mellitus	type 2 diabetes mellitus	ENT_8E9DA226190B09F753E5	Prevalent Type 2 Diabetes Mellitus	aliases	Prevalent Type 2 Diabetes Mellitus	normalized_substring
target	type 2 diabetes mellitus	type 2 diabetes mellitus	ENT_8E9DA226190B09F753E5	Prevalent Type 2 Diabetes Mellitus	display_name	Prevalent Type 2 Diabetes Mellitus	normalized_substring
target	type 2 diabetes mellitus	type 2 diabetes mellitus	ENT_8EBD43B96617711B4418	first-degree relatives of the patients with type 2 diabetes mellitus	aliases	first-degree relatives of the patients with type 2 diabetes mellitus	normalized_substring
target	type 2 diabetes mellitus	type 2 diabetes mellitus	ENT_8EBD43B96617711B4418	first-degree relatives of the patients with type 2 diabetes mellitus	display_name	first-degree relatives of the patients with type 2 diabetes mellitus	normalized_substring
target	type 2 diabetes mellitus	type 2 diabetes mellitus	ENT_90AA034A822E35CE9C05	risk of type 2 diabetes mellitus	aliases	risk of type 2 diabetes mellitus	normalized_substring
target	type 2 diabetes mellitus	type 2 diabetes mellitus	ENT_90AA034A822E35CE9C05	risk of type 2 diabetes mellitus	display_name	risk of type 2 diabetes mellitus	normalized_substring
target	type 2 diabetes mellitus	type 2 diabetes mellitus	ENT_90D55C73284151E2201D	metabolic syndrome and type 2 diabetes mellitus	aliases	metabolic syndrome and type 2 diabetes mellitus	normalized_substring
target	type 2 diabetes mellitus	type 2 diabetes mellitus	ENT_90D55C73284151E2201D	metabolic syndrome and type 2 diabetes mellitus	display_name	metabolic syndrome and type 2 diabetes mellitus	normalized_substring
target	type 2 diabetes mellitus	type 2 diabetes mellitus	ENT_90DAF465E02D260B8E51	stage-III diabetic nephropathy(DN) in type 2 diabetes mellitus	aliases	stage-III diabetic nephropathy(DN) in type 2 diabetes mellitus	normalized_substring
target	type 2 diabetes mellitus	type 2 diabetes mellitus	ENT_90DAF465E02D260B8E51	stage-III diabetic nephropathy(DN) in type 2 diabetes mellitus	display_name	stage-III diabetic nephropathy(DN) in type 2 diabetes mellitus	normalized_substring
target	type 2 diabetes mellitus	type 2 diabetes mellitus	ENT_918E9C4D3AF41916ED24	type 2 diabetes mellitus and diabetic vascular complications	aliases	type 2 diabetes mellitus and diabetic vascular complications	normalized_substring
target	type 2 diabetes mellitus	type 2 diabetes mellitus	ENT_918E9C4D3AF41916ED24	type 2 diabetes mellitus and diabetic vascular complications	display_name	type 2 diabetes mellitus and diabetic vascular complications	normalized_substring
target	type 2 diabetes mellitus	type 2 diabetes mellitus	ENT_91C8365933F1B453579E	prevalence of type 2 diabetes mellitus	aliases	prevalence of type 2 diabetes mellitus	normalized_substring
target	type 2 diabetes mellitus	type 2 diabetes mellitus	ENT_91C8365933F1B453579E	prevalence of type 2 diabetes mellitus	display_name	prevalence of type 2 diabetes mellitus	normalized_substring
target	type 2 diabetes mellitus	type 2 diabetes mellitus	ENT_91CA8351CDA63276B20A	changes in the retina associated with type 2 diabetes mellitus	aliases	changes in the retina associated with type 2 diabetes mellitus	normalized_substring
target	type 2 diabetes mellitus	type 2 diabetes mellitus	ENT_91CA8351CDA63276B20A	changes in the retina associated with type 2 diabetes mellitus	display_name	changes in the retina associated with type 2 diabetes mellitus	normalized_substring
target	type 2 diabetes mellitus	type 2 diabetes mellitus	ENT_938605723B48B24F769D	newly-diagnosed type 2 diabetes mellitus	aliases	newly diagnosed type 2 diabetes mellitus	normalized_substring
target	type 2 diabetes mellitus	type 2 diabetes mellitus	ENT_938605723B48B24F769D	newly-diagnosed type 2 diabetes mellitus	aliases	newly-diagnosed type 2 diabetes mellitus	normalized_substring
target	type 2 diabetes mellitus	type 2 diabetes mellitus	ENT_938605723B48B24F769D	newly-diagnosed type 2 diabetes mellitus	display_name	newly-diagnosed type 2 diabetes mellitus	normalized_substring
target	type 2 diabetes mellitus	type 2 diabetes mellitus	ENT_94C960ECB57978BB96E9	type 2 diabetes mellitus(T2DM)coexisting major depression	aliases	type 2 diabetes mellitus(T2DM)coexisting major depression	normalized_substring
target	type 2 diabetes mellitus	type 2 diabetes mellitus	ENT_94C960ECB57978BB96E9	type 2 diabetes mellitus(T2DM)coexisting major depression	display_name	type 2 diabetes mellitus(T2DM)coexisting major depression	normalized_substring
target	type 2 diabetes mellitus	type 2 diabetes mellitus	ENT_953523BECF20B2DACC07	type 2 diabetes mellitus with retinopathy	aliases	type 2 diabetes mellitus with retinopathy	normalized_substring
target	type 2 diabetes mellitus	type 2 diabetes mellitus	ENT_953523BECF20B2DACC07	type 2 diabetes mellitus with retinopathy	display_name	type 2 diabetes mellitus with retinopathy	normalized_substring
target	type 2 diabetes mellitus	type 2 diabetes mellitus	ENT_95C48910C80DB7549587	type 2 diabetes mellitus with obese	aliases	type 2 diabetes mellitus with obese	normalized_substring
target	type 2 diabetes mellitus	type 2 diabetes mellitus	ENT_95C48910C80DB7549587	type 2 diabetes mellitus with obese	display_name	type 2 diabetes mellitus with obese	normalized_substring
target	type 2 diabetes mellitus	type 2 diabetes mellitus	ENT_9622190F2D2B8BC4089B	atherosclerosis, type 2 diabetes mellitus	aliases	atherosclerosis, type 2 diabetes mellitus	normalized_substring
target	type 2 diabetes mellitus	type 2 diabetes mellitus	ENT_9622190F2D2B8BC4089B	atherosclerosis, type 2 diabetes mellitus	display_name	atherosclerosis, type 2 diabetes mellitus	normalized_substring
target	type 2 diabetes mellitus	type 2 diabetes mellitus	ENT_970999D59407D80FD943	Current therapeutic strategies of type 2 diabetes mellitus	aliases	Current therapeutic strategies of type 2 diabetes mellitus	normalized_substring
target	type 2 diabetes mellitus	type 2 diabetes mellitus	ENT_970999D59407D80FD943	Current therapeutic strategies of type 2 diabetes mellitus	display_name	Current therapeutic strategies of type 2 diabetes mellitus	normalized_substring
target	type 2 diabetes mellitus	type 2 diabetes mellitus	ENT_983188F543901DB60B24	type 2 diabetes mellitus and obesity	aliases	type 2 diabetes mellitus and obesity	normalized_substring
target	type 2 diabetes mellitus	type 2 diabetes mellitus	ENT_983188F543901DB60B24	type 2 diabetes mellitus and obesity	display_name	type 2 diabetes mellitus and obesity	normalized_substring
target	type 2 diabetes mellitus	type 2 diabetes mellitus	ENT_985FF47A3E5EA9D0E76D	quality of life of patients with type 2 diabetes mellitus	aliases	quality of life of patients with type 2 diabetes mellitus	normalized_substring
target	type 2 diabetes mellitus	type 2 diabetes mellitus	ENT_985FF47A3E5EA9D0E76D	quality of life of patients with type 2 diabetes mellitus	display_name	quality of life of patients with type 2 diabetes mellitus	normalized_substring
target	type 2 diabetes mellitus	type 2 diabetes mellitus	ENT_999953DFB47A5D9D27D2	development of comorbidities, including CHF, type 2 diabetes mellitus and osteoporosis	aliases	development of comorbidities, including CHF, type 2 diabetes mellitus and osteoporosis	normalized_substring
target	type 2 diabetes mellitus	type 2 diabetes mellitus	ENT_999953DFB47A5D9D27D2	development of comorbidities, including CHF, type 2 diabetes mellitus and osteoporosis	display_name	development of comorbidities, including CHF, type 2 diabetes mellitus and osteoporosis	normalized_substring
target	type 2 diabetes mellitus	type 2 diabetes mellitus	ENT_99995823611827F30EBB	type 2 diabetes mellitus with lower extremity vascular disease	aliases	type 2 diabetes mellitus with lower extremity vascular disease	normalized_substring
target	type 2 diabetes mellitus	type 2 diabetes mellitus	ENT_99995823611827F30EBB	type 2 diabetes mellitus with lower extremity vascular disease	display_name	type 2 diabetes mellitus with lower extremity vascular disease	normalized_substring
target	type 2 diabetes mellitus	type 2 diabetes mellitus	ENT_9AE03A954F2EE223882A	high risk of type 2 diabetes mellitus	aliases	high risk of type 2 diabetes mellitus	normalized_substring
target	type 2 diabetes mellitus	type 2 diabetes mellitus	ENT_9AE03A954F2EE223882A	high risk of type 2 diabetes mellitus	display_name	high risk of type 2 diabetes mellitus	normalized_substring
target	type 2 diabetes mellitus	type 2 diabetes mellitus	ENT_9D5622A64D1ACA530EC2	type 2 diabetes mellitus with hyperlipidemia	aliases	type 2 diabetes mellitus with hyperlipidemia	normalized_substring
target	type 2 diabetes mellitus	type 2 diabetes mellitus	ENT_9D5622A64D1ACA530EC2	type 2 diabetes mellitus with hyperlipidemia	display_name	type 2 diabetes mellitus with hyperlipidemia	normalized_substring
target	type 2 diabetes mellitus	type 2 diabetes mellitus	ENT_9D7019CCF57D65BC8515	metabolic syndrome x and type 2 diabetes mellitus	aliases	metabolic syndrome x and type 2 diabetes mellitus	normalized_substring
target	type 2 diabetes mellitus	type 2 diabetes mellitus	ENT_9D7019CCF57D65BC8515	metabolic syndrome x and type 2 diabetes mellitus	display_name	metabolic syndrome x and type 2 diabetes mellitus	normalized_substring
target	type 2 diabetes mellitus	type 2 diabetes mellitus	ENT_9D91618FFD1D7B8ADCF0	coronary disease following type 2 diabetes mellitus	aliases	coronary disease following type 2 diabetes mellitus	normalized_substring
target	type 2 diabetes mellitus	type 2 diabetes mellitus	ENT_9D91618FFD1D7B8ADCF0	coronary disease following type 2 diabetes mellitus	display_name	coronary disease following type 2 diabetes mellitus	normalized_substring
target	type 2 diabetes mellitus	type 2 diabetes mellitus	ENT_9DF4622123A91C5711AA	adequate medical treatment for type 2 diabetes mellitus	aliases	adequate medical treatment for type 2 diabetes mellitus	normalized_substring
target	type 2 diabetes mellitus	type 2 diabetes mellitus	ENT_9DF4622123A91C5711AA	adequate medical treatment for type 2 diabetes mellitus	display_name	adequate medical treatment for type 2 diabetes mellitus	normalized_substring
target	type 2 diabetes mellitus	type 2 diabetes mellitus	ENT_9E7A6AA7820753725A8A	obese patients with type 2 diabetes mellitus	aliases	obese patients with type 2 diabetes mellitus	normalized_substring
target	type 2 diabetes mellitus	type 2 diabetes mellitus	ENT_9E7A6AA7820753725A8A	obese patients with type 2 diabetes mellitus	display_name	obese patients with type 2 diabetes mellitus	normalized_substring
target	type 2 diabetes mellitus	type 2 diabetes mellitus	ENT_9F87759C6510E3BF6DC6	Type 2 diabetes mellitus complicated with coronary heart disease	aliases	Type 2 diabetes mellitus complicated with coronary heart disease	normalized_substring
target	type 2 diabetes mellitus	type 2 diabetes mellitus	ENT_9F87759C6510E3BF6DC6	Type 2 diabetes mellitus complicated with coronary heart disease	aliases	type 2 diabetes mellitus complicated with coronary heart disease	normalized_substring
target	type 2 diabetes mellitus	type 2 diabetes mellitus	ENT_9F87759C6510E3BF6DC6	Type 2 diabetes mellitus complicated with coronary heart disease	display_name	Type 2 diabetes mellitus complicated with coronary heart disease	normalized_substring
target	type 2 diabetes mellitus	type 2 diabetes mellitus	ENT_A06EB1F3AEC031D8B0DC	Women with type 2 diabetes mellitus	aliases	Women with type 2 diabetes mellitus	normalized_substring
target	type 2 diabetes mellitus	type 2 diabetes mellitus	ENT_A06EB1F3AEC031D8B0DC	Women with type 2 diabetes mellitus	display_name	Women with type 2 diabetes mellitus	normalized_substring
target	type 2 diabetes mellitus	type 2 diabetes mellitus	ENT_A222B172F4DE55093DBD	type 2 diabetes mellitus complicated with acute cerebral infarction	aliases	type 2 diabetes mellitus complicated with acute cerebral infarction	normalized_substring
target	type 2 diabetes mellitus	type 2 diabetes mellitus	ENT_A222B172F4DE55093DBD	type 2 diabetes mellitus complicated with acute cerebral infarction	display_name	type 2 diabetes mellitus complicated with acute cerebral infarction	normalized_substring
target	type 2 diabetes mellitus	type 2 diabetes mellitus	ENT_A2799C9FBCA5E29B3322	type 2 diabetes mellitus with cerebral infarction	aliases	type 2 diabetes mellitus with cerebral infarction	normalized_substring
target	type 2 diabetes mellitus	type 2 diabetes mellitus	ENT_A2799C9FBCA5E29B3322	type 2 diabetes mellitus with cerebral infarction	display_name	type 2 diabetes mellitus with cerebral infarction	normalized_substring
target	type 2 diabetes mellitus	type 2 diabetes mellitus	ENT_A2AEAC20B7D96289EE06	pathogenesis of type 2 diabetes mellitus	aliases	pathogenesis of type 2 diabetes mellitus	normalized_substring
target	type 2 diabetes mellitus	type 2 diabetes mellitus	ENT_A2AEAC20B7D96289EE06	pathogenesis of type 2 diabetes mellitus	display_name	pathogenesis of type 2 diabetes mellitus	normalized_substring
target	type 2 diabetes mellitus	type 2 diabetes mellitus	ENT_A3A4A62876B155F63DE4	type 2 diabetes mellitus secondary failure to sulfonylurea	aliases	type 2 diabetes mellitus secondary failure to sulfonylurea	normalized_substring
target	type 2 diabetes mellitus	type 2 diabetes mellitus	ENT_A3A4A62876B155F63DE4	type 2 diabetes mellitus secondary failure to sulfonylurea	display_name	type 2 diabetes mellitus secondary failure to sulfonylurea	normalized_substring
target	type 2 diabetes mellitus	type 2 diabetes mellitus	ENT_A3B940606B483004F587	type 2 diabetes mellitus patients with diabetic mother	aliases	type 2 diabetes mellitus patients with diabetic mother	normalized_substring
target	type 2 diabetes mellitus	type 2 diabetes mellitus	ENT_A3B940606B483004F587	type 2 diabetes mellitus patients with diabetic mother	display_name	type 2 diabetes mellitus patients with diabetic mother	normalized_substring
target	type 2 diabetes mellitus	type 2 diabetes mellitus	ENT_A494CCBD35137FCCBE85	type 2 diabetes mellitus with obesity	aliases	type 2 diabetes mellitus with obesity	normalized_substring
target	type 2 diabetes mellitus	type 2 diabetes mellitus	ENT_A494CCBD35137FCCBE85	type 2 diabetes mellitus with obesity	display_name	type 2 diabetes mellitus with obesity	normalized_substring
target	type 2 diabetes mellitus	type 2 diabetes mellitus	ENT_A556FB0A4F0FA7AE60D8	type 2 diabetes mellitus with periodontitis	aliases	type 2 diabetes mellitus with periodontitis	normalized_substring
target	type 2 diabetes mellitus	type 2 diabetes mellitus	ENT_A556FB0A4F0FA7AE60D8	type 2 diabetes mellitus with periodontitis	display_name	type 2 diabetes mellitus with periodontitis	normalized_substring
target	type 2 diabetes mellitus	type 2 diabetes mellitus	ENT_A6631BEC53A8CA910860	type 2 diabetes mellitus with low T3 syndrome	aliases	type 2 diabetes mellitus with low T3 syndrome	normalized_substring
target	type 2 diabetes mellitus	type 2 diabetes mellitus	ENT_A6631BEC53A8CA910860	type 2 diabetes mellitus with low T3 syndrome	display_name	type 2 diabetes mellitus with low T3 syndrome	normalized_substring
target	type 2 diabetes mellitus	type 2 diabetes mellitus	ENT_A89AD51C1B752F3A9606	older acute coronary syndrome and type-2 diabetes mellitus patients	aliases	older acute coronary syndrome and type-2 diabetes mellitus patients	normalized_substring
target	type 2 diabetes mellitus	type 2 diabetes mellitus	ENT_A89AD51C1B752F3A9606	older acute coronary syndrome and type-2 diabetes mellitus patients	display_name	older acute coronary syndrome and type-2 diabetes mellitus patients	normalized_substring
target	type 2 diabetes mellitus	type 2 diabetes mellitus	ENT_A9BBB686B06BAF49D2F9	duration of type 2 diabetes mellitus	aliases	duration of type 2 diabetes mellitus	normalized_substring
target	type 2 diabetes mellitus	type 2 diabetes mellitus	ENT_A9BBB686B06BAF49D2F9	duration of type 2 diabetes mellitus	display_name	duration of type 2 diabetes mellitus	normalized_substring
target	type 2 diabetes mellitus	type 2 diabetes mellitus	ENT_A9FFFCCAE89193BE3C9B	years of evolution of Type 2 Diabetes Mellitus	aliases	years of evolution of Type 2 Diabetes Mellitus	normalized_substring
target	type 2 diabetes mellitus	type 2 diabetes mellitus	ENT_A9FFFCCAE89193BE3C9B	years of evolution of Type 2 Diabetes Mellitus	display_name	years of evolution of Type 2 Diabetes Mellitus	normalized_substring
target	type 2 diabetes mellitus	type 2 diabetes mellitus	ENT_AB043A993A45B3D6F7AA	patients with obesity and type 2 diabetes mellitus	aliases	patients with obesity and type 2 diabetes mellitus	normalized_substring
target	type 2 diabetes mellitus	type 2 diabetes mellitus	ENT_AB043A993A45B3D6F7AA	patients with obesity and type 2 diabetes mellitus	display_name	patients with obesity and type 2 diabetes mellitus	normalized_substring
target	type 2 diabetes mellitus	type 2 diabetes mellitus	ENT_AB076DF696EE4DF81E8D	type 2 diabetes mellitus with vascular complications	aliases	type 2 diabetes mellitus with vascular complications	normalized_substring
target	type 2 diabetes mellitus	type 2 diabetes mellitus	ENT_AB076DF696EE4DF81E8D	type 2 diabetes mellitus with vascular complications	display_name	type 2 diabetes mellitus with vascular complications	normalized_substring
target	type 2 diabetes mellitus	type 2 diabetes mellitus	ENT_AB1D7F6AC0F5C8DEF228	type 2 diabetes mellitus coincidence hyperlipemia	aliases	type 2 diabetes mellitus coincidence hyperlipemia	normalized_substring
target	type 2 diabetes mellitus	type 2 diabetes mellitus	ENT_AB1D7F6AC0F5C8DEF228	type 2 diabetes mellitus coincidence hyperlipemia	display_name	type 2 diabetes mellitus coincidence hyperlipemia	normalized_substring
target	type 2 diabetes mellitus	type 2 diabetes mellitus	ENT_AC65456ED65812AFD527	BMD in type 2 diabetes mellitus patients	aliases	BMD in type 2 diabetes mellitus patients	normalized_substring
target	type 2 diabetes mellitus	type 2 diabetes mellitus	ENT_AC65456ED65812AFD527	BMD in type 2 diabetes mellitus patients	display_name	BMD in type 2 diabetes mellitus patients	normalized_substring
target	type 2 diabetes mellitus	type 2 diabetes mellitus	ENT_AC9F6AF32A1F493ECE8D	type 2 diabetes mellitus complicated with acute coronary syndrome	aliases	type 2 diabetes mellitus complicated with acute coronary syndrome	normalized_substring
target	type 2 diabetes mellitus	type 2 diabetes mellitus	ENT_AC9F6AF32A1F493ECE8D	type 2 diabetes mellitus complicated with acute coronary syndrome	display_name	type 2 diabetes mellitus complicated with acute coronary syndrome	normalized_substring
target	type 2 diabetes mellitus	type 2 diabetes mellitus	ENT_ACCA38C69EDDFA947B47	first degree relatives of patients with type 2 diabetes mellitus	aliases	first degree relatives of patients with type 2 diabetes mellitus	normalized_substring
target	type 2 diabetes mellitus	type 2 diabetes mellitus	ENT_ACCA38C69EDDFA947B47	first degree relatives of patients with type 2 diabetes mellitus	display_name	first degree relatives of patients with type 2 diabetes mellitus	normalized_substring
target	type 2 diabetes mellitus	type 2 diabetes mellitus	ENT_ADA13FFDEB191DCC1ECB	type 2 diabetes mellitus complicated with hypertension	aliases	type 2 diabetes mellitus complicated with hypertension	normalized_substring
target	type 2 diabetes mellitus	type 2 diabetes mellitus	ENT_ADA13FFDEB191DCC1ECB	type 2 diabetes mellitus complicated with hypertension	display_name	type 2 diabetes mellitus complicated with hypertension	normalized_substring
target	type 2 diabetes mellitus	type 2 diabetes mellitus	ENT_B181F59F792BF985B0BB	Type 2 diabetes mellitus (T2DM)	aliases	Type 2 Diabetes Mellitus (T2DM)	normalized_substring
target	type 2 diabetes mellitus	type 2 diabetes mellitus	ENT_B181F59F792BF985B0BB	Type 2 diabetes mellitus (T2DM)	aliases	Type 2 Diabetes Mellitus(T2DM)	normalized_substring
target	type 2 diabetes mellitus	type 2 diabetes mellitus	ENT_B181F59F792BF985B0BB	Type 2 diabetes mellitus (T2DM)	aliases	Type 2 diabetes mellitus (T2DM)	normalized_substring
target	type 2 diabetes mellitus	type 2 diabetes mellitus	ENT_B181F59F792BF985B0BB	Type 2 diabetes mellitus (T2DM)	aliases	type 2 Diabetes Mellitus (T2DM)	normalized_substring
target	type 2 diabetes mellitus	type 2 diabetes mellitus	ENT_B181F59F792BF985B0BB	Type 2 diabetes mellitus (T2DM)	aliases	type 2 diabetes mellitus (T2DM)	normalized_substring
target	type 2 diabetes mellitus	type 2 diabetes mellitus	ENT_B181F59F792BF985B0BB	Type 2 diabetes mellitus (T2DM)	aliases	type 2 diabetes mellitus(T2DM)	normalized_substring
target	type 2 diabetes mellitus	type 2 diabetes mellitus	ENT_B181F59F792BF985B0BB	Type 2 diabetes mellitus (T2DM)	display_name	Type 2 diabetes mellitus (T2DM)	normalized_substring
target	type 2 diabetes mellitus	type 2 diabetes mellitus	ENT_B2246F44CDECAAAEBF24	type 2 diabetes mellitus risk factor status	aliases	type 2 diabetes mellitus risk factor status	normalized_substring
target	type 2 diabetes mellitus	type 2 diabetes mellitus	ENT_B2246F44CDECAAAEBF24	type 2 diabetes mellitus risk factor status	display_name	type 2 diabetes mellitus risk factor status	normalized_substring
target	type 2 diabetes mellitus	type 2 diabetes mellitus	ENT_B241605D48FD8ED6A338	early renal impairment in type 2 diabetes mellitus	aliases	early renal impairment in type 2 diabetes mellitus	normalized_substring
target	type 2 diabetes mellitus	type 2 diabetes mellitus	ENT_B241605D48FD8ED6A338	early renal impairment in type 2 diabetes mellitus	display_name	early renal impairment in type 2 diabetes mellitus	normalized_substring
target	type 2 diabetes mellitus	type 2 diabetes mellitus	ENT_B3071A38B8CE4B3578A9	genetic sensitivity in type 2 diabetes mellitus	aliases	genetic sensitivity in type 2 diabetes mellitus	normalized_substring
target	type 2 diabetes mellitus	type 2 diabetes mellitus	ENT_B3071A38B8CE4B3578A9	genetic sensitivity in type 2 diabetes mellitus	display_name	genetic sensitivity in type 2 diabetes mellitus	normalized_substring
target	type 2 diabetes mellitus	type 2 diabetes mellitus	ENT_B325C903C6BF32F78F81	differentiation of syndromes for Type 2 diabetes mellitus	aliases	differentiation of syndromes for Type 2 diabetes mellitus	normalized_substring
target	type 2 diabetes mellitus	type 2 diabetes mellitus	ENT_B325C903C6BF32F78F81	differentiation of syndromes for Type 2 diabetes mellitus	display_name	differentiation of syndromes for Type 2 diabetes mellitus	normalized_substring
target	type 2 diabetes mellitus	type 2 diabetes mellitus	ENT_B3E31E56002BAA59A411	type 2 diabetes mellitus complicated with urinary tract infection	aliases	type 2 diabetes mellitus complicated with urinary tract infection	normalized_substring
target	type 2 diabetes mellitus	type 2 diabetes mellitus	ENT_B3E31E56002BAA59A411	type 2 diabetes mellitus complicated with urinary tract infection	display_name	type 2 diabetes mellitus complicated with urinary tract infection	normalized_substring
target	type 2 diabetes mellitus	type 2 diabetes mellitus	ENT_B4B50888FB411FE664C5	type 2 diabetes mellitus and diabetic vasular complications	aliases	type 2 diabetes mellitus and diabetic vasular complications	normalized_substring
target	type 2 diabetes mellitus	type 2 diabetes mellitus	ENT_B4B50888FB411FE664C5	type 2 diabetes mellitus and diabetic vasular complications	display_name	type 2 diabetes mellitus and diabetic vasular complications	normalized_substring
target	type 2 diabetes mellitus	type 2 diabetes mellitus	ENT_B556E2A726E63681CBCB	insulin resistance and type 2 diabetes mellitus	aliases	insulin resistance and type 2 diabetes mellitus	normalized_substring
target	type 2 diabetes mellitus	type 2 diabetes mellitus	ENT_B556E2A726E63681CBCB	insulin resistance and type 2 diabetes mellitus	display_name	insulin resistance and type 2 diabetes mellitus	normalized_substring
target	type 2 diabetes mellitus	type 2 diabetes mellitus	ENT_B6227FADBB98241E45AB	patients with type 2 diabetes mellitus in Hangzhou area	aliases	patients with type 2 diabetes mellitus in Hangzhou area	normalized_substring
target	type 2 diabetes mellitus	type 2 diabetes mellitus	ENT_B6227FADBB98241E45AB	patients with type 2 diabetes mellitus in Hangzhou area	display_name	patients with type 2 diabetes mellitus in Hangzhou area	normalized_substring
target	type 2 diabetes mellitus	type 2 diabetes mellitus	ENT_B693A6A3B05A21B2AF34	patients with type 2 diabetes mellitus with CHD	aliases	patients with type 2 diabetes mellitus with CHD	normalized_substring
target	type 2 diabetes mellitus	type 2 diabetes mellitus	ENT_B693A6A3B05A21B2AF34	patients with type 2 diabetes mellitus with CHD	display_name	patients with type 2 diabetes mellitus with CHD	normalized_substring
target	type 2 diabetes mellitus	type 2 diabetes mellitus	ENT_B7BC9CA110DFA0A02B2A	type-2 diabetes mellitus complicated by acute coronary syndromes	aliases	type-2 diabetes mellitus complicated by acute coronary syndromes	normalized_substring
target	type 2 diabetes mellitus	type 2 diabetes mellitus	ENT_B7BC9CA110DFA0A02B2A	type-2 diabetes mellitus complicated by acute coronary syndromes	display_name	type-2 diabetes mellitus complicated by acute coronary syndromes	normalized_substring
target	type 2 diabetes mellitus	type 2 diabetes mellitus	ENT_B8CDDE0C7F608FA99495	type 2 diabetes mellitus combined with coronary heart disease	aliases	type 2 diabetes mellitus combined with coronary heart disease	normalized_substring
target	type 2 diabetes mellitus	type 2 diabetes mellitus	ENT_B8CDDE0C7F608FA99495	type 2 diabetes mellitus combined with coronary heart disease	display_name	type 2 diabetes mellitus combined with coronary heart disease	normalized_substring
target	type 2 diabetes mellitus	type 2 diabetes mellitus	ENT_B8FD24E9A8CA4F777232	type 1 and type 2 diabetes mellitus (DM)	aliases	type 1 and type 2 diabetes mellitus (DM)	normalized_substring
target	type 2 diabetes mellitus	type 2 diabetes mellitus	ENT_B8FD24E9A8CA4F777232	type 1 and type 2 diabetes mellitus (DM)	display_name	type 1 and type 2 diabetes mellitus (DM)	normalized_substring
target	type 2 diabetes mellitus	type 2 diabetes mellitus	ENT_B93E22C64BF3285C1963	hypertension patients with type 2 diabetes mellitus	aliases	hypertension patients with type 2 diabetes mellitus	normalized_substring
target	type 2 diabetes mellitus	type 2 diabetes mellitus	ENT_B93E22C64BF3285C1963	hypertension patients with type 2 diabetes mellitus	aliases	hypertension patients with type-2 diabetes mellitus	normalized_substring
target	type 2 diabetes mellitus	type 2 diabetes mellitus	ENT_B93E22C64BF3285C1963	hypertension patients with type 2 diabetes mellitus	display_name	hypertension patients with type 2 diabetes mellitus	normalized_substring
target	type 2 diabetes mellitus	type 2 diabetes mellitus	ENT_B9720E94381431AC00D2	type 2 diabetes mellitus combined with hypertension	aliases	type 2 diabetes mellitus combined with hypertension	normalized_substring
target	type 2 diabetes mellitus	type 2 diabetes mellitus	ENT_B9720E94381431AC00D2	type 2 diabetes mellitus combined with hypertension	display_name	type 2 diabetes mellitus combined with hypertension	normalized_substring
target	type 2 diabetes mellitus	type 2 diabetes mellitus	ENT_B9CA3BB8C91CDE11BC86	macrovascular complications in type 2 diabetes mellitus	aliases	macrovascular complications in type 2 diabetes mellitus	normalized_substring
target	type 2 diabetes mellitus	type 2 diabetes mellitus	ENT_B9CA3BB8C91CDE11BC86	macrovascular complications in type 2 diabetes mellitus	display_name	macrovascular complications in type 2 diabetes mellitus	normalized_substring
target	type 2 diabetes mellitus	type 2 diabetes mellitus	ENT_BB4BC4D34A15E4A086CC	type 2 diabetes mellitus risk factor status	aliases	type 2 diabetes mellitus risk factor status	normalized_substring
target	type 2 diabetes mellitus	type 2 diabetes mellitus	ENT_BB4BC4D34A15E4A086CC	type 2 diabetes mellitus risk factor status	display_name	type 2 diabetes mellitus risk factor status	normalized_substring
target	type 2 diabetes mellitus	type 2 diabetes mellitus	ENT_BBA96AD7E5779D9D7A1F	preliminary diagnosed type 2 diabetes mellitus	aliases	preliminary diagnosed type 2 diabetes mellitus	normalized_substring
target	type 2 diabetes mellitus	type 2 diabetes mellitus	ENT_BBA96AD7E5779D9D7A1F	preliminary diagnosed type 2 diabetes mellitus	display_name	preliminary diagnosed type 2 diabetes mellitus	normalized_substring
target	type 2 diabetes mellitus	type 2 diabetes mellitus	ENT_BBC6F50AAC396336066B	prevalence rate of type 2 diabetes mellitus	aliases	prevalence rate of type 2 diabetes mellitus	normalized_substring
target	type 2 diabetes mellitus	type 2 diabetes mellitus	ENT_BBC6F50AAC396336066B	prevalence rate of type 2 diabetes mellitus	display_name	prevalence rate of type 2 diabetes mellitus	normalized_substring
target	type 2 diabetes mellitus	type 2 diabetes mellitus	ENT_BC441E5A8FC5FBE7AA50	type 2 diabetes mellitus prevalence	aliases	type 2 diabetes mellitus prevalence	normalized_substring
target	type 2 diabetes mellitus	type 2 diabetes mellitus	ENT_BC441E5A8FC5FBE7AA50	type 2 diabetes mellitus prevalence	display_name	type 2 diabetes mellitus prevalence	normalized_substring
target	type 2 diabetes mellitus	type 2 diabetes mellitus	ENT_BE90E5E3E3EEBD00E079	early-onset type 2 diabetes mellitus	aliases	early onset type 2 diabetes mellitus	normalized_substring
target	type 2 diabetes mellitus	type 2 diabetes mellitus	ENT_BE90E5E3E3EEBD00E079	early-onset type 2 diabetes mellitus	aliases	early-onset type 2 diabetes mellitus	normalized_substring
target	type 2 diabetes mellitus	type 2 diabetes mellitus	ENT_BE90E5E3E3EEBD00E079	early-onset type 2 diabetes mellitus	display_name	early-onset type 2 diabetes mellitus	normalized_substring
target	type 2 diabetes mellitus	type 2 diabetes mellitus	ENT_BEBB292CF8B8F0199D12	high blood viscosity syndromes in type 2 diabetes mellitus	aliases	high blood viscosity syndromes in type 2 diabetes mellitus	normalized_substring
target	type 2 diabetes mellitus	type 2 diabetes mellitus	ENT_BEBB292CF8B8F0199D12	high blood viscosity syndromes in type 2 diabetes mellitus	display_name	high blood viscosity syndromes in type 2 diabetes mellitus	normalized_substring
target	type 2 diabetes mellitus	type 2 diabetes mellitus	ENT_BED044519824680719AF	type 2 diabetes mellitus with diabetic nephropathy	aliases	type 2 diabetes mellitus with diabetic nephropathy	normalized_substring
target	type 2 diabetes mellitus	type 2 diabetes mellitus	ENT_BED044519824680719AF	type 2 diabetes mellitus with diabetic nephropathy	display_name	type 2 diabetes mellitus with diabetic nephropathy	normalized_substring
target	type 2 diabetes mellitus	type 2 diabetes mellitus	ENT_BF199754F535DE9F3976	patients with type 2 diabetes mellitus and CKD	aliases	patients with type 2 diabetes mellitus and CKD	normalized_substring
target	type 2 diabetes mellitus	type 2 diabetes mellitus	ENT_BF199754F535DE9F3976	patients with type 2 diabetes mellitus and CKD	display_name	patients with type 2 diabetes mellitus and CKD	normalized_substring
target	type 2 diabetes mellitus	type 2 diabetes mellitus	ENT_C04A0A39A45D4E80B8E7	type 2 diabetes mellitus with dyslipidemia	aliases	type 2 diabetes mellitus with dyslipidemia	normalized_substring
target	type 2 diabetes mellitus	type 2 diabetes mellitus	ENT_C04A0A39A45D4E80B8E7	type 2 diabetes mellitus with dyslipidemia	display_name	type 2 diabetes mellitus with dyslipidemia	normalized_substring
target	type 2 diabetes mellitus	type 2 diabetes mellitus	ENT_C1A20C9EAF1120287DD9	type 2 diabetes mellitus (DM-2)	aliases	type 2 diabetes mellitus (DM-2)	normalized_substring
target	type 2 diabetes mellitus	type 2 diabetes mellitus	ENT_C1A20C9EAF1120287DD9	type 2 diabetes mellitus (DM-2)	display_name	type 2 diabetes mellitus (DM-2)	normalized_substring
target	type 2 diabetes mellitus	type 2 diabetes mellitus	ENT_C27EC761B5BBFF35A1A6	type 2 diabetes mellitus complicated with peripheral vascular disease	aliases	type 2 diabetes mellitus complicated with peripheral vascular disease	normalized_substring
target	type 2 diabetes mellitus	type 2 diabetes mellitus	ENT_C27EC761B5BBFF35A1A6	type 2 diabetes mellitus complicated with peripheral vascular disease	display_name	type 2 diabetes mellitus complicated with peripheral vascular disease	normalized_substring
target	type 2 diabetes mellitus	type 2 diabetes mellitus	ENT_C2F195FA6D90CBB8FE3A	progression of type 2 diabetes mellitus	aliases	progression of type 2 diabetes mellitus	normalized_substring
target	type 2 diabetes mellitus	type 2 diabetes mellitus	ENT_C2F195FA6D90CBB8FE3A	progression of type 2 diabetes mellitus	display_name	progression of type 2 diabetes mellitus	normalized_substring
target	type 2 diabetes mellitus	type 2 diabetes mellitus	ENT_C453B14CE36B0B5EC3F3	subjects with IGT or type 2 diabetes mellitus	aliases	subjects with IGT or type 2 diabetes mellitus	normalized_substring
target	type 2 diabetes mellitus	type 2 diabetes mellitus	ENT_C453B14CE36B0B5EC3F3	subjects with IGT or type 2 diabetes mellitus	display_name	subjects with IGT or type 2 diabetes mellitus	normalized_substring
target	type 2 diabetes mellitus	type 2 diabetes mellitus	ENT_C4B225ABD29EB5329023	people with Type 2 diabetes mellitus	aliases	people with Type 2 diabetes mellitus	normalized_substring
target	type 2 diabetes mellitus	type 2 diabetes mellitus	ENT_C4B225ABD29EB5329023	people with Type 2 diabetes mellitus	display_name	people with Type 2 diabetes mellitus	normalized_substring
target	type 2 diabetes mellitus	type 2 diabetes mellitus	ENT_C566326F11309406A4E2	uncontrolled type 2 diabetes mellitus	aliases	uncontrolled type 2 diabetes mellitus	normalized_substring
target	type 2 diabetes mellitus	type 2 diabetes mellitus	ENT_C566326F11309406A4E2	uncontrolled type 2 diabetes mellitus	display_name	uncontrolled type 2 diabetes mellitus	normalized_substring
target	type 2 diabetes mellitus	type 2 diabetes mellitus	ENT_C6A340A79D0F1557116F	cardiovasculary disease and type 2 diabetes mellitus	aliases	cardiovasculary disease and type 2 diabetes mellitus	normalized_substring
target	type 2 diabetes mellitus	type 2 diabetes mellitus	ENT_C6A340A79D0F1557116F	cardiovasculary disease and type 2 diabetes mellitus	display_name	cardiovasculary disease and type 2 diabetes mellitus	normalized_substring
target	type 2 diabetes mellitus	type 2 diabetes mellitus	ENT_C722ECCA989A39D14D4D	type 2 diabetes mellitus with macrovascular complications	aliases	type 2 diabetes mellitus with macrovascular complications	normalized_substring
target	type 2 diabetes mellitus	type 2 diabetes mellitus	ENT_C722ECCA989A39D14D4D	type 2 diabetes mellitus with macrovascular complications	display_name	type 2 diabetes mellitus with macrovascular complications	normalized_substring
target	type 2 diabetes mellitus	type 2 diabetes mellitus	ENT_C79055E1E1CBD15D5D16	obesity with type 2 diabetes mellitus	aliases	obesity with type 2 diabetes mellitus	normalized_substring
target	type 2 diabetes mellitus	type 2 diabetes mellitus	ENT_C79055E1E1CBD15D5D16	obesity with type 2 diabetes mellitus	display_name	obesity with type 2 diabetes mellitus	normalized_substring
target	type 2 diabetes mellitus	type 2 diabetes mellitus	ENT_C992C169C74A1D778470	type 2 diabetes mellitus complicated with coronary artery disease	aliases	type 2 diabetes mellitus complicated with coronary artery disease	normalized_substring
target	type 2 diabetes mellitus	type 2 diabetes mellitus	ENT_C992C169C74A1D778470	type 2 diabetes mellitus complicated with coronary artery disease	display_name	type 2 diabetes mellitus complicated with coronary artery disease	normalized_substring
target	type 2 diabetes mellitus	type 2 diabetes mellitus	ENT_CC1CFBB1D5E2F0DD90BC	family history of type 2 diabetes mellitus	aliases	family history of type 2 diabetes mellitus	normalized_substring
target	type 2 diabetes mellitus	type 2 diabetes mellitus	ENT_CC1CFBB1D5E2F0DD90BC	family history of type 2 diabetes mellitus	display_name	family history of type 2 diabetes mellitus	normalized_substring
target	type 2 diabetes mellitus	type 2 diabetes mellitus	ENT_CC30A0F1E3D4E5AF3EBD	new hope in the treatment for type 2 diabetes mellitus	aliases	new hope in the treatment for type 2 diabetes mellitus	normalized_substring
target	type 2 diabetes mellitus	type 2 diabetes mellitus	ENT_CC30A0F1E3D4E5AF3EBD	new hope in the treatment for type 2 diabetes mellitus	display_name	new hope in the treatment for type 2 diabetes mellitus	normalized_substring
target	type 2 diabetes mellitus	type 2 diabetes mellitus	ENT_CCCDAB98FDFBDA26B697	undiagnosed type 2 diabetes mellitus	aliases	undiagnosed type 2 diabetes mellitus	normalized_substring
target	type 2 diabetes mellitus	type 2 diabetes mellitus	ENT_CCCDAB98FDFBDA26B697	undiagnosed type 2 diabetes mellitus	display_name	undiagnosed type 2 diabetes mellitus	normalized_substring
target	type 2 diabetes mellitus	type 2 diabetes mellitus	ENT_CD84E6AAD0D9B89246D9	microangiopathy in type 2 diabetes mellitus	aliases	microangiopathy in type 2 diabetes mellitus	normalized_substring
target	type 2 diabetes mellitus	type 2 diabetes mellitus	ENT_CD84E6AAD0D9B89246D9	microangiopathy in type 2 diabetes mellitus	display_name	microangiopathy in type 2 diabetes mellitus	normalized_substring
target	type 2 diabetes mellitus	type 2 diabetes mellitus	ENT_CD8E45B93BFC644C5792	type 2 diabetes mellitus combined with non-alcoholic fatty liver disease	aliases	type 2 diabetes mellitus combined with non-alcoholic fatty liver disease	normalized_substring
target	type 2 diabetes mellitus	type 2 diabetes mellitus	ENT_CD8E45B93BFC644C5792	type 2 diabetes mellitus combined with non-alcoholic fatty liver disease	display_name	type 2 diabetes mellitus combined with non-alcoholic fatty liver disease	normalized_substring
target	type 2 diabetes mellitus	type 2 diabetes mellitus	ENT_CDE2D3820F15E6274755	type 2 diabetes mellitus and diabetes kidney disease	aliases	type 2 diabetes mellitus and diabetes kidney disease	normalized_substring
target	type 2 diabetes mellitus	type 2 diabetes mellitus	ENT_CDE2D3820F15E6274755	type 2 diabetes mellitus and diabetes kidney disease	display_name	type 2 diabetes mellitus and diabetes kidney disease	normalized_substring
target	type 2 diabetes mellitus	type 2 diabetes mellitus	ENT_CE61C9FE1EBDACC05BD6	primary hypertension and type 2 diabetes mellitus	aliases	primary hypertension and type 2 diabetes mellitus	normalized_substring
target	type 2 diabetes mellitus	type 2 diabetes mellitus	ENT_CE61C9FE1EBDACC05BD6	primary hypertension and type 2 diabetes mellitus	display_name	primary hypertension and type 2 diabetes mellitus	normalized_substring
target	type 2 diabetes mellitus	type 2 diabetes mellitus	ENT_CFA742EB554F5C370A92	type 2 diabetes mellitus complicated with hematologic abnormalities	aliases	type 2 diabetes mellitus complicated with hematologic abnormalities	normalized_substring
target	type 2 diabetes mellitus	type 2 diabetes mellitus	ENT_CFA742EB554F5C370A92	type 2 diabetes mellitus complicated with hematologic abnormalities	display_name	type 2 diabetes mellitus complicated with hematologic abnormalities	normalized_substring
target	type 2 diabetes mellitus	type 2 diabetes mellitus	ENT_D1E88E8158E83D8998D4	type 2 Diabetes Mellitus (DMT2)	aliases	type 2 Diabetes Mellitus (DMT2)	normalized_substring
target	type 2 diabetes mellitus	type 2 diabetes mellitus	ENT_D1E88E8158E83D8998D4	type 2 Diabetes Mellitus (DMT2)	display_name	type 2 Diabetes Mellitus (DMT2)	normalized_substring
target	type 2 diabetes mellitus	type 2 diabetes mellitus	ENT_D2A6974E31A85E08022A	metabolic abnormalities related to obesity such as type 2 diabetes mellitus (DM)	aliases	metabolic abnormalities related to obesity such as type 2 diabetes mellitus (DM)	normalized_substring
target	type 2 diabetes mellitus	type 2 diabetes mellitus	ENT_D2A6974E31A85E08022A	metabolic abnormalities related to obesity such as type 2 diabetes mellitus (DM)	display_name	metabolic abnormalities related to obesity such as type 2 diabetes mellitus (DM)	normalized_substring
target	type 2 diabetes mellitus	type 2 diabetes mellitus	ENT_D3012938E5F3D828BB35	type 2 diabetes mellitus with abdominal obesity	aliases	type 2 diabetes mellitus with abdominal obesity	normalized_substring
target	type 2 diabetes mellitus	type 2 diabetes mellitus	ENT_D3012938E5F3D828BB35	type 2 diabetes mellitus with abdominal obesity	display_name	type 2 diabetes mellitus with abdominal obesity	normalized_substring
target	type 2 diabetes mellitus	type 2 diabetes mellitus	ENT_D3D521C8CF051A31FBDA	type 2 diabetes mellitus group	aliases	type 2 diabetes mellitus group	normalized_substring
target	type 2 diabetes mellitus	type 2 diabetes mellitus	ENT_D3D521C8CF051A31FBDA	type 2 diabetes mellitus group	display_name	type 2 diabetes mellitus group	normalized_substring
target	type 2 diabetes mellitus	type 2 diabetes mellitus	ENT_D604BEABCF85E83CBFEA	type 2 diabetes mellitus animal model	aliases	type 2 diabetes mellitus animal model	normalized_substring
target	type 2 diabetes mellitus	type 2 diabetes mellitus	ENT_D604BEABCF85E83CBFEA	type 2 diabetes mellitus animal model	display_name	type 2 diabetes mellitus animal model	normalized_substring
target	type 2 diabetes mellitus	type 2 diabetes mellitus	ENT_D62C6B1485E8602FBC71	type 2 diabetes mellitus with peripheral neuropathy	aliases	type 2 diabetes mellitus with peripheral neuropathy	normalized_substring
target	type 2 diabetes mellitus	type 2 diabetes mellitus	ENT_D62C6B1485E8602FBC71	type 2 diabetes mellitus with peripheral neuropathy	display_name	type 2 diabetes mellitus with peripheral neuropathy	normalized_substring
target	type 2 diabetes mellitus	type 2 diabetes mellitus	ENT_D6683CAD0C6A30942485	mild cognitive impairment accompanied by type 2 diabetes mellitus	aliases	mild cognitive impairment accompanied by type 2 diabetes mellitus	normalized_substring
target	type 2 diabetes mellitus	type 2 diabetes mellitus	ENT_D6683CAD0C6A30942485	mild cognitive impairment accompanied by type 2 diabetes mellitus	display_name	mild cognitive impairment accompanied by type 2 diabetes mellitus	normalized_substring
target	type 2 diabetes mellitus	type 2 diabetes mellitus	ENT_D67C5D4D82F07368CE34	type 2 diabetes mellitus coronary artery lesions	aliases	type 2 diabetes mellitus coronary artery lesions	normalized_substring
target	type 2 diabetes mellitus	type 2 diabetes mellitus	ENT_D67C5D4D82F07368CE34	type 2 diabetes mellitus coronary artery lesions	display_name	type 2 diabetes mellitus coronary artery lesions	normalized_substring
target	type 2 diabetes mellitus	type 2 diabetes mellitus	ENT_D818BF64C867A1CFA711	patients with type 2 diabetes mellitus	aliases	Patients with Type 2 Diabetes Mellitus	normalized_substring
target	type 2 diabetes mellitus	type 2 diabetes mellitus	ENT_D818BF64C867A1CFA711	patients with type 2 diabetes mellitus	aliases	Patients with Type 2 diabetes mellitus	normalized_substring
target	type 2 diabetes mellitus	type 2 diabetes mellitus	ENT_D818BF64C867A1CFA711	patients with type 2 diabetes mellitus	aliases	Patients with type 2 diabetes mellitus	normalized_substring
target	type 2 diabetes mellitus	type 2 diabetes mellitus	ENT_D818BF64C867A1CFA711	patients with type 2 diabetes mellitus	aliases	patients with Type 2 diabetes mellitus	normalized_substring
target	type 2 diabetes mellitus	type 2 diabetes mellitus	ENT_D818BF64C867A1CFA711	patients with type 2 diabetes mellitus	aliases	patients with type 2 diabetes mellitus	normalized_substring
target	type 2 diabetes mellitus	type 2 diabetes mellitus	ENT_D818BF64C867A1CFA711	patients with type 2 diabetes mellitus	aliases	patients with type-2 diabetes mellitus	normalized_substring
target	type 2 diabetes mellitus	type 2 diabetes mellitus	ENT_D818BF64C867A1CFA711	patients with type 2 diabetes mellitus	display_name	patients with type 2 diabetes mellitus	normalized_substring
target	type 2 diabetes mellitus	type 2 diabetes mellitus	ENT_D8F3B37FE68A77FC2A19	hyperthyroidism combined with type 2 diabetes mellitus	aliases	hyperthyroidism combined with type 2 diabetes mellitus	normalized_substring
target	type 2 diabetes mellitus	type 2 diabetes mellitus	ENT_D8F3B37FE68A77FC2A19	hyperthyroidism combined with type 2 diabetes mellitus	display_name	hyperthyroidism combined with type 2 diabetes mellitus	normalized_substring
target	type 2 diabetes mellitus	type 2 diabetes mellitus	ENT_D917DD4498100C662202	type 2 diabetes mellitus epidemic	aliases	type 2 diabetes mellitus epidemic	normalized_substring
target	type 2 diabetes mellitus	type 2 diabetes mellitus	ENT_D917DD4498100C662202	type 2 diabetes mellitus epidemic	display_name	type 2 diabetes mellitus epidemic	normalized_substring
target	type 2 diabetes mellitus	type 2 diabetes mellitus	ENT_D986C31BAA934E34FF22	early renal damage in type 2 diabetes mellitus	aliases	early renal damage in type 2 diabetes mellitus	normalized_substring
target	type 2 diabetes mellitus	type 2 diabetes mellitus	ENT_D986C31BAA934E34FF22	early renal damage in type 2 diabetes mellitus	display_name	early renal damage in type 2 diabetes mellitus	normalized_substring
target	type 2 diabetes mellitus	type 2 diabetes mellitus	ENT_DC97DB045907CB5A85F7	incident type 2 diabetes mellitus	aliases	incident type 2 diabetes mellitus	normalized_substring
target	type 2 diabetes mellitus	type 2 diabetes mellitus	ENT_DC97DB045907CB5A85F7	incident type 2 diabetes mellitus	display_name	incident type 2 diabetes mellitus	normalized_substring
target	type 2 diabetes mellitus	type 2 diabetes mellitus	ENT_DF1533B496147A61C141	type 2 diabetes mellitus patients with obvious complications	aliases	type 2 diabetes mellitus patients with obvious complications	normalized_substring
target	type 2 diabetes mellitus	type 2 diabetes mellitus	ENT_DF1533B496147A61C141	type 2 diabetes mellitus patients with obvious complications	display_name	type 2 diabetes mellitus patients with obvious complications	normalized_substring
target	type 2 diabetes mellitus	type 2 diabetes mellitus	ENT_DFBFE93A416745C00692	insulin resistance of type 2 diabetes mellitus	aliases	insulin resistance of type 2 diabetes mellitus	normalized_substring
target	type 2 diabetes mellitus	type 2 diabetes mellitus	ENT_DFBFE93A416745C00692	insulin resistance of type 2 diabetes mellitus	display_name	insulin resistance of type 2 diabetes mellitus	normalized_substring
target	type 2 diabetes mellitus	type 2 diabetes mellitus	ENT_E150843EF566BA9DCAF8	type 2 diabetes mellitus patients	aliases	type 2 diabetes mellitus patients	normalized_substring
target	type 2 diabetes mellitus	type 2 diabetes mellitus	ENT_E150843EF566BA9DCAF8	type 2 diabetes mellitus patients	display_name	type 2 diabetes mellitus patients	normalized_substring
target	type 2 diabetes mellitus	type 2 diabetes mellitus	ENT_E1A4BF2372A44C1C02E0	level of type 2 diabetes mellitus knowledge	aliases	level of type 2 diabetes mellitus knowledge	normalized_substring
target	type 2 diabetes mellitus	type 2 diabetes mellitus	ENT_E1A4BF2372A44C1C02E0	level of type 2 diabetes mellitus knowledge	display_name	level of type 2 diabetes mellitus knowledge	normalized_substring
target	type 2 diabetes mellitus	type 2 diabetes mellitus	ENT_E4BEBB9E92953865EA91	type 2 diabetes mellitus combined with cerebral ischemia	aliases	type 2 diabetes mellitus combined with cerebral ischemia	normalized_substring
target	type 2 diabetes mellitus	type 2 diabetes mellitus	ENT_E4BEBB9E92953865EA91	type 2 diabetes mellitus combined with cerebral ischemia	display_name	type 2 diabetes mellitus combined with cerebral ischemia	normalized_substring
target	type 2 diabetes mellitus	type 2 diabetes mellitus	ENT_E58A7725DA3474E89F3F	KK-Ay mice with spontaneous type 2 diabetes mellitus	aliases	KK-Ay mice with spontaneous type 2 diabetes mellitus	normalized_substring
target	type 2 diabetes mellitus	type 2 diabetes mellitus	ENT_E58A7725DA3474E89F3F	KK-Ay mice with spontaneous type 2 diabetes mellitus	display_name	KK-Ay mice with spontaneous type 2 diabetes mellitus	normalized_substring
target	type 2 diabetes mellitus	type 2 diabetes mellitus	ENT_E5B812B9D60B9B57647B	development of type 2 diabetes mellitus	aliases	development of type 2 diabetes mellitus	normalized_substring
target	type 2 diabetes mellitus	type 2 diabetes mellitus	ENT_E5B812B9D60B9B57647B	development of type 2 diabetes mellitus	display_name	development of type 2 diabetes mellitus	normalized_substring
target	type 2 diabetes mellitus	type 2 diabetes mellitus	ENT_E5D8F11CB7AA95373BC7	essential hypertension combined with type 2 diabetes mellitus	aliases	essential hypertension combined with type 2 diabetes mellitus	normalized_substring
target	type 2 diabetes mellitus	type 2 diabetes mellitus	ENT_E5D8F11CB7AA95373BC7	essential hypertension combined with type 2 diabetes mellitus	display_name	essential hypertension combined with type 2 diabetes mellitus	normalized_substring
target	type 2 diabetes mellitus	type 2 diabetes mellitus	ENT_E5E23081C757D590DE86	type 2 diabetes mellitus with metabolic syndrome	aliases	type 2 diabetes mellitus with metabolic syndrome	normalized_substring
target	type 2 diabetes mellitus	type 2 diabetes mellitus	ENT_E5E23081C757D590DE86	type 2 diabetes mellitus with metabolic syndrome	display_name	type 2 diabetes mellitus with metabolic syndrome	normalized_substring
target	type 2 diabetes mellitus	type 2 diabetes mellitus	ENT_E5E468DEC5354D5D8971	type 2 diabetes mellitus complicated with hyperuricemia	aliases	type 2 diabetes mellitus complicated with hyperuricemia	normalized_substring
target	type 2 diabetes mellitus	type 2 diabetes mellitus	ENT_E5E468DEC5354D5D8971	type 2 diabetes mellitus complicated with hyperuricemia	display_name	type 2 diabetes mellitus complicated with hyperuricemia	normalized_substring
target	type 2 diabetes mellitus	type 2 diabetes mellitus	ENT_E67B32CBE5AEF434B455	type 2 diabetes mellitus when complicated with hypertension	aliases	type 2 diabetes mellitus when complicated with hypertension	normalized_substring
target	type 2 diabetes mellitus	type 2 diabetes mellitus	ENT_E67B32CBE5AEF434B455	type 2 diabetes mellitus when complicated with hypertension	display_name	type 2 diabetes mellitus when complicated with hypertension	normalized_substring
target	type 2 diabetes mellitus	type 2 diabetes mellitus	ENT_E720D74263F320EA128C	cervical cancer with type 2 diabetes mellitus	aliases	cervical cancer with type 2 diabetes mellitus	normalized_substring
target	type 2 diabetes mellitus	type 2 diabetes mellitus	ENT_E720D74263F320EA128C	cervical cancer with type 2 diabetes mellitus	display_name	cervical cancer with type 2 diabetes mellitus	normalized_substring
target	type 2 diabetes mellitus	type 2 diabetes mellitus	ENT_E783E9C8C606079A6A70	obese type 2 diabetes mellitus	aliases	obese type 2 diabetes mellitus	normalized_substring
target	type 2 diabetes mellitus	type 2 diabetes mellitus	ENT_E783E9C8C606079A6A70	obese type 2 diabetes mellitus	display_name	obese type 2 diabetes mellitus	normalized_substring
target	type 2 diabetes mellitus	type 2 diabetes mellitus	ENT_E7D52A9A8F8E83A22466	type 2 diabetes mellitus with cardiovascular form of diabetic autonomic neuropathy	aliases	type 2 diabetes mellitus with cardiovascular form of diabetic autonomic neuropathy	normalized_substring
target	type 2 diabetes mellitus	type 2 diabetes mellitus	ENT_E7D52A9A8F8E83A22466	type 2 diabetes mellitus with cardiovascular form of diabetic autonomic neuropathy	display_name	type 2 diabetes mellitus with cardiovascular form of diabetic autonomic neuropathy	normalized_substring
target	type 2 diabetes mellitus	type 2 diabetes mellitus	ENT_E8D7EA494B6939A7285D	type 2 diabetes mellitus complicated with thyroid nodules	aliases	type 2 diabetes mellitus complicated with thyroid nodules	normalized_substring
target	type 2 diabetes mellitus	type 2 diabetes mellitus	ENT_E8D7EA494B6939A7285D	type 2 diabetes mellitus complicated with thyroid nodules	display_name	type 2 diabetes mellitus complicated with thyroid nodules	normalized_substring
target	type 2 diabetes mellitus	type 2 diabetes mellitus	ENT_EA8B75D54BAE324A47E6	hypertension and type 2 diabetes mellitus	aliases	hypertension and Type 2 diabetes mellitus	normalized_substring
target	type 2 diabetes mellitus	type 2 diabetes mellitus	ENT_EA8B75D54BAE324A47E6	hypertension and type 2 diabetes mellitus	aliases	hypertension and type 2 diabetes mellitus	normalized_substring
target	type 2 diabetes mellitus	type 2 diabetes mellitus	ENT_EA8B75D54BAE324A47E6	hypertension and type 2 diabetes mellitus	display_name	hypertension and type 2 diabetes mellitus	normalized_substring
target	type 2 diabetes mellitus	type 2 diabetes mellitus	ENT_EC7E46E8DD89F957EBF7	obese patients of type 2 diabetes mellitus	aliases	obese patients of type 2 diabetes mellitus	normalized_substring
target	type 2 diabetes mellitus	type 2 diabetes mellitus	ENT_EC7E46E8DD89F957EBF7	obese patients of type 2 diabetes mellitus	display_name	obese patients of type 2 diabetes mellitus	normalized_substring
target	type 2 diabetes mellitus	type 2 diabetes mellitus	ENT_ED5E89759B4795D70AC5	type 2 diabetes mellitus with vascular lesions in lower limbs	aliases	type 2 diabetes mellitus with vascular lesions in lower limbs	normalized_substring
target	type 2 diabetes mellitus	type 2 diabetes mellitus	ENT_ED5E89759B4795D70AC5	type 2 diabetes mellitus with vascular lesions in lower limbs	display_name	type 2 diabetes mellitus with vascular lesions in lower limbs	normalized_substring
target	type 2 diabetes mellitus	type 2 diabetes mellitus	ENT_ED606460735CD736E908	type 2 diabetes mellitus and diabetic nephropathy	aliases	type 2 diabetes mellitus and diabetic nephropathy	normalized_substring
target	type 2 diabetes mellitus	type 2 diabetes mellitus	ENT_ED606460735CD736E908	type 2 diabetes mellitus and diabetic nephropathy	display_name	type 2 diabetes mellitus and diabetic nephropathy	normalized_substring
target	type 2 diabetes mellitus	type 2 diabetes mellitus	ENT_EE0F3112B068F0E64300	early kidney injury degree in patients with type 2 diabetes mellitus	aliases	early kidney injury degree in patients with type 2 diabetes mellitus	normalized_substring
target	type 2 diabetes mellitus	type 2 diabetes mellitus	ENT_EE0F3112B068F0E64300	early kidney injury degree in patients with type 2 diabetes mellitus	display_name	early kidney injury degree in patients with type 2 diabetes mellitus	normalized_substring
target	type 2 diabetes mellitus	type 2 diabetes mellitus	ENT_EFC443A5737A16918E5C	coronary artery disease complicated with type 2 diabetes mellitus	aliases	coronary artery disease complicated with type 2 diabetes mellitus	normalized_substring
target	type 2 diabetes mellitus	type 2 diabetes mellitus	ENT_EFC443A5737A16918E5C	coronary artery disease complicated with type 2 diabetes mellitus	display_name	coronary artery disease complicated with type 2 diabetes mellitus	normalized_substring
target	type 2 diabetes mellitus	type 2 diabetes mellitus	ENT_EFC71DC21505AC78E4F7	cases of type 2 diabetes mellitus with or without complications	aliases	cases of type 2 diabetes mellitus with or without complications	normalized_substring
target	type 2 diabetes mellitus	type 2 diabetes mellitus	ENT_EFC71DC21505AC78E4F7	cases of type 2 diabetes mellitus with or without complications	display_name	cases of type 2 diabetes mellitus with or without complications	normalized_substring
target	type 2 diabetes mellitus	type 2 diabetes mellitus	ENT_EFE76AD37491DF219646	type 2 diabetes mellitus with microangiopathy	aliases	type 2 diabetes mellitus with microangiopathy	normalized_substring
target	type 2 diabetes mellitus	type 2 diabetes mellitus	ENT_EFE76AD37491DF219646	type 2 diabetes mellitus with microangiopathy	display_name	type 2 diabetes mellitus with microangiopathy	normalized_substring
target	type 2 diabetes mellitus	type 2 diabetes mellitus	ENT_F04477E294BAB77D86CB	progression of type 2 diabetes mellitus with microangiopathy	aliases	progression of type 2 diabetes mellitus with microangiopathy	normalized_substring
target	type 2 diabetes mellitus	type 2 diabetes mellitus	ENT_F04477E294BAB77D86CB	progression of type 2 diabetes mellitus with microangiopathy	display_name	progression of type 2 diabetes mellitus with microangiopathy	normalized_substring
target	type 2 diabetes mellitus	type 2 diabetes mellitus	ENT_F0ADC2A389CFD4907C7C	obesity group,type 2 diabetes mellitus without obesity group and type 2 diabetes mellitus with obesity group	aliases	obesity group,type 2 diabetes mellitus without obesity group and type 2 diabetes mellitus with obesity group	normalized_substring
target	type 2 diabetes mellitus	type 2 diabetes mellitus	ENT_F0ADC2A389CFD4907C7C	obesity group,type 2 diabetes mellitus without obesity group and type 2 diabetes mellitus with obesity group	display_name	obesity group,type 2 diabetes mellitus without obesity group and type 2 diabetes mellitus with obesity group	normalized_substring
target	type 2 diabetes mellitus	type 2 diabetes mellitus	ENT_F0F462070EE1FB354340	type 2 diabetes mellitus combined with nonalcoholic fatty liver disease	aliases	type 2 diabetes mellitus combined with nonalcoholic fatty liver disease	normalized_substring
target	type 2 diabetes mellitus	type 2 diabetes mellitus	ENT_F0F462070EE1FB354340	type 2 diabetes mellitus combined with nonalcoholic fatty liver disease	display_name	type 2 diabetes mellitus combined with nonalcoholic fatty liver disease	normalized_substring
target	type 2 diabetes mellitus	type 2 diabetes mellitus	ENT_F2DF58608FCE9F672F5F	Type 2 Diabetes mellitus (T2D)	aliases	Type 2 Diabetes Mellitus (T2D)	normalized_substring
target	type 2 diabetes mellitus	type 2 diabetes mellitus	ENT_F2DF58608FCE9F672F5F	Type 2 Diabetes mellitus (T2D)	aliases	Type 2 Diabetes mellitus (T2D)	normalized_substring
target	type 2 diabetes mellitus	type 2 diabetes mellitus	ENT_F2DF58608FCE9F672F5F	Type 2 Diabetes mellitus (T2D)	display_name	Type 2 Diabetes mellitus (T2D)	normalized_substring
target	type 2 diabetes mellitus	type 2 diabetes mellitus	ENT_F3F9F651F90D10B110AE	Type 2 Diabetes Mellitus complicating cerebral infarction	aliases	Type 2 Diabetes Mellitus complicating cerebral infarction	normalized_substring
target	type 2 diabetes mellitus	type 2 diabetes mellitus	ENT_F3F9F651F90D10B110AE	Type 2 Diabetes Mellitus complicating cerebral infarction	display_name	Type 2 Diabetes Mellitus complicating cerebral infarction	normalized_substring
target	type 2 diabetes mellitus	type 2 diabetes mellitus	ENT_F478B6F46E73F7578D5C	diabetes knowledge and practices of type 2 diabetes mellitus patients	aliases	diabetes knowledge and practices of type 2 diabetes mellitus patients	normalized_substring
target	type 2 diabetes mellitus	type 2 diabetes mellitus	ENT_F478B6F46E73F7578D5C	diabetes knowledge and practices of type 2 diabetes mellitus patients	display_name	diabetes knowledge and practices of type 2 diabetes mellitus patients	normalized_substring
target	type 2 diabetes mellitus	type 2 diabetes mellitus	ENT_F497F6B5D941503ACF38	type 2 diabetes mellitus and diabetic vasular complication	aliases	type 2 diabetes mellitus and diabetic vasular complication	normalized_substring
target	type 2 diabetes mellitus	type 2 diabetes mellitus	ENT_F497F6B5D941503ACF38	type 2 diabetes mellitus and diabetic vasular complication	display_name	type 2 diabetes mellitus and diabetic vasular complication	normalized_substring
target	type 2 diabetes mellitus	type 2 diabetes mellitus	ENT_F4D6A83BFBE3881D88C8	new onset type 2 diabetes mellitus	aliases	new onset type 2 diabetes mellitus	normalized_substring
target	type 2 diabetes mellitus	type 2 diabetes mellitus	ENT_F4D6A83BFBE3881D88C8	new onset type 2 diabetes mellitus	display_name	new onset type 2 diabetes mellitus	normalized_substring
target	type 2 diabetes mellitus	type 2 diabetes mellitus	ENT_F51281451985F4D818DF	end-stage liver disease with type 2 diabetes mellitus	aliases	end-stage liver disease with type 2 diabetes mellitus	normalized_substring
target	type 2 diabetes mellitus	type 2 diabetes mellitus	ENT_F51281451985F4D818DF	end-stage liver disease with type 2 diabetes mellitus	display_name	end-stage liver disease with type 2 diabetes mellitus	normalized_substring
target	type 2 diabetes mellitus	type 2 diabetes mellitus	ENT_F634BE2C1EBCB2E711BA	Cardiovascular disease (CVD) and type 2 diabetes mellitus (T2DM)	aliases	Cardiovascular disease (CVD) and type 2 diabetes mellitus (T2DM)	normalized_substring
target	type 2 diabetes mellitus	type 2 diabetes mellitus	ENT_F634BE2C1EBCB2E711BA	Cardiovascular disease (CVD) and type 2 diabetes mellitus (T2DM)	display_name	Cardiovascular disease (CVD) and type 2 diabetes mellitus (T2DM)	normalized_substring
target	type 2 diabetes mellitus	type 2 diabetes mellitus	ENT_F708A74DC229862915D1	type 2 diabetes mellitus combined with abnormal metabolism of lipid	aliases	type 2 diabetes mellitus combined with abnormal metabolism of lipid	normalized_substring
target	type 2 diabetes mellitus	type 2 diabetes mellitus	ENT_F708A74DC229862915D1	type 2 diabetes mellitus combined with abnormal metabolism of lipid	display_name	type 2 diabetes mellitus combined with abnormal metabolism of lipid	normalized_substring
target	type 2 diabetes mellitus	type 2 diabetes mellitus	ENT_F7560819B3D58788AD0D	type 2 diabetes mellitus with angiopathy	aliases	type 2 diabetes mellitus with angiopathy	normalized_substring
target	type 2 diabetes mellitus	type 2 diabetes mellitus	ENT_F7560819B3D58788AD0D	type 2 diabetes mellitus with angiopathy	display_name	type 2 diabetes mellitus with angiopathy	normalized_substring
target	type 2 diabetes mellitus	type 2 diabetes mellitus	ENT_F7BC33F1EC9F7D4D8544	patients with type 2 diabetes mellitus who have inadequate glycemic control with nateglinide alone	aliases	patients with type 2 diabetes mellitus who have inadequate glycemic control with nateglinide alone	normalized_substring
target	type 2 diabetes mellitus	type 2 diabetes mellitus	ENT_F7BC33F1EC9F7D4D8544	patients with type 2 diabetes mellitus who have inadequate glycemic control with nateglinide alone	display_name	patients with type 2 diabetes mellitus who have inadequate glycemic control with nateglinide alone	normalized_substring
target	type 2 diabetes mellitus	type 2 diabetes mellitus	ENT_F93D53489AA501F8F010	insulin resistance of type 2 diabetes mellitus	aliases	insulin resistance of type 2 diabetes mellitus	normalized_substring
target	type 2 diabetes mellitus	type 2 diabetes mellitus	ENT_F93D53489AA501F8F010	insulin resistance of type 2 diabetes mellitus	display_name	insulin resistance of type 2 diabetes mellitus	normalized_substring
target	type 2 diabetes mellitus	type 2 diabetes mellitus	ENT_F97E238D136F718EAB58	type 2 diabetes mellitus and nonalcohol fatty liver disease	aliases	type 2 diabetes mellitus and nonalcohol fatty liver disease	normalized_substring
target	type 2 diabetes mellitus	type 2 diabetes mellitus	ENT_F97E238D136F718EAB58	type 2 diabetes mellitus and nonalcohol fatty liver disease	display_name	type 2 diabetes mellitus and nonalcohol fatty liver disease	normalized_substring
target	type 2 diabetes mellitus	type 2 diabetes mellitus	ENT_FA004E3B5A64BD440B73	type 2 diabetes mellitus patients with angiopathy	aliases	type 2 diabetes mellitus patients with angiopathy	normalized_substring
target	type 2 diabetes mellitus	type 2 diabetes mellitus	ENT_FA004E3B5A64BD440B73	type 2 diabetes mellitus patients with angiopathy	display_name	type 2 diabetes mellitus patients with angiopathy	normalized_substring
target	type 2 diabetes mellitus	type 2 diabetes mellitus	ENT_FAC5986DCAC4BEF45FA6	type 2 diabetes mellitus with hypertension	aliases	type 2 diabetes mellitus with hypertension	normalized_substring
target	type 2 diabetes mellitus	type 2 diabetes mellitus	ENT_FAC5986DCAC4BEF45FA6	type 2 diabetes mellitus with hypertension	display_name	type 2 diabetes mellitus with hypertension	normalized_substring
target	type 2 diabetes mellitus	type 2 diabetes mellitus	ENT_FB358F2CC0EB89503EDF	maternal type 2 diabetes mellitus	aliases	maternal type 2 diabetes mellitus	normalized_substring
target	type 2 diabetes mellitus	type 2 diabetes mellitus	ENT_FB358F2CC0EB89503EDF	maternal type 2 diabetes mellitus	display_name	maternal type 2 diabetes mellitus	normalized_substring
target	type 2 diabetes mellitus	type 2 diabetes mellitus	ENT_FB71004CB050C1FD851F	Type 2 diabetes mellitus, diabetic nephropathy patients	aliases	Type 2 diabetes mellitus, diabetic nephropathy patients	normalized_substring
target	type 2 diabetes mellitus	type 2 diabetes mellitus	ENT_FB71004CB050C1FD851F	Type 2 diabetes mellitus, diabetic nephropathy patients	display_name	Type 2 diabetes mellitus, diabetic nephropathy patients	normalized_substring
target	type 2 diabetes mellitus	type 2 diabetes mellitus	ENT_FBD3D97FBD7214A522B4	macro-vascular complication of type 2 diabetes mellitus	aliases	macro-vascular complication of type 2 diabetes mellitus	normalized_substring
target	type 2 diabetes mellitus	type 2 diabetes mellitus	ENT_FBD3D97FBD7214A522B4	macro-vascular complication of type 2 diabetes mellitus	display_name	macro-vascular complication of type 2 diabetes mellitus	normalized_substring
target	type 2 diabetes mellitus	type 2 diabetes mellitus	ENT_FDB2D65F79F477644F23	type 2 diabetes mellitus with coronary heart disease	aliases	type 2 diabetes mellitus with coronary heart disease	normalized_substring
target	type 2 diabetes mellitus	type 2 diabetes mellitus	ENT_FDB2D65F79F477644F23	type 2 diabetes mellitus with coronary heart disease	display_name	type 2 diabetes mellitus with coronary heart disease	normalized_substring
target	type 2 diabetes mellitus	type 2 diabetes mellitus	ENT_FE74606B612DFCC7E696	type 2 diabetes mellitus (DM2)	aliases	Type 2 diabetes mellitus (DM2)	normalized_substring
target	type 2 diabetes mellitus	type 2 diabetes mellitus	ENT_FE74606B612DFCC7E696	type 2 diabetes mellitus (DM2)	aliases	type 2 diabetes mellitus (DM2)	normalized_substring
target	type 2 diabetes mellitus	type 2 diabetes mellitus	ENT_FE74606B612DFCC7E696	type 2 diabetes mellitus (DM2)	display_name	type 2 diabetes mellitus (DM2)	normalized_substring
target	type 2 diabetes mellitus	type 2 diabetes mellitus	ENT_FE85B68A564DF7597219	type 2 diabetes mellitus combined with late-onset Alzheimer's disease	aliases	type 2 diabetes mellitus combined with late-onset Alzheimer's disease	normalized_substring
target	type 2 diabetes mellitus	type 2 diabetes mellitus	ENT_FE85B68A564DF7597219	type 2 diabetes mellitus combined with late-onset Alzheimer's disease	display_name	type 2 diabetes mellitus combined with late-onset Alzheimer's disease	normalized_substring
target	type 2 diabetes mellitus	type 2 diabetes mellitus	ENT_FEE61FA10CE3A5C84921	type 2 diabetes mellitus with ischemic heart disease	aliases	type 2 diabetes mellitus with ischemic heart disease	normalized_substring
target	type 2 diabetes mellitus	type 2 diabetes mellitus	ENT_FEE61FA10CE3A5C84921	type 2 diabetes mellitus with ischemic heart disease	display_name	type 2 diabetes mellitus with ischemic heart disease	normalized_substring
target	type 2 diabetes mellitus	type 2 diabetes mellitus	ENT_FEE6F4552E6F2EAC8FA5	Duration of type 2 diabetes mellitus	aliases	Duration of type 2 diabetes mellitus	normalized_substring
target	type 2 diabetes mellitus	type 2 diabetes mellitus	ENT_FEE6F4552E6F2EAC8FA5	Duration of type 2 diabetes mellitus	aliases	duration of type 2 diabetes mellitus	normalized_substring
target	type 2 diabetes mellitus	type 2 diabetes mellitus	ENT_FEE6F4552E6F2EAC8FA5	Duration of type 2 diabetes mellitus	display_name	Duration of type 2 diabetes mellitus	normalized_substring
target	type 2 diabetes mellitus	type 2 diabetes mellitus	ENT_FF620A05BD21FDAB1B96	yin-deficiency and excess of heat syndrome in type 2 diabetes mellitus	aliases	yin-deficiency and excess of heat syndrome in type 2 diabetes mellitus	normalized_substring
target	type 2 diabetes mellitus	type 2 diabetes mellitus	ENT_FF620A05BD21FDAB1B96	yin-deficiency and excess of heat syndrome in type 2 diabetes mellitus	display_name	yin-deficiency and excess of heat syndrome in type 2 diabetes mellitus	normalized_substring
target	type 2 diabetes mellitus	type 2 diabetes mellitus	ENT_FFA5ECB6EF2BF5BB1404	type 2 diabetes mellitus and focal cerebral ischemia	aliases	type 2 diabetes mellitus and focal cerebral ischemia	normalized_substring
target	type 2 diabetes mellitus	type 2 diabetes mellitus	ENT_FFA5ECB6EF2BF5BB1404	type 2 diabetes mellitus and focal cerebral ischemia	display_name	type 2 diabetes mellitus and focal cerebral ischemia	normalized_substring
