node_id	entity_id	layer	node_type	display_name	is_fallback	source	external_id	original_node_id	description	side	bfs_depth	matched_keywords	is_structural
s::d000::ENT_683284C4437E36580945	ENT_683284C4437E36580945	source_d000	OTHER	acoustic voice characteristics	false	medical_kg_gold				source	0	acoustic voice characteristics	false
s::d001::ENT_555937044F448C6CA72B	ENT_555937044F448C6CA72B	source_d001	OTHER	the type and size of polyps	false	medical_kg_gold				source	1		false
t::d001::ENT_002CA5B2BA4A3EDEE83F	ENT_002CA5B2BA4A3EDEE83F	target_d001	GENE	ALOX12 gene polymorphism	false	medical_kg_gold				target	1		false
t::d001::ENT_00439E0B4C7F18EA0CE6	ENT_00439E0B4C7F18EA0CE6	target_d001	LAB_MEASUREMENT	number of secretory granules in beta cell cytoplasm	false	medical_kg_gold				target	1		false
t::d001::ENT_0047175FEB7368455D92	ENT_0047175FEB7368455D92	target_d001	PHYSIOLOGICAL_PROCESS	impairment in production of insulin by beta cells	false	medical_kg_gold				target	1		false
t::d001::ENT_004CF3976168BBB756E3	ENT_004CF3976168BBB756E3	target_d001	TREATMENT	insulin glargine combined with diformin	false	medical_kg_gold				target	1		false
t::d001::ENT_004E2F5C63CAC11E8A43	ENT_004E2F5C63CAC11E8A43	target_d001	COMPOUND	estradiol	false	medical_kg_gold				target	1		false
t::d001::ENT_0072275B806333026674	ENT_0072275B806333026674	target_d001	DISEASE	ALL	false	medical_kg_gold				target	1		false
t::d001::ENT_00817AA0F8FECEED0373	ENT_00817AA0F8FECEED0373	target_d001	INTERVENTION	solution focused approach	false	medical_kg_gold				target	1		false
t::d001::ENT_0081FB6691BC2AA6E30C	ENT_0081FB6691BC2AA6E30C	target_d001	PHENOTYPE	physical fitness levels	false	medical_kg_gold				target	1		false
t::d001::ENT_008742D2D010408ADE25	ENT_008742D2D010408ADE25	target_d001	OTHER	C1562T polymorphism of MMP-9 gene	false	medical_kg_gold				target	1		false
t::d001::ENT_008D8B900D87DEE17ECF	ENT_008D8B900D87DEE17ECF	target_d001	DISEASE	impaired fasting glucose(IFG)	false	medical_kg_gold				target	1		false
t::d001::ENT_00942F34ECE28650B190	ENT_00942F34ECE28650B190	target_d001	DRUG	Biphasic insulin aspart therapy	false	medical_kg_gold				target	1		false
t::d001::ENT_00947481F815F8369F48	ENT_00947481F815F8369F48	target_d001	LAB_MEASUREMENT	cytoplasmic diameter	false	medical_kg_gold				target	1		false
t::d001::ENT_009D214D2AF4B129E1C3	ENT_009D214D2AF4B129E1C3	target_d001	DISEASE	AMI	false	medical_kg_gold				target	1		false
t::d001::ENT_00A06AE3E9384ABB18C2	ENT_00A06AE3E9384ABB18C2	target_d001	INTERVENTION	comprehensive community-level intervention	false	medical_kg_gold				target	1		false
t::d001::ENT_00AA8B0B94122135AA87	ENT_00AA8B0B94122135AA87	target_d001	DRUG	aspirin	false	medical_kg_gold				target	1		false
t::d001::ENT_00C9B8AA43E826ED819E	ENT_00C9B8AA43E826ED819E	target_d001	PHENOTYPE	quality of sleep	false	medical_kg_gold				target	1		false
t::d001::ENT_00D5E5C816E1FFD76268	ENT_00D5E5C816E1FFD76268	target_d001	LAB_MEASUREMENT	PS	false	medical_kg_gold				target	1		false
t::d001::ENT_00D986000A6BE174A4BC	ENT_00D986000A6BE174A4BC	target_d001	PHENOTYPE	An increase in body fat	false	medical_kg_gold				target	1		false
t::d001::ENT_00E863C0AA6021A624E2	ENT_00E863C0AA6021A624E2	target_d001	DISEASE	insulin resistance and obesity syndromes	false	medical_kg_gold				target	1		false
t::d001::ENT_00F63807BE735C4759BD	ENT_00F63807BE735C4759BD	target_d001	TREATMENT	reduction of body weight	false	medical_kg_gold				target	1		false
t::d001::ENT_0104AA79304B43024B06	ENT_0104AA79304B43024B06	target_d001	GENE	CXCL5 promoter gene -156G/C polymorphsim	false	medical_kg_gold				target	1		false
t::d001::ENT_01103CB98EE4EA58DDBA	ENT_01103CB98EE4EA58DDBA	target_d001	LAB_MEASUREMENT	stiffness parameter (β)	false	medical_kg_gold				target	1		false
t::d001::ENT_0112191CCBB7879741C5	ENT_0112191CCBB7879741C5	target_d001	PHENOTYPE	thinner thighs and calves	false	medical_kg_gold				target	1		false
t::d001::ENT_011C1AF3703431013BFF	ENT_011C1AF3703431013BFF	target_d001	RISK_FACTOR	race and ethnicity	false	medical_kg_gold				target	1		false
t::d001::ENT_011F4B36DAA391B08366	ENT_011F4B36DAA391B08366	target_d001	PROTEIN	Misfolded protein intermediates	false	medical_kg_gold				target	1		false
t::d001::ENT_012E38F1FCD289D05DD3	ENT_012E38F1FCD289D05DD3	target_d001	PROTEIN	NF-κB activity	false	medical_kg_gold				target	1		false
t::d001::ENT_01367C8B4C339F9BB382	ENT_01367C8B4C339F9BB382	target_d001	LAB_MEASUREMENT	PWV	false	medical_kg_gold				target	1		false
t::d001::ENT_0140DB2C8DC442A57608	ENT_0140DB2C8DC442A57608	target_d001	LAB_MEASUREMENT	goblet cell density	false	medical_kg_gold				target	1		false
t::d001::ENT_014CE2A2733B832F4BFE	ENT_014CE2A2733B832F4BFE	target_d001	LAB_MEASUREMENT	ApoA1	false	medical_kg_gold				target	1		false
t::d001::ENT_01619C8D9CC1D85194E7	ENT_01619C8D9CC1D85194E7	target_d001	OTHER	triple-vessel,multiple branches and obstruction lesions	false	medical_kg_gold				target	1		false
t::d001::ENT_016AF3F332B41A061930	ENT_016AF3F332B41A061930	target_d001	PHENOTYPE	Beta-cell defects such as loss of the initial (first) phase of insulin secretion and inefficient insulin synthesis	false	medical_kg_gold				target	1		false
t::d001::ENT_017ED9647ADD50AD0ECD	ENT_017ED9647ADD50AD0ECD	target_d001	PROTEIN	PON1	false	medical_kg_gold				target	1		false
t::d001::ENT_018047BC52252AD3BEC7	ENT_018047BC52252AD3BEC7	target_d001	RISK_FACTOR	diabetes family history	false	medical_kg_gold				target	1		false
t::d001::ENT_01941ABCDB7CFA069A67	ENT_01941ABCDB7CFA069A67	target_d001	BIOMARKER	matrix metalloproteinase 9	false	medical_kg_gold				target	1		false
t::d001::ENT_0195594C0DF5C5DB6851	ENT_0195594C0DF5C5DB6851	target_d001	PHYSIOLOGICAL_PROCESS	gastric emptying	false	medical_kg_gold				target	1		false
t::d001::ENT_01A52FA1B655408B0695	ENT_01A52FA1B655408B0695	target_d001	LIFESTYLE_FACTOR	less physical activity	false	medical_kg_gold				target	1		false
t::d001::ENT_01D6BAA7FCA857C45DBD	ENT_01D6BAA7FCA857C45DBD	target_d001	DRUG	novolin-R	false	medical_kg_gold				target	1		false
t::d001::ENT_01DF4CE36A851591404E	ENT_01DF4CE36A851591404E	target_d001	DISEASE	urinary incontinence	false	medical_kg_gold				target	1		false
t::d001::ENT_01EAFE0DDAB9AAC953A4	ENT_01EAFE0DDAB9AAC953A4	target_d001	GENE	RPTOR (rs12946115)	false	medical_kg_gold				target	1		false
t::d001::ENT_01F775516DF53082D7E8	ENT_01F775516DF53082D7E8	target_d001	BIOMARKER	TG, HDL-C and UA level	false	medical_kg_gold				target	1		false
t::d001::ENT_01FCAF8FE96C7DBE97CA	ENT_01FCAF8FE96C7DBE97CA	target_d001	NUTRIENT	saturated fatty acid intake	false	medical_kg_gold				target	1		false
t::d001::ENT_020AF81D54FC17ACF553	ENT_020AF81D54FC17ACF553	target_d001	OTHER	Haplotype TA and CA in rs2971672 and rs2300587	false	medical_kg_gold				target	1		false
t::d001::ENT_0218CD890B8B5DF1F8D0	ENT_0218CD890B8B5DF1F8D0	target_d001	LAB_MEASUREMENT	TG levels	false	medical_kg_gold				target	1		false
t::d001::ENT_022079E4556808198DF0	ENT_022079E4556808198DF0	target_d001	BIOMARKER	Longitudinal peak strain of right ventricular free wall (RVLPSF)	false	medical_kg_gold				target	1		false
t::d001::ENT_0224507326369E4F8D73	ENT_0224507326369E4F8D73	target_d001	CLINICAL_OUTCOME	high risk for OSA	false	medical_kg_gold				target	1		false
t::d001::ENT_0229745617CF5D4BEABF	ENT_0229745617CF5D4BEABF	target_d001	LAB_MEASUREMENT	A	false	medical_kg_gold				target	1		false
t::d001::ENT_023AB089A17FFDC14CCA	ENT_023AB089A17FFDC14CCA	target_d001	TREATMENT	clinical pathway on surgical therapy of T2DM	false	medical_kg_gold				target	1		false
t::d001::ENT_0241667B5A6FD8C4E9AD	ENT_0241667B5A6FD8C4E9AD	target_d001	GENE	981 point in PTP-1B gene	false	medical_kg_gold				target	1		false
t::d001::ENT_02477B181365078181B5	ENT_02477B181365078181B5	target_d001	DISEASE	chronic disease	false	medical_kg_gold				target	1		false
t::d001::ENT_024791E95278FE00724C	ENT_024791E95278FE00724C	target_d001	TREATMENT	CT	false	medical_kg_gold				target	1		false
t::d001::ENT_02537D89249C8BDDB7CC	ENT_02537D89249C8BDDB7CC	target_d001	LAB_MEASUREMENT	positive rate of CD62P cells	false	medical_kg_gold				target	1		false
t::d001::ENT_025699592A1BCA93060C	ENT_025699592A1BCA93060C	target_d001	LAB_MEASUREMENT	periodontal indexes	false	medical_kg_gold				target	1		false
t::d001::ENT_0259BA3432E858EFF2C3	ENT_0259BA3432E858EFF2C3	target_d001	COMPOUND	manganese	false	medical_kg_gold				target	1		false
t::d001::ENT_0261705AAE5E2908C0A7	ENT_0261705AAE5E2908C0A7	target_d001	DISEASE	gingivitis or periodontitis	false	medical_kg_gold				target	1		false
t::d001::ENT_026EC4F032A74F6EFEF2	ENT_026EC4F032A74F6EFEF2	target_d001	CLINICAL_OUTCOME	impaired QoL	false	medical_kg_gold				target	1		false
t::d001::ENT_02781F176264A5EABFFE	ENT_02781F176264A5EABFFE	target_d001	PHYSIOLOGICAL_PROCESS	glucose metabolism	false	medical_kg_gold				target	1		false
t::d001::ENT_028BE8D2203A122B11BC	ENT_028BE8D2203A122B11BC	target_d001	INTERVENTION	Intensive lifestyle changes	false	medical_kg_gold				target	1		false
t::d001::ENT_028EC20539FB8E47CB4F	ENT_028EC20539FB8E47CB4F	target_d001	GENE	Z15	false	medical_kg_gold				target	1		false
t::d001::ENT_0297537A7B445DA675E5	ENT_0297537A7B445DA675E5	target_d001	SYMPTOM	neurological deficits	false	medical_kg_gold				target	1		false
t::d001::ENT_0297C5D568337FC2B10D	ENT_0297C5D568337FC2B10D	target_d001	RISK_FACTOR	sleep disorders	false	medical_kg_gold				target	1		false
t::d001::ENT_029B0D77FE84B313AA6E	ENT_029B0D77FE84B313AA6E	target_d001	OTHER	four main haplotypes (TAG, TGG, TAT, CGG) in rs2268569, rs12702070 and rs1476891	false	medical_kg_gold				target	1		false
t::d001::ENT_029D4A7319D5FBA87691	ENT_029D4A7319D5FBA87691	target_d001	GENE	PPAR-γ	false	medical_kg_gold				target	1		false
t::d001::ENT_029E674E477E4B38FEAD	ENT_029E674E477E4B38FEAD	target_d001	BIOLOGICAL_PROCESS	ridge resorption	false	medical_kg_gold				target	1		false
t::d001::ENT_02A3E4E7D424BA27C4CA	ENT_02A3E4E7D424BA27C4CA	target_d001	PHENOTYPE	MONW	false	medical_kg_gold				target	1		false
t::d001::ENT_02BB308CFCECA6245A08	ENT_02BB308CFCECA6245A08	target_d001	OTHER	Systolic BP (mmHg)	false	medical_kg_gold				target	1		false
t::d001::ENT_02BE863E0CBF812DA572	ENT_02BE863E0CBF812DA572	target_d001	GENE	miR-126	false	medical_kg_gold				target	1		false
t::d001::ENT_02C47B4EF70FBA8C18D7	ENT_02C47B4EF70FBA8C18D7	target_d001	DISEASE	neurotropic corneal epithelial keratopathy	false	medical_kg_gold				target	1		false
t::d001::ENT_02C7000CED14C6093A28	ENT_02C7000CED14C6093A28	target_d001	BIOMARKER	Hb-AGEs levels	false	medical_kg_gold				target	1		false
t::d001::ENT_02F13006A3BDD48777BD	ENT_02F13006A3BDD48777BD	target_d001	GENE	KCNJ11 (E23K) (rs5219) gene polymorphism	false	medical_kg_gold				target	1		false
t::d001::ENT_02F5DFA129F280AB9272	ENT_02F5DFA129F280AB9272	target_d001	DISEASE	silent strokes	false	medical_kg_gold				target	1		false
t::d001::ENT_02F81C25D4479518B20E	ENT_02F81C25D4479518B20E	target_d001	PROTEIN	hIAPP	false	medical_kg_gold				target	1		false
t::d001::ENT_0320E3350F1893BC9440	ENT_0320E3350F1893BC9440	target_d001	DRUG	hypoglycemic drugs	false	medical_kg_gold				target	1		false
t::d001::ENT_0327E1E0CB105BDD05F1	ENT_0327E1E0CB105BDD05F1	target_d001	DRUG	puerarin	false	medical_kg_gold				target	1		false
t::d001::ENT_0327F83880AC2AE366A6	ENT_0327F83880AC2AE366A6	target_d001	RISK_FACTOR	hereditary familial antecedent	false	medical_kg_gold				target	1		false
t::d001::ENT_033222995E38C6BD9785	ENT_033222995E38C6BD9785	target_d001	DISEASE	sensorineural hearing loss	false	medical_kg_gold				target	1		false
t::d001::ENT_033A72B0C2191A30BF5B	ENT_033A72B0C2191A30BF5B	target_d001	CELL	beta cell	false	medical_kg_gold				target	1		false
t::d001::ENT_03470D9C25FF9F59B6EE	ENT_03470D9C25FF9F59B6EE	target_d001	BIOLOGICAL_PROCESS	Dysregulation of the production of adipokines and free fatty acids	false	medical_kg_gold				target	1		false
t::d001::ENT_035C457CE02B6117C55D	ENT_035C457CE02B6117C55D	target_d001	BIOMARKER	prothrombin fragment 1+2	false	medical_kg_gold				target	1		false
t::d001::ENT_0366812836F5E92F61FA	ENT_0366812836F5E92F61FA	target_d001	COMPOUND	serum Mg	false	medical_kg_gold				target	1		false
t::d001::ENT_0369C5FE2BDF9574BE0F	ENT_0369C5FE2BDF9574BE0F	target_d001	PHENOTYPE	Elevated triglycerides	false	medical_kg_gold				target	1		false
t::d001::ENT_0377C73F54B157CB65FA	ENT_0377C73F54B157CB65FA	target_d001	DRUG	Lodhradi Kashaya Ghanvati	false	medical_kg_gold				target	1		false
t::d001::ENT_0379F18B72EF2C185A52	ENT_0379F18B72EF2C185A52	target_d001	OTHER	low sense of coherence	false	medical_kg_gold				target	1		false
t::d001::ENT_037EA47C256EA63EFE3E	ENT_037EA47C256EA63EFE3E	target_d001	LAB_MEASUREMENT	blood sugar level	false	medical_kg_gold				target	1		false
t::d001::ENT_0391739C1E062A00375B	ENT_0391739C1E062A00375B	target_d001	PHYSIOLOGICAL_PROCESS	arterial elasticity	false	medical_kg_gold				target	1		false
t::d001::ENT_03B2F13B634444D7B994	ENT_03B2F13B634444D7B994	target_d001	PHENOTYPE	Abnormal lipid metabolism	false	medical_kg_gold				target	1		false
t::d001::ENT_03C3BFE4EA3AD6A430EF	ENT_03C3BFE4EA3AD6A430EF	target_d001	LAB_MEASUREMENT	albumin level	false	medical_kg_gold				target	1		false
t::d001::ENT_03D3FB0EE6757DD40314	ENT_03D3FB0EE6757DD40314	target_d001	BIOMARKER	serum CRP	false	medical_kg_gold				target	1		false
t::d001::ENT_03DDD3A4EC13E7A51D92	ENT_03DDD3A4EC13E7A51D92	target_d001	BIOLOGICAL_PROCESS	high oxidation of free fatty acid	false	medical_kg_gold				target	1		false
t::d001::ENT_03F6DC33AA13F12BCFC7	ENT_03F6DC33AA13F12BCFC7	target_d001	PHENOTYPE	rheological disorders	false	medical_kg_gold				target	1		false
t::d001::ENT_0410A1BFDC84E972CBC5	ENT_0410A1BFDC84E972CBC5	target_d001	CLINICAL_OUTCOME	cure	false	medical_kg_gold				target	1		false
t::d001::ENT_0410F53AEFA6CC94B89B	ENT_0410F53AEFA6CC94B89B	target_d001	TREATMENT	surgery treatment for upper extremity peripheral nerve entrapment syndrome	false	medical_kg_gold				target	1		false
t::d001::ENT_041103C963D4DBE9DAE2	ENT_041103C963D4DBE9DAE2	target_d001	RISK_FACTOR	income deprivation	false	medical_kg_gold				target	1		false
t::d001::ENT_0417724B839A1EC97D24	ENT_0417724B839A1EC97D24	target_d001	PROTEIN	CysC	false	medical_kg_gold				target	1		false
t::d001::ENT_042C9A97A5C15186C103	ENT_042C9A97A5C15186C103	target_d001	TREATMENT	metformin+insulin	false	medical_kg_gold				target	1		false
t::d001::ENT_0430949108C766FDF95D	ENT_0430949108C766FDF95D	target_d001	DIET	changing diet	false	medical_kg_gold				target	1		false
t::d001::ENT_04311DA4E42E57E61F8E	ENT_04311DA4E42E57E61F8E	target_d001	PATHWAY	aminoacyl-tRNA biosynthesis	false	medical_kg_gold				target	1		false
t::d001::ENT_043661C090AD7BE36D32	ENT_043661C090AD7BE36D32	target_d001	GENE	PAI-1 genotype	false	medical_kg_gold				target	1		false
t::d001::ENT_04386B30106E06529B2A	ENT_04386B30106E06529B2A	target_d001	COMPOUND	serum 1,25-dihydroxyvitamin D3	false	medical_kg_gold				target	1		false
t::d001::ENT_0449C7FADE1BB42B1CCC	ENT_0449C7FADE1BB42B1CCC	target_d001	BIOMARKER	antibody titer primarily to glutamate decarboxylase and islet cells	false	medical_kg_gold				target	1		false
t::d001::ENT_044CCA8B7FEECF079E9C	ENT_044CCA8B7FEECF079E9C	target_d001	LAB_MEASUREMENT	lipid peroxidation	false	medical_kg_gold				target	1		false
t::d001::ENT_046E614CDCC0DBE49852	ENT_046E614CDCC0DBE49852	target_d001	BIOMARKER	intensity	false	medical_kg_gold				target	1		false
t::d001::ENT_04708ECA84D0432F94A8	ENT_04708ECA84D0432F94A8	target_d001	COMPOUND	Iron	false	medical_kg_gold				target	1		false
t::d001::ENT_0471829A807A64A124DF	ENT_0471829A807A64A124DF	target_d001	DISEASE	silent heart ischemia	false	medical_kg_gold				target	1		false
t::d001::ENT_047B44F273DBFC8F9BF2	ENT_047B44F273DBFC8F9BF2	target_d001	OTHER	C-11377G	false	medical_kg_gold				target	1		false
t::d001::ENT_047CDAE8A206522FE12B	ENT_047CDAE8A206522FE12B	target_d001	PHENOTYPE	morphologic changes of pancreas	false	medical_kg_gold				target	1		false
t::d001::ENT_048A563122ECA3237CBF	ENT_048A563122ECA3237CBF	target_d001	OTHER	homozygous genotype G/G of the polymorphic locus gene	false	medical_kg_gold				target	1		false
t::d001::ENT_0499230D6ED24BE5A854	ENT_0499230D6ED24BE5A854	target_d001	OTHER	High XOR activity	false	medical_kg_gold				target	1		false
t::d001::ENT_049E34EAF5EBB18F16A3	ENT_049E34EAF5EBB18F16A3	target_d001	TREATMENT	metabolic and bariatric surgery	false	medical_kg_gold				target	1		false
t::d001::ENT_04A914A7DFD7AB672A53	ENT_04A914A7DFD7AB672A53	target_d001	FOOD	foxtail millet incorporated buffalo meat sausage	false	medical_kg_gold				target	1		false
t::d001::ENT_04A9C87A09A4E414CCEF	ENT_04A9C87A09A4E414CCEF	target_d001	DISEASE	obesity, hypertension, dyslipidaemia, hyperuricaemia and coronary vascular disease (CVD)	false	medical_kg_gold				target	1		false
t::d001::ENT_04C70CCD6817A5326F0C	ENT_04C70CCD6817A5326F0C	target_d001	GENE	3537A→G	false	medical_kg_gold				target	1		false
t::d001::ENT_04CD844607601A930975	ENT_04CD844607601A930975	target_d001	NUTRIENT	folic acid	false	medical_kg_gold				target	1		false
t::d001::ENT_04CF469F628874D93839	ENT_04CF469F628874D93839	target_d001	POPULATION	Māori	false	medical_kg_gold				target	1		false
t::d001::ENT_04F773C49D8AE7E82D00	ENT_04F773C49D8AE7E82D00	target_d001	TREATMENT	movement therapy	false	medical_kg_gold				target	1		false
t::d001::ENT_04F7D58BA44A0C8AD9BF	ENT_04F7D58BA44A0C8AD9BF	target_d001	LAB_MEASUREMENT	left baPWV	false	medical_kg_gold				target	1		false
t::d001::ENT_0513A86A148485EA94F1	ENT_0513A86A148485EA94F1	target_d001	OTHER	Measuring serum TNF and SA	false	medical_kg_gold				target	1		false
t::d001::ENT_05208200B0CB4813CEE7	ENT_05208200B0CB4813CEE7	target_d001	CELL	osteoclasts	false	medical_kg_gold				target	1		false
t::d001::ENT_0536085893F40BED2DA4	ENT_0536085893F40BED2DA4	target_d001	PHYSIOLOGICAL_PROCESS	melatonin secretion	false	medical_kg_gold				target	1		false
t::d001::ENT_053E5E4CFEBC91671FBE	ENT_053E5E4CFEBC91671FBE	target_d001	DISEASE	T1D	false	medical_kg_gold				target	1		false
t::d001::ENT_0545AC4429E79A9FACFF	ENT_0545AC4429E79A9FACFF	target_d001	RISK_FACTOR	high blood lipids	false	medical_kg_gold				target	1		false
t::d001::ENT_05473D00EF03C3CD69BA	ENT_05473D00EF03C3CD69BA	target_d001	OTHER	Trp/Arg variation	false	medical_kg_gold				target	1		false
t::d001::ENT_0556C1240498082C20F9	ENT_0556C1240498082C20F9	target_d001	DISEASE	osteopenia and osteoporosis	false	medical_kg_gold				target	1		false
t::d001::ENT_0558BB51CD4DC5914DE9	ENT_0558BB51CD4DC5914DE9	target_d001	BIOMARKER	creatine kinase	false	medical_kg_gold				target	1		false
t::d001::ENT_0571A35B7C9E13C70794	ENT_0571A35B7C9E13C70794	target_d001	GENE	TLR4	false	medical_kg_gold				target	1		false
t::d001::ENT_0583D400B57850030DFA	ENT_0583D400B57850030DFA	target_d001	OTHER	aa+ab genotype	false	medical_kg_gold				target	1		false
t::d001::ENT_05849023B53F5454B0C6	ENT_05849023B53F5454B0C6	target_d001	RISK_FACTOR	malnutrition	false	medical_kg_gold				target	1		false
t::d001::ENT_058648081F28CDEDBA66	ENT_058648081F28CDEDBA66	target_d001	RISK_FACTOR	long-term unemployment	false	medical_kg_gold				target	1		false
t::d001::ENT_058661B3C9A89DBD1A65	ENT_058661B3C9A89DBD1A65	target_d001	DRUG	metformin and glimepiride	false	medical_kg_gold				target	1		false
t::d001::ENT_0589510BC0D6226F7CF6	ENT_0589510BC0D6226F7CF6	target_d001	BEHAVIOR	abuse of addictive substances	false	medical_kg_gold				target	1		false
t::d001::ENT_058CE94CB29944281D8D	ENT_058CE94CB29944281D8D	target_d001	LAB_MEASUREMENT	low density lipoprotein (LDL)	false	medical_kg_gold				target	1		false
t::d001::ENT_05BD1923AB2953A0855B	ENT_05BD1923AB2953A0855B	target_d001	OTHER	saxagliptin and acarbose	false	medical_kg_gold				target	1		false
t::d001::ENT_05CA3DD4CF04948E0636	ENT_05CA3DD4CF04948E0636	target_d001	DISEASE	severe coronary arteries stenosis	false	medical_kg_gold				target	1		false
t::d001::ENT_05E697B6B1A7ABF42FF6	ENT_05E697B6B1A7ABF42FF6	target_d001	CLINICAL_OUTCOME	purulent complications	false	medical_kg_gold				target	1		false
t::d001::ENT_05F5D97C08A5B2D305AF	ENT_05F5D97C08A5B2D305AF	target_d001	OTHER	polymorphisms of rs2701880, rs2755213 and rs10507486 in FOXO1 gene	false	medical_kg_gold				target	1		false
t::d001::ENT_060103D7B59323992E6B	ENT_060103D7B59323992E6B	target_d001	POPULATION	first degree relatives of type 2 diabetes	false	medical_kg_gold				target	1		false
t::d001::ENT_0631598E7D75226AEFF7	ENT_0631598E7D75226AEFF7	target_d001	BIOMARKER	platelet surface GPⅥ expression	false	medical_kg_gold				target	1		false
t::d001::ENT_063541F172A8707188EF	ENT_063541F172A8707188EF	target_d001	DRUG	clozapine or olanzapine	false	medical_kg_gold				target	1		false
t::d001::ENT_06476B4EB6E0B6470E53	ENT_06476B4EB6E0B6470E53	target_d001	LAB_MEASUREMENT	ΔI30/ΔG30	false	medical_kg_gold				target	1		false
t::d001::ENT_06528D25FC3863D20F29	ENT_06528D25FC3863D20F29	target_d001	OTHER	inheritance of the K allele	false	medical_kg_gold				target	1		false
t::d001::ENT_065F952536B792922EE6	ENT_065F952536B792922EE6	target_d001	PHYSIOLOGICAL_PROCESS	impairment in insulin action in skeletal muscles	false	medical_kg_gold				target	1		false
t::d001::ENT_066DED3E6907519B24AC	ENT_066DED3E6907519B24AC	target_d001	PROTEIN	HSP90	false	medical_kg_gold				target	1		false
t::d001::ENT_0695990D2C80FA942547	ENT_0695990D2C80FA942547	target_d001	GENE	rs5219 ( E23K )	false	medical_kg_gold				target	1		false
t::d001::ENT_06AEC5CAC75242CA1CD1	ENT_06AEC5CAC75242CA1CD1	target_d001	GENE	miR-29a	false	medical_kg_gold				target	1		false
t::d001::ENT_06C6CEDECD495C877981	ENT_06C6CEDECD495C877981	target_d001	OTHER	PGC-1α Gly482Ser polymorphism	false	medical_kg_gold				target	1		false
t::d001::ENT_06C888BA9E007AC68A43	ENT_06C888BA9E007AC68A43	target_d001	OTHER	damp-heat syndrome	false	medical_kg_gold				target	1		false
t::d001::ENT_06CDF12158F2B9E2D702	ENT_06CDF12158F2B9E2D702	target_d001	PROTEIN	NF-κB	false	medical_kg_gold				target	1		false
t::d001::ENT_06D25B0E73CAD69B4212	ENT_06D25B0E73CAD69B4212	target_d001	DRUG	probucol	false	medical_kg_gold				target	1		false
t::d001::ENT_06E7257ADC9AAD882C96	ENT_06E7257ADC9AAD882C96	target_d001	OTHER	SNP+276	false	medical_kg_gold				target	1		false
t::d001::ENT_06FBDE79C04235A3F799	ENT_06FBDE79C04235A3F799	target_d001	METABOLITE	Serum Hcy level	false	medical_kg_gold				target	1		false
t::d001::ENT_070104FD97997048624D	ENT_070104FD97997048624D	target_d001	DRUG	small nonpeptide molecules that directly sensitize the IR	false	medical_kg_gold				target	1		false
t::d001::ENT_070688CB2038F4F6C474	ENT_070688CB2038F4F6C474	target_d001	RISK_FACTOR	overweight	false	medical_kg_gold				target	1		false
t::d001::ENT_0709FAAFCFAB078F525D	ENT_0709FAAFCFAB078F525D	target_d001	PHYSIOLOGICAL_PROCESS	myocardial reperfusion	false	medical_kg_gold				target	1		false
t::d001::ENT_0710FADDF9317FA659CA	ENT_0710FADDF9317FA659CA	target_d001	DISEASE	Cardiovascular pathology and cerebrovascular disease	false	medical_kg_gold				target	1		false
t::d001::ENT_071B81C0AD161BAFBCAA	ENT_071B81C0AD161BAFBCAA	target_d001	BIOMARKER	GSP	false	medical_kg_gold				target	1		false
t::d001::ENT_071D8ED5ED0AD28EBEE3	ENT_071D8ED5ED0AD28EBEE3	target_d001	DISEASE	Diabetes mellitus	false	medical_kg_gold				target	1		false
t::d001::ENT_072BDC0B922188FAE946	ENT_072BDC0B922188FAE946	target_d001	CLINICAL_OUTCOME	recurrence rate	false	medical_kg_gold				target	1		false
t::d001::ENT_0737917A7114218666D6	ENT_0737917A7114218666D6	target_d001	DISEASE	pulmonary tuberculosis complicated with diabetes	false	medical_kg_gold				target	1		false
t::d001::ENT_0740DB076409EE703EFA	ENT_0740DB076409EE703EFA	target_d001	PHENOTYPE	hypoadiponectinemia	false	medical_kg_gold				target	1		false
t::d001::ENT_0743AFBEB25664B5390C	ENT_0743AFBEB25664B5390C	target_d001	LAB_MEASUREMENT	endothelial cell density	false	medical_kg_gold				target	1		false
t::d001::ENT_0744D865D2A258A33936	ENT_0744D865D2A258A33936	target_d001	PHENOTYPE	insulin dependence	false	medical_kg_gold				target	1		false
t::d001::ENT_074E2A1F740128205766	ENT_074E2A1F740128205766	target_d001	PROTEIN	nesfatin-1	false	medical_kg_gold				target	1		false
t::d001::ENT_0764DA65F129EA597DB3	ENT_0764DA65F129EA597DB3	target_d001	SYMPTOM	emotional distress	false	medical_kg_gold				target	1		false
t::d001::ENT_076CC6BA3FCDAE75A332	ENT_076CC6BA3FCDAE75A332	target_d001	TREATMENT	JAD	false	medical_kg_gold				target	1		false
t::d001::ENT_077804E1E638948C922A	ENT_077804E1E638948C922A	target_d001	BIOLOGICAL_PROCESS	phosphorylation of GSK-3β	false	medical_kg_gold				target	1		false
t::d001::ENT_0778CFDB668ABA812C91	ENT_0778CFDB668ABA812C91	target_d001	RISK_FACTOR	high BMI	false	medical_kg_gold				target	1		false
t::d001::ENT_079334D0EE6C82CE66D4	ENT_079334D0EE6C82CE66D4	target_d001	GENE	miR-197	false	medical_kg_gold				target	1		false
t::d001::ENT_07951DA385B593224033	ENT_07951DA385B593224033	target_d001	RISK_FACTOR	25-hydroxyvitamin D lower than normal	false	medical_kg_gold				target	1		false
t::d001::ENT_07AA5F6CA44862A996CF	ENT_07AA5F6CA44862A996CF	target_d001	BIOMARKER	serum Vitamin C and vitamin E	false	medical_kg_gold				target	1		false
t::d001::ENT_07AC2A13300A4EDF1F35	ENT_07AC2A13300A4EDF1F35	target_d001	LAB_MEASUREMENT	serum insulin	false	medical_kg_gold				target	1		false
t::d001::ENT_07B6CCD83FA8C98B15BA	ENT_07B6CCD83FA8C98B15BA	target_d001	DIET	milk intake	false	medical_kg_gold				target	1		false
t::d001::ENT_07D54702FDE88E2FE50F	ENT_07D54702FDE88E2FE50F	target_d001	DISEASE	left ventricular dysfunction	false	medical_kg_gold				target	1		false
t::d001::ENT_07E8D371FCD98FA5E49C	ENT_07E8D371FCD98FA5E49C	target_d001	PROTEIN	platelets CD62P	false	medical_kg_gold				target	1		false
t::d001::ENT_07F0F8186E64A2058F9D	ENT_07F0F8186E64A2058F9D	target_d001	BIOLOGICAL_PROCESS	beta cell failure	false	medical_kg_gold				target	1		false
t::d001::ENT_081749ABAC4A57996DA2	ENT_081749ABAC4A57996DA2	target_d001	CLINICAL_OUTCOME	metastasizing rate	false	medical_kg_gold				target	1		false
t::d001::ENT_081FB9133C9A1AC1220F	ENT_081FB9133C9A1AC1220F	target_d001	PHENOTYPE	B cell deficiency	false	medical_kg_gold				target	1		false
t::d001::ENT_081FDE59A0AB82BB2B90	ENT_081FDE59A0AB82BB2B90	target_d001	TREATMENT	invigorating Qi and nourishing Yin method and porcine pancreas	false	medical_kg_gold				target	1		false
t::d001::ENT_0830DDDEED907EC4B007	ENT_0830DDDEED907EC4B007	target_d001	PROTEIN	bax	false	medical_kg_gold				target	1		false
t::d001::ENT_08365D48D7ABAC9B133C	ENT_08365D48D7ABAC9B133C	target_d001	BIOMARKER	LP-PLA2	false	medical_kg_gold				target	1		false
t::d001::ENT_084F44DD76459449A542	ENT_084F44DD76459449A542	target_d001	PHYSIOLOGICAL_PROCESS	inflammatory response in DVT	false	medical_kg_gold				target	1		false
t::d001::ENT_08528562A8191FCA04A5	ENT_08528562A8191FCA04A5	target_d001	LAB_MEASUREMENT	FVC	false	medical_kg_gold				target	1		false
t::d001::ENT_0854460BAF52C6E5BFC2	ENT_0854460BAF52C6E5BFC2	target_d001	PROTEIN	TLR4	false	medical_kg_gold				target	1		false
t::d001::ENT_085D735EF6B7328E4E2E	ENT_085D735EF6B7328E4E2E	target_d001	BIOMARKER	Serum oxytocin level	false	medical_kg_gold				target	1		false
t::d001::ENT_086242FE29A9A7160910	ENT_086242FE29A9A7160910	target_d001	LAB_MEASUREMENT	FPG 5.6～6.1mmol/L	false	medical_kg_gold				target	1		false
t::d001::ENT_08688BF139CA1CA25A4D	ENT_08688BF139CA1CA25A4D	target_d001	CELL	number of cholinergic neurons	false	medical_kg_gold				target	1		false
t::d001::ENT_086D4F7FE3747B5959FB	ENT_086D4F7FE3747B5959FB	target_d001	GENE	OPRM1 C-102 variant	false	medical_kg_gold				target	1		false
t::d001::ENT_086E4990E6E3BD9E3948	ENT_086E4990E6E3BD9E3948	target_d001	DIET	little fruit intake	false	medical_kg_gold				target	1		false
t::d001::ENT_086EDAEB3B0A92189B60	ENT_086EDAEB3B0A92189B60	target_d001	OTHER	TT genotype	false	medical_kg_gold				target	1		false
t::d001::ENT_08816903015807D83D72	ENT_08816903015807D83D72	target_d001	PROTEIN	DPP-Ⅳ	false	medical_kg_gold				target	1		false
t::d001::ENT_0886051541BB5ADB688C	ENT_0886051541BB5ADB688C	target_d001	TREATMENT	clozapine either alone or in combination with typical antipsychotics	false	medical_kg_gold				target	1		false
t::d001::ENT_0888F66EA758AEF536FD	ENT_0888F66EA758AEF536FD	target_d001	GENE	rs12255372	false	medical_kg_gold				target	1		false
t::d001::ENT_088CD4DB211225E29417	ENT_088CD4DB211225E29417	target_d001	PHENOTYPE	β cell first phase insulin secretion defect	false	medical_kg_gold				target	1		false
t::d001::ENT_08ABC11DDFE74C42C5E5	ENT_08ABC11DDFE74C42C5E5	target_d001	PROTEIN	leptin	false	medical_kg_gold				target	1		false
t::d001::ENT_08AF6535A3B5638391E0	ENT_08AF6535A3B5638391E0	target_d001	LAB_MEASUREMENT	serum ADA	false	medical_kg_gold				target	1		false
t::d001::ENT_08B3684266652AE89BFA	ENT_08B3684266652AE89BFA	target_d001	CLINICAL_OUTCOME	recurrent sputum positive rate	false	medical_kg_gold				target	1		false
t::d001::ENT_08D11B070CFAA3C31D9C	ENT_08D11B070CFAA3C31D9C	target_d001	DISEASE	sarcopenia	false	medical_kg_gold				target	1		false
t::d001::ENT_08D63A40E729B53B0868	ENT_08D63A40E729B53B0868	target_d001	GENE	CT genotype of the C5L2 gene	false	medical_kg_gold				target	1		false
t::d001::ENT_08E576388411F9F8F28F	ENT_08E576388411F9F8F28F	target_d001	PHENOTYPE	insulin secretory defects	false	medical_kg_gold				target	1		false
t::d001::ENT_08EDD391C453CF19EF80	ENT_08EDD391C453CF19EF80	target_d001	LAB_MEASUREMENT	Na^＋，K^＋-ATPase活性	false	medical_kg_gold				target	1		false
t::d001::ENT_08F61C8DF6D2815B022D	ENT_08F61C8DF6D2815B022D	target_d001	PHENOTYPE	non-calcified plaques	false	medical_kg_gold				target	1		false
t::d001::ENT_091619F0F30C5FD40191	ENT_091619F0F30C5FD40191	target_d001	LAB_MEASUREMENT	serum cholesterol	false	medical_kg_gold				target	1		false
t::d001::ENT_091F21BD30719A66EB4F	ENT_091F21BD30719A66EB4F	target_d001	PROTEIN	CTGF	false	medical_kg_gold				target	1		false
t::d001::ENT_091F94B9D46A87307EAC	ENT_091F94B9D46A87307EAC	target_d001	PHENOTYPE	severity of coronary lesions	false	medical_kg_gold				target	1		false
t::d001::ENT_09371D11A612A2ECCB06	ENT_09371D11A612A2ECCB06	target_d001	GENE	variation of calpain-10 gene	false	medical_kg_gold				target	1		false
t::d001::ENT_094ECE80D146F7369A8C	ENT_094ECE80D146F7369A8C	target_d001	LAB_MEASUREMENT	left atrial dimensions	false	medical_kg_gold				target	1		false
t::d001::ENT_09537E27811B2677B07E	ENT_09537E27811B2677B07E	target_d001	LAB_MEASUREMENT	QTcd and QTd	false	medical_kg_gold				target	1		false
t::d001::ENT_095993C3FD87C21BCFE0	ENT_095993C3FD87C21BCFE0	target_d001	LAB_MEASUREMENT	plasma TNF-α	false	medical_kg_gold				target	1		false
t::d001::ENT_095FC9695D14615FD8C9	ENT_095FC9695D14615FD8C9	target_d001	BIOMARKER	AA	false	medical_kg_gold				target	1		false
t::d001::ENT_096C27260119E4F099A0	ENT_096C27260119E4F099A0	target_d001	LAB_MEASUREMENT	faster pulse wave conduction velocity	false	medical_kg_gold				target	1		false
t::d001::ENT_097A8ABF8FFC1147C7AF	ENT_097A8ABF8FFC1147C7AF	target_d001	PHENOTYPE	early puberty	false	medical_kg_gold				target	1		false
t::d001::ENT_097CAF2D8A7AFC24A5A6	ENT_097CAF2D8A7AFC24A5A6	target_d001	DISEASE	pneumonia	false	medical_kg_gold				target	1		false
t::d001::ENT_098CD2E3A3D7C030E829	ENT_098CD2E3A3D7C030E829	target_d001	LAB_MEASUREMENT	Scr	false	medical_kg_gold				target	1		false
t::d001::ENT_09937FAF42F7996E344E	ENT_09937FAF42F7996E344E	target_d001	GENE	CETP gene TaqⅠ polymorphism	false	medical_kg_gold				target	1		false
t::d001::ENT_099ECCA5D0202200CC09	ENT_099ECCA5D0202200CC09	target_d001	OTHER	Pro12Ala polymorphism in PPARγ2 gene	false	medical_kg_gold				target	1		false
t::d001::ENT_09AC95C2ADE84A156F8E	ENT_09AC95C2ADE84A156F8E	target_d001	BIOMARKER	serum Hs-CRP	false	medical_kg_gold				target	1		false
t::d001::ENT_09B31FDEE14185B401C3	ENT_09B31FDEE14185B401C3	target_d001	COMPOUND	activator of XBP1	false	medical_kg_gold				target	1		false
t::d001::ENT_09C46594E345B398B958	ENT_09C46594E345B398B958	target_d001	TISSUE	ocular surface	false	medical_kg_gold				target	1		false
t::d001::ENT_09C9D58CEBB24E245C29	ENT_09C9D58CEBB24E245C29	target_d001	DRUG	basal insulin	false	medical_kg_gold				target	1		false
t::d001::ENT_09D609047FC5126557E6	ENT_09D609047FC5126557E6	target_d001	PROTEIN	serum CRP concentration	false	medical_kg_gold				target	1		false
t::d001::ENT_09EB26E7B1258D9B6DDA	ENT_09EB26E7B1258D9B6DDA	target_d001	ENVIRONMENTAL_EXPOSURE	Intrauterine exposure to gestational diabetes mellitus	false	medical_kg_gold				target	1		false
t::d001::ENT_09F06C75B3D95F0A37CE	ENT_09F06C75B3D95F0A37CE	target_d001	GENE	PON2 gene	false	medical_kg_gold				target	1		false
t::d001::ENT_09F35C85C111F62AF58E	ENT_09F35C85C111F62AF58E	target_d001	LAB_MEASUREMENT	area of myocardial infarction	false	medical_kg_gold				target	1		false
t::d001::ENT_09F8814E14DE2413F392	ENT_09F8814E14DE2413F392	target_d001	METABOLITE	HCY	false	medical_kg_gold				target	1		false
t::d001::ENT_09FAF46E6CC387DCB5E8	ENT_09FAF46E6CC387DCB5E8	target_d001	OTHER	root of P. alba	false	medical_kg_gold				target	1		false
t::d001::ENT_09FB44B490CD9CAB20D8	ENT_09FB44B490CD9CAB20D8	target_d001	DRUG	Jiangtang Baoxin pill	false	medical_kg_gold				target	1		false
t::d001::ENT_0A01732A689DD2C760F1	ENT_0A01732A689DD2C760F1	target_d001	LAB_MEASUREMENT	elevated transaminase	false	medical_kg_gold				target	1		false
t::d001::ENT_0A03D83B0BC2DDA4B0D1	ENT_0A03D83B0BC2DDA4B0D1	target_d001	RISK_FACTOR	family history of type 2 diabetes	false	medical_kg_gold				target	1		false
t::d001::ENT_0A071AA8F0D78847979F	ENT_0A071AA8F0D78847979F	target_d001	DIET	consumption of ultra-processed foods	false	medical_kg_gold				target	1		false
t::d001::ENT_0A20430A872F8A1F8FFA	ENT_0A20430A872F8A1F8FFA	target_d001	BIOMARKER	Higher levels of resistin	false	medical_kg_gold				target	1		false
t::d001::ENT_0A2F4E6DB82FDFC03A10	ENT_0A2F4E6DB82FDFC03A10	target_d001	LAB_MEASUREMENT	fasting serum leptin	false	medical_kg_gold				target	1		false
t::d001::ENT_0A3508CDA8BC86372013	ENT_0A3508CDA8BC86372013	target_d001	DRUG	Vitamin C	false	medical_kg_gold				target	1		false
t::d001::ENT_0A691C95871B22C720E5	ENT_0A691C95871B22C720E5	target_d001	OTHER	T3394C point mutation in the mitochondrial DNA ND1 gene	false	medical_kg_gold				target	1		false
t::d001::ENT_0A94D1E822A10FCD4331	ENT_0A94D1E822A10FCD4331	target_d001	GENE	miR-124a	false	medical_kg_gold				target	1		false
t::d001::ENT_0A9A319D9374CCBB616D	ENT_0A9A319D9374CCBB616D	target_d001	PHYSIOLOGICAL_PROCESS	emptying rate of the gallbladder	false	medical_kg_gold				target	1		false
t::d001::ENT_0A9C2EBCD13087EEF6C9	ENT_0A9C2EBCD13087EEF6C9	target_d001	GENE	gene polymorphism of MT1E rs 708274	false	medical_kg_gold				target	1		false
t::d001::ENT_0AA56060F939C0F50638	ENT_0AA56060F939C0F50638	target_d001	PROTEIN	IL-6	false	medical_kg_gold				target	1		false
t::d001::ENT_0AC3854035780E51D3BA	ENT_0AC3854035780E51D3BA	target_d001	DISEASE	proliferative diabetic retinopathy	false	medical_kg_gold				target	1		false
t::d001::ENT_0AD98EF333F61529D761	ENT_0AD98EF333F61529D761	target_d001	GENE	APM1 45 GG genotype	false	medical_kg_gold				target	1		false
t::d001::ENT_0ADBDEDE39F308CC673E	ENT_0ADBDEDE39F308CC673E	target_d001	CLINICAL_OUTCOME	bone mass loss	false	medical_kg_gold				target	1		false
t::d001::ENT_0AE2F4FD4CFA82BAD739	ENT_0AE2F4FD4CFA82BAD739	target_d001	GENE	GRL GT	false	medical_kg_gold				target	1		false
t::d001::ENT_0AEC11E7D50E83D2BE17	ENT_0AEC11E7D50E83D2BE17	target_d001	PHYSIOLOGICAL_PROCESS	postprandial Insulin action	false	medical_kg_gold				target	1		false
t::d001::ENT_0AF095C37EC5A465502D	ENT_0AF095C37EC5A465502D	target_d001	PHENOTYPE	mild impaired islet function	false	medical_kg_gold				target	1		false
t::d001::ENT_0AFFFA9B2BA7482FFFCD	ENT_0AFFFA9B2BA7482FFFCD	target_d001	OTHER	increased levels of FFA and hs-CRP	false	medical_kg_gold				target	1		false
t::d001::ENT_0B069A6FBB5243AB1DB1	ENT_0B069A6FBB5243AB1DB1	target_d001	PHENOTYPE	chronic negative effect on cognitive and decision-making skills	false	medical_kg_gold				target	1		false
t::d001::ENT_0B081A71681A0CC5818D	ENT_0B081A71681A0CC5818D	target_d001	PHENOTYPE	adipose tissue dysfunction	false	medical_kg_gold				target	1		false
t::d001::ENT_0B0F6A848A94211C11B5	ENT_0B0F6A848A94211C11B5	target_d001	BIOMARKER	HDL C and ApoAI	false	medical_kg_gold				target	1		false
t::d001::ENT_0B19E821B2DA628A372A	ENT_0B19E821B2DA628A372A	target_d001	DRUG	吡格列酮	false	medical_kg_gold				target	1		false
t::d001::ENT_0B290F5D7A209E4AB6B4	ENT_0B290F5D7A209E4AB6B4	target_d001	BIOMARKER	adiponectin concentration	false	medical_kg_gold				target	1		false
t::d001::ENT_0B2A0EF29AE926C97C4E	ENT_0B2A0EF29AE926C97C4E	target_d001	PHENOTYPE	total memory	false	medical_kg_gold				target	1		false
t::d001::ENT_0B36D265CD828DA8CD29	ENT_0B36D265CD828DA8CD29	target_d001	PROTEIN	apolipoprotein B	false	medical_kg_gold				target	1		false
t::d001::ENT_0B4A6C9FABBFE33CEB77	ENT_0B4A6C9FABBFE33CEB77	target_d001	SYMPTOM	psychological problems	false	medical_kg_gold				target	1		false
t::d001::ENT_0B4AA2B4AFCA4FBA7B6B	ENT_0B4AA2B4AFCA4FBA7B6B	target_d001	DISEASE	diabetic gastroparesis	false	medical_kg_gold				target	1		false
t::d001::ENT_0B5F6E724C78022B39D3	ENT_0B5F6E724C78022B39D3	target_d001	PROTEIN	AM	false	medical_kg_gold				target	1		false
t::d001::ENT_0B8A326E670B7AC26FFA	ENT_0B8A326E670B7AC26FFA	target_d001	LAB_MEASUREMENT	fasting plasma insulin level	false	medical_kg_gold				target	1		false
t::d001::ENT_0B99753E3101B3C9E65F	ENT_0B99753E3101B3C9E65F	target_d001	BIOMARKER	ß-Cell mass	false	medical_kg_gold				target	1		false
t::d001::ENT_0BA7ACA6E719A92CB9F5	ENT_0BA7ACA6E719A92CB9F5	target_d001	DISEASE	PI	false	medical_kg_gold				target	1		false
t::d001::ENT_0BA81DDEBE8B294D5C99	ENT_0BA81DDEBE8B294D5C99	target_d001	LAB_MEASUREMENT	activity of PAI-1	false	medical_kg_gold				target	1		false
t::d001::ENT_0BB97C0B0B6ACD85B3AC	ENT_0BB97C0B0B6ACD85B3AC	target_d001	DRUG	Drugs aimed at GIP or GIP receptor	false	medical_kg_gold				target	1		false
t::d001::ENT_0BBE7312BA1714CDB0C6	ENT_0BBE7312BA1714CDB0C6	target_d001	PROTEIN	Mn-SOD	false	medical_kg_gold				target	1		false
t::d001::ENT_0BD10AF7CA70B665B1C3	ENT_0BD10AF7CA70B665B1C3	target_d001	DRUG	AA	false	medical_kg_gold				target	1		false
t::d001::ENT_0BD5C617E382B6011874	ENT_0BD5C617E382B6011874	target_d001	BIOLOGICAL_PROCESS	consumption of platelet	false	medical_kg_gold				target	1		false
t::d001::ENT_0BDB7CDE0F6B47F15668	ENT_0BDB7CDE0F6B47F15668	target_d001	OTHER	putative pathogens	false	medical_kg_gold				target	1		false
t::d001::ENT_0BFD5ECFBF90A295DD68	ENT_0BFD5ECFBF90A295DD68	target_d001	DRUG	Dipeptidyl peptidase 4 inhibitors (DPP4is)	false	medical_kg_gold				target	1		false
t::d001::ENT_0C01428D7EFFE466006D	ENT_0C01428D7EFFE466006D	target_d001	LAB_MEASUREMENT	insulin sensitivity index(ISI)	false	medical_kg_gold				target	1		false
t::d001::ENT_0C1A92A99CB3354A1542	ENT_0C1A92A99CB3354A1542	target_d001	LAB_MEASUREMENT	fasting plasma vaspin levels	false	medical_kg_gold				target	1		false
t::d001::ENT_0C25536B0E69AEA36422	ENT_0C25536B0E69AEA36422	target_d001	PROTEIN	hsCRP	false	medical_kg_gold				target	1		false
t::d001::ENT_0C28C6369F440B8422B6	ENT_0C28C6369F440B8422B6	target_d001	BIOLOGICAL_PROCESS	bone absorption rate	false	medical_kg_gold				target	1		false
t::d001::ENT_0C3A7ED14853E0D3523C	ENT_0C3A7ED14853E0D3523C	target_d001	LAB_MEASUREMENT	琥珀酸脱氢酶活性	false	medical_kg_gold				target	1		false
t::d001::ENT_0C44613FC7B00BF2F8B0	ENT_0C44613FC7B00BF2F8B0	target_d001	LAB_MEASUREMENT	e/a ratio	false	medical_kg_gold				target	1		false
t::d001::ENT_0CB775885F531AFE01EC	ENT_0CB775885F531AFE01EC	target_d001	OTHER	rs1884614 polymorphism in HNF-4α gene	false	medical_kg_gold				target	1		false
t::d001::ENT_0CBD352773A225045B07	ENT_0CBD352773A225045B07	target_d001	DISEASE	idiopathic neuropathy	false	medical_kg_gold				target	1		false
t::d001::ENT_0CBF2729235389BCA667	ENT_0CBF2729235389BCA667	target_d001	PROTEIN	AMPK-α2 protein	false	medical_kg_gold				target	1		false
t::d001::ENT_0CD6987153483D6D5568	ENT_0CD6987153483D6D5568	target_d001	OTHER	increased cytokines	false	medical_kg_gold				target	1		false
t::d001::ENT_0CD7A05D53F2D7149E6A	ENT_0CD7A05D53F2D7149E6A	target_d001	LAB_MEASUREMENT	Myeloperoxidase level	false	medical_kg_gold				target	1		false
t::d001::ENT_0CDB9C29D55445D8BF29	ENT_0CDB9C29D55445D8BF29	target_d001	BIOMARKER	β2-Microglobulin(β2-MG)	false	medical_kg_gold				target	1		false
t::d001::ENT_0CE0AAD808B14B9FFAE7	ENT_0CE0AAD808B14B9FFAE7	target_d001	PROCEDURE	Determination of thyroid hormone levels	false	medical_kg_gold				target	1		false
t::d001::ENT_0CE9420916AA5C40D2F4	ENT_0CE9420916AA5C40D2F4	target_d001	PHENOTYPE	relative insulin deficiency	false	medical_kg_gold				target	1		false
t::d001::ENT_0CF082705DBCCF7C469A	ENT_0CF082705DBCCF7C469A	target_d001	PROTEIN	GIP	false	medical_kg_gold				target	1		false
t::d001::ENT_0CF4212AD432A30C4FC7	ENT_0CF4212AD432A30C4FC7	target_d001	METABOLITE	glucose	false	medical_kg_gold				target	1		false
t::d001::ENT_0CF864CA75F3E8916EFA	ENT_0CF864CA75F3E8916EFA	target_d001	CLINICAL_OUTCOME	one-year mortality	false	medical_kg_gold				target	1		false
t::d001::ENT_0D0B3C49C15D2DCF555D	ENT_0D0B3C49C15D2DCF555D	target_d001	PHENOTYPE	severe neurologic impairment	false	medical_kg_gold				target	1		false
t::d001::ENT_0D214CC06580DA351A29	ENT_0D214CC06580DA351A29	target_d001	BIOMARKER	urine CTX	false	medical_kg_gold				target	1		false
t::d001::ENT_0D40F26CD783BF4FF82B	ENT_0D40F26CD783BF4FF82B	target_d001	BIOMARKER	SOD	false	medical_kg_gold				target	1		false
t::d001::ENT_0D4BF274713E948FA101	ENT_0D4BF274713E948FA101	target_d001	GENE	TNF-α -238	false	medical_kg_gold				target	1		false
t::d001::ENT_0D4F03F4ADDAA441B755	ENT_0D4F03F4ADDAA441B755	target_d001	GENE	differentially expressed genes	false	medical_kg_gold				target	1		false
t::d001::ENT_0D5F43C0260019A829CF	ENT_0D5F43C0260019A829CF	target_d001	BEHAVIOR	commuting physical activity	false	medical_kg_gold				target	1		false
t::d001::ENT_0D5F62A8236D2D86643D	ENT_0D5F62A8236D2D86643D	target_d001	GENE	VDR-Bsm1(B/b) genotype	false	medical_kg_gold				target	1		false
t::d001::ENT_0D6367CF0A524690B6BE	ENT_0D6367CF0A524690B6BE	target_d001	BIOMARKER	β-cell mass	false	medical_kg_gold				target	1		false
t::d001::ENT_0D6AFC6E9C26319BFDEB	ENT_0D6AFC6E9C26319BFDEB	target_d001	GENE	26 genes	false	medical_kg_gold				target	1		false
t::d001::ENT_0D6BEE9A4B79AF828C41	ENT_0D6BEE9A4B79AF828C41	target_d001	BIOMARKER	total cholesterol(TC)	false	medical_kg_gold				target	1		false
t::d001::ENT_0D71ED573C08FA4B1937	ENT_0D71ED573C08FA4B1937	target_d001	DISEASE	Peripheral Arterial Disease (PAD)	false	medical_kg_gold				target	1		false
t::d001::ENT_0D7CE6827B5BC03E29BE	ENT_0D7CE6827B5BC03E29BE	target_d001	OTHER	delayed recall	false	medical_kg_gold				target	1		false
t::d001::ENT_0D8632C8212BBA1335AA	ENT_0D8632C8212BBA1335AA	target_d001	GENE	IL-10 (SNP rs 3021097 (C/T) gene polymorphism	false	medical_kg_gold				target	1		false
t::d001::ENT_0D88454378E6BE9CD080	ENT_0D88454378E6BE9CD080	target_d001	PHENOTYPE	Metabolism abnormality	false	medical_kg_gold				target	1		false
t::d001::ENT_0D88D8C40B80A71C60C4	ENT_0D88D8C40B80A71C60C4	target_d001	BIOMARKER	serum resistin concentrations	false	medical_kg_gold				target	1		false
t::d001::ENT_0D933A01EFC7BA1A95C7	ENT_0D933A01EFC7BA1A95C7	target_d001	OTHER	A	false	medical_kg_gold				target	1		false
t::d001::ENT_0D9B9736FBEC1365DC0A	ENT_0D9B9736FBEC1365DC0A	target_d001	PROTEIN	plasma ATGL	false	medical_kg_gold				target	1		false
t::d001::ENT_0DADB24537C99D3FAC7A	ENT_0DADB24537C99D3FAC7A	target_d001	BIOMARKER	唾液TNF-α水平	false	medical_kg_gold				target	1		false
t::d001::ENT_0DDBE71158B8F3F1FBEA	ENT_0DDBE71158B8F3F1FBEA	target_d001	DRUG	OCS	false	medical_kg_gold				target	1		false
t::d001::ENT_0DEE6C41BD31BB95CF7E	ENT_0DEE6C41BD31BB95CF7E	target_d001	OTHER	LPL PvuII polymorphism	false	medical_kg_gold				target	1		false
t::d001::ENT_0DF33389D4E0EE2A6349	ENT_0DF33389D4E0EE2A6349	target_d001	METABOLITE	HDL3-C	false	medical_kg_gold				target	1		false
t::d001::ENT_0DF74665EF3E8E890083	ENT_0DF74665EF3E8E890083	target_d001	DISEASE	periarthritis	false	medical_kg_gold				target	1		false
t::d001::ENT_0DF806DB4C4F84ECF5C7	ENT_0DF806DB4C4F84ECF5C7	target_d001	OTHER	R221S mutation in apM1 gene	false	medical_kg_gold				target	1		false
t::d001::ENT_0E05D7B2705597F91E06	ENT_0E05D7B2705597F91E06	target_d001	OTHER	polymorphism of LPL-HindⅢ site	false	medical_kg_gold				target	1		false
t::d001::ENT_0E0A0347D66A474C4578	ENT_0E0A0347D66A474C4578	target_d001	TREATMENT	moxibustion	false	medical_kg_gold				target	1		false
t::d001::ENT_0E1F67C2F48FB6CAC390	ENT_0E1F67C2F48FB6CAC390	target_d001	PHENOTYPE	deficit of insulin secretion	false	medical_kg_gold				target	1		false
t::d001::ENT_0E30288677DD0B659F8A	ENT_0E30288677DD0B659F8A	target_d001	PROTEIN	AST	false	medical_kg_gold				target	1		false
t::d001::ENT_0E3E810AEDF430DEB720	ENT_0E3E810AEDF430DEB720	target_d001	PROTEIN	superoxide dismutase(SOD)	false	medical_kg_gold				target	1		false
t::d001::ENT_0E41271DE3532CBD123A	ENT_0E41271DE3532CBD123A	target_d001	PHENOTYPE	Carotid artery plaque	false	medical_kg_gold				target	1		false
t::d001::ENT_0E5E0F5FAD3D69063172	ENT_0E5E0F5FAD3D69063172	target_d001	SYMPTOM	psychological or emotional hassles	false	medical_kg_gold				target	1		false
t::d001::ENT_0E5F30F0F9D5B69AA574	ENT_0E5F30F0F9D5B69AA574	target_d001	CLINICAL_OUTCOME	LDL control	false	medical_kg_gold				target	1		false
t::d001::ENT_0E64E320216C0F0B651B	ENT_0E64E320216C0F0B651B	target_d001	GENE	MODY4 gene	false	medical_kg_gold				target	1		false
t::d001::ENT_0E6B7737905F294F554E	ENT_0E6B7737905F294F554E	target_d001	BIOLOGICAL_PROCESS	immune reaction and inflammation	false	medical_kg_gold				target	1		false
t::d001::ENT_0E6C7828935A2A3DDA72	ENT_0E6C7828935A2A3DDA72	target_d001	LAB_MEASUREMENT	Serum insulin (µIU/mL)	false	medical_kg_gold				target	1		false
t::d001::ENT_0E98CE3917704958DC4D	ENT_0E98CE3917704958DC4D	target_d001	METABOLITE	urine glucose	false	medical_kg_gold				target	1		false
t::d001::ENT_0EACF4BEF7F0CBA870BD	ENT_0EACF4BEF7F0CBA870BD	target_d001	DISEASE	new-onset diabetes in children and adolescents	false	medical_kg_gold				target	1		false
t::d001::ENT_0EBBF81E00192E721704	ENT_0EBBF81E00192E721704	target_d001	LAB_MEASUREMENT	peak of systolic longitudinal strain	false	medical_kg_gold				target	1		false
t::d001::ENT_0EDC412ABA7F034773F4	ENT_0EDC412ABA7F034773F4	target_d001	OTHER	KK	false	medical_kg_gold				target	1		false
t::d001::ENT_0EE9348FFB56B8CBD049	ENT_0EE9348FFB56B8CBD049	target_d001	LAB_MEASUREMENT	anthropometric index	false	medical_kg_gold				target	1		false
t::d001::ENT_0EF79AF5579D5FA88FA5	ENT_0EF79AF5579D5FA88FA5	target_d001	RISK_FACTOR	Poor fetal nutrition	false	medical_kg_gold				target	1		false
t::d001::ENT_0EFCD1EF0A72C4E27B64	ENT_0EFCD1EF0A72C4E27B64	target_d001	NUTRIENT	animal fat	false	medical_kg_gold				target	1		false
t::d001::ENT_0F16437FFDAE6F8B94C5	ENT_0F16437FFDAE6F8B94C5	target_d001	DRUG	Troglitazone (TGZ)	false	medical_kg_gold				target	1		false
t::d001::ENT_0F2749DAB172C11A20F7	ENT_0F2749DAB172C11A20F7	target_d001	GENE	G allele	false	medical_kg_gold				target	1		false
t::d001::ENT_0F27F7F49767C3025F40	ENT_0F27F7F49767C3025F40	target_d001	OTHER	C allele in -592A/C	false	medical_kg_gold				target	1		false
t::d001::ENT_0F3AAF23DFC354A52E1A	ENT_0F3AAF23DFC354A52E1A	target_d001	COMPOUND	PC	false	medical_kg_gold				target	1		false
t::d001::ENT_0F420E59839C3199D02A	ENT_0F420E59839C3199D02A	target_d001	BIOMARKER	fasting true insulin	false	medical_kg_gold				target	1		false
t::d001::ENT_0F4B2859ECD0844D5497	ENT_0F4B2859ECD0844D5497	target_d001	BIOLOGICAL_PROCESS	diminished melatonin secretion	false	medical_kg_gold				target	1		false
t::d001::ENT_0F4EE6709DDEDB984A27	ENT_0F4EE6709DDEDB984A27	target_d001	GENE	3316 G→A mutation frequency	false	medical_kg_gold				target	1		false
t::d001::ENT_0F51580EAF656CAE4096	ENT_0F51580EAF656CAE4096	target_d001	BIOLOGICAL_PROCESS	oxidative DNA damage	false	medical_kg_gold				target	1		false
t::d001::ENT_0F5E2D61E5EAF653B1ED	ENT_0F5E2D61E5EAF653B1ED	target_d001	BIOLOGICAL_PROCESS	chronic inflammation	false	medical_kg_gold				target	1		false
t::d001::ENT_0F7585935EDFDF86076A	ENT_0F7585935EDFDF86076A	target_d001	GENE	LPL and ANGPTL4	false	medical_kg_gold				target	1		false
t::d001::ENT_0FA09526B09678A51C41	ENT_0FA09526B09678A51C41	target_d001	GENE	CYP2E1	false	medical_kg_gold				target	1		false
t::d001::ENT_0FA814C3EBB7078408C2	ENT_0FA814C3EBB7078408C2	target_d001	LAB_MEASUREMENT	carotid IMT	false	medical_kg_gold				target	1		false
t::d001::ENT_0FAB8DF079A00C1A0C7C	ENT_0FAB8DF079A00C1A0C7C	target_d001	PHENOTYPE	Waist circumference (cm)	false	medical_kg_gold				target	1		false
t::d001::ENT_0FAFAD84FDF49E684FB5	ENT_0FAFAD84FDF49E684FB5	target_d001	OTHER	hospitalization expense	false	medical_kg_gold				target	1		false
t::d001::ENT_0FB2C0492A71E3587E45	ENT_0FB2C0492A71E3587E45	target_d001	PROTEIN	sVCAM-1	false	medical_kg_gold				target	1		false
t::d001::ENT_0FB4F5E7ED8CDD3F2C1C	ENT_0FB4F5E7ED8CDD3F2C1C	target_d001	METABOLITE	Iron reserves	false	medical_kg_gold				target	1		false
t::d001::ENT_0FCD9CBAB029CCB616DB	ENT_0FCD9CBAB029CCB616DB	target_d001	PROTEIN	adiponectin level	false	medical_kg_gold				target	1		false
t::d001::ENT_0FD26B17D5D7F308F574	ENT_0FD26B17D5D7F308F574	target_d001	LAB_MEASUREMENT	systolic pressure	false	medical_kg_gold				target	1		false
t::d001::ENT_0FD6591D239AE4E34BD4	ENT_0FD6591D239AE4E34BD4	target_d001	BEHAVIOR	feeding behavior	false	medical_kg_gold				target	1		false
t::d001::ENT_0FDB0ADADCE761DE8449	ENT_0FDB0ADADCE761DE8449	target_d001	OTHER	artificial intelligence	false	medical_kg_gold				target	1		false
t::d001::ENT_0FDDF89A75250911E05C	ENT_0FDDF89A75250911E05C	target_d001	GENE	Prol2Ala polymorphism in PPARγ2 gene	false	medical_kg_gold				target	1		false
t::d001::ENT_0FE2B83DC1B7C6A9C509	ENT_0FE2B83DC1B7C6A9C509	target_d001	DISEASE	cancer	false	medical_kg_gold				target	1		false
t::d001::ENT_0FE42B4BE0FF1A11A66E	ENT_0FE42B4BE0FF1A11A66E	target_d001	GENE	H+H- genotype	false	medical_kg_gold				target	1		false
t::d001::ENT_1000C912031E44790C61	ENT_1000C912031E44790C61	target_d001	PHYSIOLOGICAL_PROCESS	glucose processing	false	medical_kg_gold				target	1		false
t::d001::ENT_1018E20815566FDF715F	ENT_1018E20815566FDF715F	target_d001	METABOLITE	fasting blood glucose	false	medical_kg_gold				target	1		false
t::d001::ENT_101C0DA8963C95345B9E	ENT_101C0DA8963C95345B9E	target_d001	BIOMARKER	rs4541843 polymorphism in miR-182	false	medical_kg_gold				target	1		false
t::d001::ENT_101C0E790A4893FE5A5D	ENT_101C0E790A4893FE5A5D	target_d001	FOOD	cherry freeze-dried powder	false	medical_kg_gold				target	1		false
t::d001::ENT_101C9BC4D9B306B4DE48	ENT_101C9BC4D9B306B4DE48	target_d001	PROTEIN	bone glaprotein	false	medical_kg_gold				target	1		false
t::d001::ENT_102AC58638807A545274	ENT_102AC58638807A545274	target_d001	OTHER	epidemic levels	false	medical_kg_gold				target	1		false
t::d001::ENT_102E39AEE9146AF49899	ENT_102E39AEE9146AF49899	target_d001	GENE	APM1 T45G polymorphism	false	medical_kg_gold				target	1		false
t::d001::ENT_10390E11F28124D788F5	ENT_10390E11F28124D788F5	target_d001	PROTEIN	TIMP-1	false	medical_kg_gold				target	1		false
t::d001::ENT_1040C0FE56A86F47854F	ENT_1040C0FE56A86F47854F	target_d001	BIOMARKER	tissue-type plasminogen activator	false	medical_kg_gold				target	1		false
t::d001::ENT_10521759812488960328	ENT_10521759812488960328	target_d001	GENE	Leu72Met polymorphism in ghrelin gene	false	medical_kg_gold				target	1		false
t::d001::ENT_105A9D3CC58555058551	ENT_105A9D3CC58555058551	target_d001	PHENOTYPE	Overexpression of PTP-1B	false	medical_kg_gold				target	1		false
t::d001::ENT_10640F6EB92F13D5CFD0	ENT_10640F6EB92F13D5CFD0	target_d001	PROTEIN	α1 antitrypsin (AAT)	false	medical_kg_gold				target	1		false
t::d001::ENT_106AF394E8EC5B8D8445	ENT_106AF394E8EC5B8D8445	target_d001	METABOLITE	HbA1c	false	medical_kg_gold				target	1		false
t::d001::ENT_107BB8973A4A87DB43E7	ENT_107BB8973A4A87DB43E7	target_d001	PHYSIOLOGICAL_PROCESS	body insulin resistance	false	medical_kg_gold				target	1		false
t::d001::ENT_10819BFB685E6938CDB3	ENT_10819BFB685E6938CDB3	target_d001	FOOD	Apple cider vinegar	false	medical_kg_gold				target	1		false
t::d001::ENT_108C2C88FBA2153E6708	ENT_108C2C88FBA2153E6708	target_d001	LAB_MEASUREMENT	sympathetic skin response amplitude	false	medical_kg_gold				target	1		false
t::d001::ENT_108DB22987442A7BB7A2	ENT_108DB22987442A7BB7A2	target_d001	SYMPTOM	ataxia	false	medical_kg_gold				target	1		false
t::d001::ENT_10937DF50F4CA8329376	ENT_10937DF50F4CA8329376	target_d001	DISEASE	cognitive decline and dementia	false	medical_kg_gold				target	1		false
t::d001::ENT_109771AFDD542E2E98F1	ENT_109771AFDD542E2E98F1	target_d001	METABOLITE	polyunsaturated fatty acid	false	medical_kg_gold				target	1		false
t::d001::ENT_10AA2F3BECD91BF21058	ENT_10AA2F3BECD91BF21058	target_d001	DISEASE	neuropathy	false	medical_kg_gold				target	1		false
t::d001::ENT_10B56BC2BE85F33D477A	ENT_10B56BC2BE85F33D477A	target_d001	BIOMARKER	microalbuminuria	false	medical_kg_gold				target	1		false
t::d001::ENT_10D9AC1A97C625C295F7	ENT_10D9AC1A97C625C295F7	target_d001	RISK_FACTOR	Obesity and especially the central adiposity	false	medical_kg_gold				target	1		false
t::d001::ENT_10F2379CA32C18CC7D12	ENT_10F2379CA32C18CC7D12	target_d001	PATHWAY	Iκ Bα/NF-κB signaling pathway	false	medical_kg_gold				target	1		false
t::d001::ENT_1101DD8F78C061667514	ENT_1101DD8F78C061667514	target_d001	GENE	K121Q polymorphism of PC-1 gene	false	medical_kg_gold				target	1		false
t::d001::ENT_111749F8131DF5C36C70	ENT_111749F8131DF5C36C70	target_d001	PHENOTYPE	defect pancreatic islet β-cells together with peripheral insulin resistance	false	medical_kg_gold				target	1		false
t::d001::ENT_111F5A120CCFAFF8E7A6	ENT_111F5A120CCFAFF8E7A6	target_d001	PHENOTYPE	diastolic dysfunction	false	medical_kg_gold				target	1		false
t::d001::ENT_111F8E4ECB3D73E792C7	ENT_111F8E4ECB3D73E792C7	target_d001	BIOMARKER	Na+-K+ ATPase activity	false	medical_kg_gold				target	1		false
t::d001::ENT_112ADF6A2D0D57366E1D	ENT_112ADF6A2D0D57366E1D	target_d001	PHENOTYPE	Vitamin D deficiency status	false	medical_kg_gold				target	1		false
t::d001::ENT_112BC6868D5A0C79DABE	ENT_112BC6868D5A0C79DABE	target_d001	BIOMARKER	CysC	false	medical_kg_gold				target	1		false
t::d001::ENT_112C18ED2BB136E20A34	ENT_112C18ED2BB136E20A34	target_d001	LAB_MEASUREMENT	SRs	false	medical_kg_gold				target	1		false
t::d001::ENT_112F0049E485CCE0BF36	ENT_112F0049E485CCE0BF36	target_d001	PHENOTYPE	complicated lesions	false	medical_kg_gold				target	1		false
t::d001::ENT_11323AF17508720F9FCB	ENT_11323AF17508720F9FCB	target_d001	GENE	GCK gene	false	medical_kg_gold				target	1		false
t::d001::ENT_11358C4EDD6B359B0D2D	ENT_11358C4EDD6B359B0D2D	target_d001	BIOMARKER	urinary IL-6 level	false	medical_kg_gold				target	1		false
t::d001::ENT_113ADAE661BA77E7D0C8	ENT_113ADAE661BA77E7D0C8	target_d001	PROCEDURE	transradial approach for percutaneous intervention	false	medical_kg_gold				target	1		false
t::d001::ENT_11520EFE979F73C17BB3	ENT_11520EFE979F73C17BB3	target_d001	GENE	polymorphisms of MCP-1 genes	false	medical_kg_gold				target	1		false
t::d001::ENT_11559FB1B7217471CA7E	ENT_11559FB1B7217471CA7E	target_d001	DISEASE	simple obesity	false	medical_kg_gold				target	1		false
t::d001::ENT_11785741876A4F94F91B	ENT_11785741876A4F94F91B	target_d001	PROTEIN	GGT	false	medical_kg_gold				target	1		false
t::d001::ENT_1180D81821A79D6CFBC7	ENT_1180D81821A79D6CFBC7	target_d001	BIOMARKER	GG genotype of rs4712523	false	medical_kg_gold				target	1		false
t::d001::ENT_119284C91A9B3883BBDF	ENT_119284C91A9B3883BBDF	target_d001	COMPOUND	MSG	false	medical_kg_gold				target	1		false
t::d001::ENT_1195DF88DD308EA5EAA0	ENT_1195DF88DD308EA5EAA0	target_d001	LAB_MEASUREMENT	serum total testosterone	false	medical_kg_gold				target	1		false
t::d001::ENT_11A1FE37BEE9A0AC9C70	ENT_11A1FE37BEE9A0AC9C70	target_d001	PHENOTYPE	first-phase insulin secretion deficiency	false	medical_kg_gold				target	1		false
t::d001::ENT_11A740F0909F2781A318	ENT_11A740F0909F2781A318	target_d001	LAB_MEASUREMENT	HDL cholesterol (mg/dL)	false	medical_kg_gold				target	1		false
t::d001::ENT_11D53A74C8C4F1CB3A6C	ENT_11D53A74C8C4F1CB3A6C	target_d001	LAB_MEASUREMENT	blood volume(BV)	false	medical_kg_gold				target	1		false
t::d001::ENT_11DED984999BBF912C37	ENT_11DED984999BBF912C37	target_d001	OTHER	interactions of multiple genes and environmental factors	false	medical_kg_gold				target	1		false
t::d001::ENT_11E0EBD2C005EB3FED16	ENT_11E0EBD2C005EB3FED16	target_d001	BIOLOGICAL_PROCESS	abnormal lipid metabolism	false	medical_kg_gold				target	1		false
t::d001::ENT_11F4C45A25EA58185B82	ENT_11F4C45A25EA58185B82	target_d001	DISEASE	high-grade prostate cancer	false	medical_kg_gold				target	1		false
t::d001::ENT_1227A0850B614D2E4E8D	ENT_1227A0850B614D2E4E8D	target_d001	LAB_MEASUREMENT	ratio of 6-Keto-PGF1α/ TXB2	false	medical_kg_gold				target	1		false
t::d001::ENT_1227C97A9F1012BBA2BB	ENT_1227C97A9F1012BBA2BB	target_d001	DIET	Coffee consumption	false	medical_kg_gold				target	1		false
t::d001::ENT_1233D1EE69150ADC8E1D	ENT_1233D1EE69150ADC8E1D	target_d001	SYMPTOM	decreased muscle strength	false	medical_kg_gold				target	1		false
t::d001::ENT_123B078BF411DC3455B0	ENT_123B078BF411DC3455B0	target_d001	PHENOTYPE	lower internal health locus of control	false	medical_kg_gold				target	1		false
t::d001::ENT_125A17081C5A9464530C	ENT_125A17081C5A9464530C	target_d001	RISK_FACTOR	low physical activity	false	medical_kg_gold				target	1		false
t::d001::ENT_125EB3ED4A97D53B19B8	ENT_125EB3ED4A97D53B19B8	target_d001	LAB_MEASUREMENT	blood lead levels	false	medical_kg_gold				target	1		false
t::d001::ENT_1261700304D2D157F832	ENT_1261700304D2D157F832	target_d001	GENE	CELSR2-PSRC1-SORT1 (rs599839)	false	medical_kg_gold				target	1		false
t::d001::ENT_1269B90FA353AB940878	ENT_1269B90FA353AB940878	target_d001	NUTRIENT	nutraceuticals	false	medical_kg_gold				target	1		false
t::d001::ENT_1269E3D637EF79A14C29	ENT_1269E3D637EF79A14C29	target_d001	PHENOTYPE	very low birth weight or low birth weight	false	medical_kg_gold				target	1		false
t::d001::ENT_1270103E044C3DEB9B01	ENT_1270103E044C3DEB9B01	target_d001	BIOMARKER	apolipoprotein-B	false	medical_kg_gold				target	1		false
t::d001::ENT_1271F43EE14555EAA85D	ENT_1271F43EE14555EAA85D	target_d001	PROTEIN	Hepatic nuclear factor-4 (HNF-4)	false	medical_kg_gold				target	1		false
t::d001::ENT_12733AF051D3C64B707D	ENT_12733AF051D3C64B707D	target_d001	LIFESTYLE_FACTOR	low physical activity level	false	medical_kg_gold				target	1		false
t::d001::ENT_12738459D12FF329D961	ENT_12738459D12FF329D961	target_d001	LAB_MEASUREMENT	epicardial longitudinal PSS	false	medical_kg_gold				target	1		false
t::d001::ENT_12777B765EB45D0E72EE	ENT_12777B765EB45D0E72EE	target_d001	BIOMARKER	3-NT	false	medical_kg_gold				target	1		false
t::d001::ENT_127D52692625C67A7AAA	ENT_127D52692625C67A7AAA	target_d001	OTHER	394A-482A-528A haplotype	false	medical_kg_gold				target	1		false
t::d001::ENT_127F15DE2A5B11A95404	ENT_127F15DE2A5B11A95404	target_d001	PROTEIN	ApoA1	false	medical_kg_gold				target	1		false
t::d001::ENT_1281717A5948A0329798	ENT_1281717A5948A0329798	target_d001	DIET	Regular consumption of whole grains	false	medical_kg_gold				target	1		false
t::d001::ENT_1282954D9E0B770C3AF0	ENT_1282954D9E0B770C3AF0	target_d001	PROTEIN	ECA2 expression	false	medical_kg_gold				target	1		false
t::d001::ENT_1290CFFFA00746428399	ENT_1290CFFFA00746428399	target_d001	OTHER	psychological and subjective well-being	false	medical_kg_gold				target	1		false
t::d001::ENT_1298BA94B39FEF31122D	ENT_1298BA94B39FEF31122D	target_d001	OTHER	STRA6 polymorphism	false	medical_kg_gold				target	1		false
t::d001::ENT_12B44EEC82DAF5EAA2D9	ENT_12B44EEC82DAF5EAA2D9	target_d001	GENE	rare VPS13C gene deletions	false	medical_kg_gold				target	1		false
t::d001::ENT_12B6A0F72E50FD677B01	ENT_12B6A0F72E50FD677B01	target_d001	LAB_MEASUREMENT	HRVI	false	medical_kg_gold				target	1		false
t::d001::ENT_12B6ADB98BF506D0BE46	ENT_12B6ADB98BF506D0BE46	target_d001	DISEASE	atherosclerosis	false	medical_kg_gold				target	1		false
t::d001::ENT_12B6E163608B7D559955	ENT_12B6E163608B7D559955	target_d001	BIOMARKER	hs-CRP	false	medical_kg_gold				target	1		false
t::d001::ENT_12B83B4809D3168E29A4	ENT_12B83B4809D3168E29A4	target_d001	GENE	polymorphisms of leptin receptor gene 3057 G/A	false	medical_kg_gold				target	1		false
t::d001::ENT_12BDD3229F8568666235	ENT_12BDD3229F8568666235	target_d001	GENE	KCNQ1 rs2237892 polymorphism	false	medical_kg_gold				target	1		false
t::d001::ENT_12C0ED23A6757C4052A9	ENT_12C0ED23A6757C4052A9	target_d001	OTHER	Bacteroides multiforme	false	medical_kg_gold				target	1		false
t::d001::ENT_12C8F74BB34C22F49EE4	ENT_12C8F74BB34C22F49EE4	target_d001	OTHER	apocIII gene polymorphism	false	medical_kg_gold				target	1		false
t::d001::ENT_12CD09231696413B1FE0	ENT_12CD09231696413B1FE0	target_d001	PHENOTYPE	Low expression of adiponectin m RNA	false	medical_kg_gold				target	1		false
t::d001::ENT_12E7098FE99321E66E3D	ENT_12E7098FE99321E66E3D	target_d001	DISEASE	development of cardiovascular diseases	false	medical_kg_gold				target	1		false
t::d001::ENT_12ECCAE12054E67D83BC	ENT_12ECCAE12054E67D83BC	target_d001	OTHER	parenchymal thickness	false	medical_kg_gold				target	1		false
t::d001::ENT_12EE421ED30F4F8636A7	ENT_12EE421ED30F4F8636A7	target_d001	GENE	FTO gene variations	false	medical_kg_gold				target	1		false
t::d001::ENT_12F1992CD882B52CD366	ENT_12F1992CD882B52CD366	target_d001	OTHER	psychosocial factors	false	medical_kg_gold				target	1		false
t::d001::ENT_12F97AB416333430B657	ENT_12F97AB416333430B657	target_d001	BIOMARKER	increased level of inflammatory markers	false	medical_kg_gold				target	1		false
t::d001::ENT_1302853FC23FA93D92FF	ENT_1302853FC23FA93D92FF	target_d001	OTHER	Mitochondrial DNA polymorphisms	false	medical_kg_gold				target	1		false
t::d001::ENT_130497DD939AA87197F2	ENT_130497DD939AA87197F2	target_d001	OTHER	nervous system	false	medical_kg_gold				target	1		false
t::d001::ENT_131288F0E7B0B3014DDB	ENT_131288F0E7B0B3014DDB	target_d001	OTHER	genotype AA	false	medical_kg_gold				target	1		false
t::d001::ENT_1319C56EE49CDD53F8E5	ENT_1319C56EE49CDD53F8E5	target_d001	PHENOTYPE	inadequate compensatory insulin secretory response	false	medical_kg_gold				target	1		false
t::d001::ENT_1321AE87235F130113E6	ENT_1321AE87235F130113E6	target_d001	PHENOTYPE	carotid plaque	false	medical_kg_gold				target	1		false
t::d001::ENT_132CDF1B2C3DB76D0F1E	ENT_132CDF1B2C3DB76D0F1E	target_d001	DRUG	streptozotocin	false	medical_kg_gold				target	1		false
t::d001::ENT_132D7925CB6B59FA0B49	ENT_132D7925CB6B59FA0B49	target_d001	BIOMARKER	clinical and metabolic status index	false	medical_kg_gold				target	1		false
t::d001::ENT_13327A0A6028E409ADE3	ENT_13327A0A6028E409ADE3	target_d001	DISEASE	Pregnancy obesity	false	medical_kg_gold				target	1		false
t::d001::ENT_1337AA40DC704C1951A2	ENT_1337AA40DC704C1951A2	target_d001	PROTEIN	protein S	false	medical_kg_gold				target	1		false
t::d001::ENT_133F9FFC7D5D6DC86CED	ENT_133F9FFC7D5D6DC86CED	target_d001	DIET	increased calorie and fat intake	false	medical_kg_gold				target	1		false
t::d001::ENT_13460733C71C008A10A4	ENT_13460733C71C008A10A4	target_d001	INTERVENTION	high-fat feeding plus STZ injection	false	medical_kg_gold				target	1		false
t::d001::ENT_134EFFB9F51D1F9372E6	ENT_134EFFB9F51D1F9372E6	target_d001	TREATMENT	basal insulin plus OAD	false	medical_kg_gold				target	1		false
t::d001::ENT_136AF0E4DAD96AB97055	ENT_136AF0E4DAD96AB97055	target_d001	INTERVENTION	health promotion focusing on the balance of diet, exercises and energy	false	medical_kg_gold				target	1		false
t::d001::ENT_1377AA04D311CA4995B3	ENT_1377AA04D311CA4995B3	target_d001	GENE	APM1 gene	false	medical_kg_gold				target	1		false
t::d001::ENT_137B27E07D858A36390B	ENT_137B27E07D858A36390B	target_d001	PROCEDURE	LSG+ DJB	false	medical_kg_gold				target	1		false
t::d001::ENT_138B0EB15762EC8F07A2	ENT_138B0EB15762EC8F07A2	target_d001	PHENOTYPE	High blood sugar level	false	medical_kg_gold				target	1		false
t::d001::ENT_13A2C50836566184D2AD	ENT_13A2C50836566184D2AD	target_d001	LAB_MEASUREMENT	common carotid artery β	false	medical_kg_gold				target	1		false
t::d001::ENT_13B7D4CE7FD22DF78DB4	ENT_13B7D4CE7FD22DF78DB4	target_d001	PROCEDURE	CDFI	false	medical_kg_gold				target	1		false
t::d001::ENT_13BD9BD3CF9868B9E84F	ENT_13BD9BD3CF9868B9E84F	target_d001	BIOMARKER	low testosterone	false	medical_kg_gold				target	1		false
t::d001::ENT_13C5179763B29809E01B	ENT_13C5179763B29809E01B	target_d001	OTHER	treatment goals	false	medical_kg_gold				target	1		false
t::d001::ENT_13CEA289B3896D97D7F7	ENT_13CEA289B3896D97D7F7	target_d001	BIOLOGICAL_PROCESS	endogenous reparative angiogenic processes	false	medical_kg_gold				target	1		false
t::d001::ENT_13CF77CDE8FDDADFC0CB	ENT_13CF77CDE8FDDADFC0CB	target_d001	LAB_MEASUREMENT	left ventricular end systolic diameter	false	medical_kg_gold				target	1		false
t::d001::ENT_13CFA8A53E9407FE956B	ENT_13CFA8A53E9407FE956B	target_d001	CLINICAL_OUTCOME	28-day case fatality	false	medical_kg_gold				target	1		false
t::d001::ENT_13D1D6267468496588BD	ENT_13D1D6267468496588BD	target_d001	TREATMENT	baseline periodontal therapy	false	medical_kg_gold				target	1		false
t::d001::ENT_13DCEAD10CD5A7B8EC17	ENT_13DCEAD10CD5A7B8EC17	target_d001	PHENOTYPE	hypomagnesemia	false	medical_kg_gold				target	1		false
t::d001::ENT_13F24FB1424C35F12D15	ENT_13F24FB1424C35F12D15	target_d001	EXERCISE	exercise therapy	false	medical_kg_gold				target	1		false
t::d001::ENT_13FDCF362BF39B598FD8	ENT_13FDCF362BF39B598FD8	target_d001	LAB_MEASUREMENT	HDL-C	false	medical_kg_gold				target	1		false
t::d001::ENT_13FE26E0920330AE2676	ENT_13FE26E0920330AE2676	target_d001	DISEASE	microangiopathic complications	false	medical_kg_gold				target	1		false
t::d001::ENT_1400E35A450DAFEFCA3C	ENT_1400E35A450DAFEFCA3C	target_d001	GENE	Arg972 allele	false	medical_kg_gold				target	1		false
t::d001::ENT_14051E84B52E51D3AAB6	ENT_14051E84B52E51D3AAB6	target_d001	COMPOUND	serum Zn	false	medical_kg_gold				target	1		false
t::d001::ENT_14062289E8A2D9BB150F	ENT_14062289E8A2D9BB150F	target_d001	OTHER	CRP-717 AG polymorphism	false	medical_kg_gold				target	1		false
t::d001::ENT_141098D5A36833FB6CBB	ENT_141098D5A36833FB6CBB	target_d001	PROTEIN	autoantitela na β ćelije pankreasa	false	medical_kg_gold				target	1		false
t::d001::ENT_143B99748185FD9A8724	ENT_143B99748185FD9A8724	target_d001	GENE	TCF7L2 gene rs290487 polymorphisms	false	medical_kg_gold				target	1		false
t::d001::ENT_143BD14B3ACE1F68A09F	ENT_143BD14B3ACE1F68A09F	target_d001	OTHER	microcirculatory blood flow reserve capability	false	medical_kg_gold				target	1		false
t::d001::ENT_14592F94000197B8B862	ENT_14592F94000197B8B862	target_d001	LAB_MEASUREMENT	N9 and N40 peak latencies of SEP	false	medical_kg_gold				target	1		false
t::d001::ENT_1463FEFAD354E3624970	ENT_1463FEFAD354E3624970	target_d001	OTHER	CC genotype of rs2237892 site	false	medical_kg_gold				target	1		false
t::d001::ENT_146ABF78B308F9D7D001	ENT_146ABF78B308F9D7D001	target_d001	DISEASE	Alzheimer's disease	false	medical_kg_gold				target	1		false
t::d001::ENT_14747660194B25CB7CE2	ENT_14747660194B25CB7CE2	target_d001	POPULATION	persons with MS but without high fasting glucose	false	medical_kg_gold				target	1		false
t::d001::ENT_14823995A81C4171E3AD	ENT_14823995A81C4171E3AD	target_d001	OTHER	S159P mutation in NeuroD1 gene	false	medical_kg_gold				target	1		false
t::d001::ENT_148ACCB6D71BC0C90097	ENT_148ACCB6D71BC0C90097	target_d001	PROTEIN	Tumor necrosis factor-α	false	medical_kg_gold				target	1		false
t::d001::ENT_1492496E8F5BC0354C9B	ENT_1492496E8F5BC0354C9B	target_d001	DISEASE	bipolar disorder	false	medical_kg_gold				target	1		false
t::d001::ENT_149C01366B4D0B1DE988	ENT_149C01366B4D0B1DE988	target_d001	PHYSIOLOGICAL_PROCESS	increased arterial stiffness	false	medical_kg_gold				target	1		false
t::d001::ENT_149D81811593C5324822	ENT_149D81811593C5324822	target_d001	LAB_MEASUREMENT	salivary assessments of resistin and visfatin	false	medical_kg_gold				target	1		false
t::d001::ENT_14A7FFE04C631CC1C2BB	ENT_14A7FFE04C631CC1C2BB	target_d001	INTERVENTION	weight loss	false	medical_kg_gold				target	1		false
t::d001::ENT_14AA55038F778B4F1138	ENT_14AA55038F778B4F1138	target_d001	OTHER	mixed plaque	false	medical_kg_gold				target	1		false
t::d001::ENT_14AF8F2EA726E96BB46C	ENT_14AF8F2EA726E96BB46C	target_d001	OTHER	modified oral minimal model approach	false	medical_kg_gold				target	1		false
t::d001::ENT_14B31D9EFB954D8C2FBE	ENT_14B31D9EFB954D8C2FBE	target_d001	PROTEIN	cathepsin D	false	medical_kg_gold				target	1		false
t::d001::ENT_14C0A02F9101FF700FB6	ENT_14C0A02F9101FF700FB6	target_d001	BIOMARKER	resistin concentration	false	medical_kg_gold				target	1		false
t::d001::ENT_14C86DB3CA89F89325DB	ENT_14C86DB3CA89F89325DB	target_d001	METABOLITE	porphyrins	false	medical_kg_gold				target	1		false
t::d001::ENT_14CC841E6693CE18C538	ENT_14CC841E6693CE18C538	target_d001	PATHWAY	RAS components	false	medical_kg_gold				target	1		false
t::d001::ENT_14D68184E901C279B5CE	ENT_14D68184E901C279B5CE	target_d001	PROTEIN	LPL	false	medical_kg_gold				target	1		false
t::d001::ENT_14E51AA4D64A267DD0C8	ENT_14E51AA4D64A267DD0C8	target_d001	NUTRIENT	Vitamin E	false	medical_kg_gold				target	1		false
t::d001::ENT_14E58ED608CD1071F6D1	ENT_14E58ED608CD1071F6D1	target_d001	BIOMARKER	RBP,Cys C and β2-MG	false	medical_kg_gold				target	1		false
t::d001::ENT_14E635DD2389098D2E85	ENT_14E635DD2389098D2E85	target_d001	PROTEIN	GR	false	medical_kg_gold				target	1		false
t::d001::ENT_14F3F01F2CE48C51443D	ENT_14F3F01F2CE48C51443D	target_d001	PROTEIN	TPO-Ab	false	medical_kg_gold				target	1		false
t::d001::ENT_15054DAF81DDCEEE2D57	ENT_15054DAF81DDCEEE2D57	target_d001	OTHER	two detected variations in GLY1008 and GLY1169	false	medical_kg_gold				target	1		false
t::d001::ENT_15068C25D0AA79E1589F	ENT_15068C25D0AA79E1589F	target_d001	METABOLITE	Fe	false	medical_kg_gold				target	1		false
t::d001::ENT_150D7D1781878251A157	ENT_150D7D1781878251A157	target_d001	CLINICAL_OUTCOME	number of teeth with periodontal diseases	false	medical_kg_gold				target	1		false
t::d001::ENT_151329CE70B2383DD7C2	ENT_151329CE70B2383DD7C2	target_d001	LAB_MEASUREMENT	TP	false	medical_kg_gold				target	1		false
t::d001::ENT_1514D1E336E49DDB030A	ENT_1514D1E336E49DDB030A	target_d001	LAB_MEASUREMENT	left ventricular wall thickness	false	medical_kg_gold				target	1		false
t::d001::ENT_151C0D566FA82CD08501	ENT_151C0D566FA82CD08501	target_d001	LAB_MEASUREMENT	LDL size	false	medical_kg_gold				target	1		false
t::d001::ENT_15238443481753E14DE6	ENT_15238443481753E14DE6	target_d001	OTHER	changing of target bacteria	false	medical_kg_gold				target	1		false
t::d001::ENT_15263F61AB5D48037E53	ENT_15263F61AB5D48037E53	target_d001	CELL	NK	false	medical_kg_gold				target	1		false
t::d001::ENT_153322A645B9F3E6A339	ENT_153322A645B9F3E6A339	target_d001	GENE	HLA-DQA10104 allele	false	medical_kg_gold				target	1		false
t::d001::ENT_1539F4A5BA732D5B31B4	ENT_1539F4A5BA732D5B31B4	target_d001	BIOMARKER	Cho/Cr of left hippocampus	false	medical_kg_gold				target	1		false
t::d001::ENT_154891886D908E0A3E86	ENT_154891886D908E0A3E86	target_d001	BIOMARKER	PLT	false	medical_kg_gold				target	1		false
t::d001::ENT_1561B4F73CD395A089F7	ENT_1561B4F73CD395A089F7	target_d001	OTHER	serum Lp	false	medical_kg_gold				target	1		false
t::d001::ENT_156A045644EBC1DDEC9B	ENT_156A045644EBC1DDEC9B	target_d001	PHYSIOLOGICAL_PROCESS	elevated levels of insulin	false	medical_kg_gold				target	1		false
t::d001::ENT_157E9A70A048F22DC3C4	ENT_157E9A70A048F22DC3C4	target_d001	DIET	having tea	false	medical_kg_gold				target	1		false
t::d001::ENT_158D3D6140E6CE5E2FEB	ENT_158D3D6140E6CE5E2FEB	target_d001	CLINICAL_OUTCOME	hospitalization rate for DKA	false	medical_kg_gold				target	1		false
t::d001::ENT_15917A26B7B0F19FD3F8	ENT_15917A26B7B0F19FD3F8	target_d001	PHENOTYPE	abnormal expression of TLR2/4	false	medical_kg_gold				target	1		false
t::d001::ENT_159C9CEC8A18E576F90A	ENT_159C9CEC8A18E576F90A	target_d001	POPULATION	participants	false	medical_kg_gold				target	1		false
t::d001::ENT_15A1276282A1E90C01C9	ENT_15A1276282A1E90C01C9	target_d001	OTHER	education	false	medical_kg_gold				target	1		false
t::d001::ENT_15ACC3E2CB2719063AFD	ENT_15ACC3E2CB2719063AFD	target_d001	PROTEIN	von Willebrand factor antigen	false	medical_kg_gold				target	1		false
t::d001::ENT_15B35294EF766201AE8E	ENT_15B35294EF766201AE8E	target_d001	BIOMARKER	D-D	false	medical_kg_gold				target	1		false
t::d001::ENT_15B4134DC2C3825C6DFE	ENT_15B4134DC2C3825C6DFE	target_d001	PROTEIN	Plasma omentin1 levels	false	medical_kg_gold				target	1		false
t::d001::ENT_15BABDC01A345E00F7B1	ENT_15BABDC01A345E00F7B1	target_d001	SYMPTOM	anxiety	false	medical_kg_gold				target	1		false
t::d001::ENT_15CF1378B68E6457F9B0	ENT_15CF1378B68E6457F9B0	target_d001	OTHER	rs2971672 and rs12702070	false	medical_kg_gold				target	1		false
t::d001::ENT_15D0E818FB18EB0C4C98	ENT_15D0E818FB18EB0C4C98	target_d001	BIOMARKER	band at 997 bp	false	medical_kg_gold				target	1		false
t::d001::ENT_15D86ECC3B93B63B3CA1	ENT_15D86ECC3B93B63B3CA1	target_d001	OTHER	PTP-1B I7/301 C→T polymorphism	false	medical_kg_gold				target	1		false
t::d001::ENT_15E0DEA8721D3769A95D	ENT_15E0DEA8721D3769A95D	target_d001	CLINICAL_OUTCOME	for tidig sjukdom och dod	false	medical_kg_gold				target	1		false
t::d001::ENT_15E46478BD8B3F58AB3A	ENT_15E46478BD8B3F58AB3A	target_d001	DISEASE	chronic liver disease	false	medical_kg_gold				target	1		false
t::d001::ENT_15F0EAD2CA5621A56C6B	ENT_15F0EAD2CA5621A56C6B	target_d001	LAB_MEASUREMENT	SIM	false	medical_kg_gold				target	1		false
t::d001::ENT_15F423B05B5105477EAC	ENT_15F423B05B5105477EAC	target_d001	POPULATION	Asian people	false	medical_kg_gold				target	1		false
t::d001::ENT_15F5F3479DEBF80D9F14	ENT_15F5F3479DEBF80D9F14	target_d001	GENE	homozygous genotype G/G	false	medical_kg_gold				target	1		false
t::d001::ENT_15F7114EFE6DF11EAB0D	ENT_15F7114EFE6DF11EAB0D	target_d001	PHENOTYPE	resistance of insulin	false	medical_kg_gold				target	1		false
t::d001::ENT_163B9191177CA953473B	ENT_163B9191177CA953473B	target_d001	PHENOTYPE	cardiac muscle fibers swelling, granular and fatty degeneration	false	medical_kg_gold				target	1		false
t::d001::ENT_1643B987DAE089574D32	ENT_1643B987DAE089574D32	target_d001	OTHER	PF	false	medical_kg_gold				target	1		false
t::d001::ENT_1652027E9DF4C4C777C2	ENT_1652027E9DF4C4C777C2	target_d001	BIOLOGICAL_PROCESS	Autofagija	false	medical_kg_gold				target	1		false
t::d001::ENT_166D0F16541375317C77	ENT_166D0F16541375317C77	target_d001	BIOMARKER	cTNI	false	medical_kg_gold				target	1		false
t::d001::ENT_167C507FADD4E08C3AD2	ENT_167C507FADD4E08C3AD2	target_d001	DIET	very low carbohydrate ketogenic diet	false	medical_kg_gold				target	1		false
t::d001::ENT_16970C172DA7309F811A	ENT_16970C172DA7309F811A	target_d001	OTHER	T allele	false	medical_kg_gold				target	1		false
t::d001::ENT_16AAA5C08EE897F2260D	ENT_16AAA5C08EE897F2260D	target_d001	POPULATION	United Arab Emirates population	false	medical_kg_gold				target	1		false
t::d001::ENT_16AE670CB264AAE99F07	ENT_16AE670CB264AAE99F07	target_d001	DIET	Healthy diet patterns	false	medical_kg_gold				target	1		false
t::d001::ENT_16B783D380F3D9A7D087	ENT_16B783D380F3D9A7D087	target_d001	POPULATION	men	false	medical_kg_gold				target	1		false
t::d001::ENT_16C3C98F1809F912A0D5	ENT_16C3C98F1809F912A0D5	target_d001	PHYSIOLOGICAL_PROCESS	coagulation function	false	medical_kg_gold				target	1		false
t::d001::ENT_16D00296884B4E3A0594	ENT_16D00296884B4E3A0594	target_d001	BIOMARKER	urinary mindin	false	medical_kg_gold				target	1		false
t::d001::ENT_16D014CE6D38ABE8186E	ENT_16D014CE6D38ABE8186E	target_d001	DRUG	Entresto (LCZ696)	false	medical_kg_gold				target	1		false
t::d001::ENT_16D8F03C738CAFB94FE4	ENT_16D8F03C738CAFB94FE4	target_d001	DRUG	Glucagon-like peptide-1 (GLP-1) agonists	false	medical_kg_gold				target	1		false
t::d001::ENT_16DA34122AB5CC3554BF	ENT_16DA34122AB5CC3554BF	target_d001	BIOLOGICAL_PROCESS	bone formation	false	medical_kg_gold				target	1		false
t::d001::ENT_16F08FDAE557BC205A3C	ENT_16F08FDAE557BC205A3C	target_d001	DISEASE	micro-vascular complications	false	medical_kg_gold				target	1		false
t::d001::ENT_1706B29A015A55445606	ENT_1706B29A015A55445606	target_d001	PHENOTYPE	β-cell function defection	false	medical_kg_gold				target	1		false
t::d001::ENT_170F1C7D38142BA51C9A	ENT_170F1C7D38142BA51C9A	target_d001	PHENOTYPE	slow acetylate	false	medical_kg_gold				target	1		false
t::d001::ENT_1725B53D6C55D2FABF6F	ENT_1725B53D6C55D2FABF6F	target_d001	COMPOUND	Inhibitors of several PTPs	false	medical_kg_gold				target	1		false
t::d001::ENT_172F4F5AC6BCA87727FB	ENT_172F4F5AC6BCA87727FB	target_d001	DISEASE	potentially malignant disorder	false	medical_kg_gold				target	1		false
t::d001::ENT_1734E5AF9A323BA17109	ENT_1734E5AF9A323BA17109	target_d001	PROTEIN	plasma PC	false	medical_kg_gold				target	1		false
t::d001::ENT_174ABDE32288F42070AE	ENT_174ABDE32288F42070AE	target_d001	DISEASE	Polycystic ovarian syndrome	false	medical_kg_gold				target	1		false
t::d001::ENT_175E50514EE9FC736E49	ENT_175E50514EE9FC736E49	target_d001	BIOMARKER	P1 wave latency	false	medical_kg_gold				target	1		false
t::d001::ENT_175FEA0DB636E8E1333A	ENT_175FEA0DB636E8E1333A	target_d001	DRUG	PPARgamma agonists	false	medical_kg_gold				target	1		false
t::d001::ENT_17693D84411792520641	ENT_17693D84411792520641	target_d001	BIOLOGICAL_PROCESS	Activation of the AHR	false	medical_kg_gold				target	1		false
t::d001::ENT_1771996D9BDC8E7D52E2	ENT_1771996D9BDC8E7D52E2	target_d001	GENE	rs1799854	false	medical_kg_gold				target	1		false
t::d001::ENT_177F64BD1968B67999EE	ENT_177F64BD1968B67999EE	target_d001	OTHER	number of coronary arteries involved	false	medical_kg_gold				target	1		false
t::d001::ENT_17A3BD82C8851EA8D67C	ENT_17A3BD82C8851EA8D67C	target_d001	BIOMARKER	Serum omentin-1 levels	false	medical_kg_gold				target	1		false
t::d001::ENT_17AC18E24F225D898AA6	ENT_17AC18E24F225D898AA6	target_d001	BIOMARKER	Low adiponectin levels	false	medical_kg_gold				target	1		false
t::d001::ENT_17B567C787480390DD01	ENT_17B567C787480390DD01	target_d001	TREATMENT	Chinese medicine	false	medical_kg_gold				target	1		false
t::d001::ENT_17B85A7A16C2234432C7	ENT_17B85A7A16C2234432C7	target_d001	POPULATION	first-degree relatives	false	medical_kg_gold				target	1		false
t::d001::ENT_17BE5C547583366C850B	ENT_17BE5C547583366C850B	target_d001	OTHER	family history of diabetes	false	medical_kg_gold				target	1		false
t::d001::ENT_17C5E1558B37F9E854B3	ENT_17C5E1558B37F9E854B3	target_d001	PHENOTYPE	beta cell failure	false	medical_kg_gold				target	1		false
t::d001::ENT_17C67A331628FED8CB13	ENT_17C67A331628FED8CB13	target_d001	GENE	Nsi Ⅰ polymorphism	false	medical_kg_gold				target	1		false
t::d001::ENT_17CCC581BBC7C9EFC49E	ENT_17CCC581BBC7C9EFC49E	target_d001	BIOMARKER	Lowered serum adiponectin	false	medical_kg_gold				target	1		false
t::d001::ENT_17D592D017DD81C42F52	ENT_17D592D017DD81C42F52	target_d001	BIOLOGICAL_PROCESS	testosterone synthesis	false	medical_kg_gold				target	1		false
t::d001::ENT_17D961B23D00F9FF5743	ENT_17D961B23D00F9FF5743	target_d001	NUTRIENT	Mg	false	medical_kg_gold				target	1		false
t::d001::ENT_17DF757348939C5514E5	ENT_17DF757348939C5514E5	target_d001	GENE	mtDNA变异位点	false	medical_kg_gold				target	1		false
t::d001::ENT_17EB1E58C14A07ED14DD	ENT_17EB1E58C14A07ED14DD	target_d001	METABOLITE	glutathione	false	medical_kg_gold				target	1		false
t::d001::ENT_1812C271C94CB8F85182	ENT_1812C271C94CB8F85182	target_d001	GENE	CAPN10	false	medical_kg_gold				target	1		false
t::d001::ENT_181B2749BC1B0680E45F	ENT_181B2749BC1B0680E45F	target_d001	POPULATION	female patients	false	medical_kg_gold				target	1		false
t::d001::ENT_181FA43A6366FC1E53C7	ENT_181FA43A6366FC1E53C7	target_d001	PHENOTYPE	left ventricular systolic function decline	false	medical_kg_gold				target	1		false
t::d001::ENT_182837CEB8A0CAE89FF1	ENT_182837CEB8A0CAE89FF1	target_d001	BIOMARKER	serum MIF	false	medical_kg_gold				target	1		false
t::d001::ENT_182E374C6EA4020A39EA	ENT_182E374C6EA4020A39EA	target_d001	BIOMARKER	endothelin	false	medical_kg_gold				target	1		false
t::d001::ENT_1845E0F2AA86D3927C05	ENT_1845E0F2AA86D3927C05	target_d001	PROTEIN	VEGF	false	medical_kg_gold				target	1		false
t::d001::ENT_184731BE9B789970859F	ENT_184731BE9B789970859F	target_d001	PROTEIN	Low concentrations of the kidney protein uromodulin	false	medical_kg_gold				target	1		false
t::d001::ENT_184C786AB40A59EC4C75	ENT_184C786AB40A59EC4C75	target_d001	DISEASE	impaired glucose tolerance	false	medical_kg_gold				target	1		false
t::d001::ENT_1857A885DDA17A42C721	ENT_1857A885DDA17A42C721	target_d001	NUTRIENT	Magnesium intake	false	medical_kg_gold				target	1		false
t::d001::ENT_186A33407C79E24C6367	ENT_186A33407C79E24C6367	target_d001	LAB_MEASUREMENT	AIR3-5	false	medical_kg_gold				target	1		false
t::d001::ENT_186E8BB7BCF700B50861	ENT_186E8BB7BCF700B50861	target_d001	LAB_MEASUREMENT	blood viscosity(high shear)	false	medical_kg_gold				target	1		false
t::d001::ENT_187353A7715415C9845C	ENT_187353A7715415C9845C	target_d001	LAB_MEASUREMENT	BOP	false	medical_kg_gold				target	1		false
t::d001::ENT_1873C94DE2413B7D94B1	ENT_1873C94DE2413B7D94B1	target_d001	PROTEIN	TRAIL	false	medical_kg_gold				target	1		false
t::d001::ENT_1880C566B5706CC98B12	ENT_1880C566B5706CC98B12	target_d001	PHYSIOLOGICAL_PROCESS	β-cell function defect	false	medical_kg_gold				target	1		false
t::d001::ENT_18855A6732EDB0D605A7	ENT_18855A6732EDB0D605A7	target_d001	DISEASE	cerebrovascular disease	false	medical_kg_gold				target	1		false
t::d001::ENT_18881D272F87E02B49DE	ENT_18881D272F87E02B49DE	target_d001	OTHER	rs3856806	false	medical_kg_gold				target	1		false
t::d001::ENT_18892764491FE3E8C661	ENT_18892764491FE3E8C661	target_d001	GENE	11β-HSD1 gene polymorphism	false	medical_kg_gold				target	1		false
t::d001::ENT_188A6BFDA3CEF93C1C30	ENT_188A6BFDA3CEF93C1C30	target_d001	BIOMARKER	serum VDBP concentration	false	medical_kg_gold				target	1		false
t::d001::ENT_188BFCC6E06E5A1486B5	ENT_188BFCC6E06E5A1486B5	target_d001	OTHER	genetic heterogeneity	false	medical_kg_gold				target	1		false
t::d001::ENT_189CBD93DF0DC0696682	ENT_189CBD93DF0DC0696682	target_d001	PATHWAY	insulin-like growth factor (IGF) axis	false	medical_kg_gold				target	1		false
t::d001::ENT_18A1E79778990BF45AC1	ENT_18A1E79778990BF45AC1	target_d001	COMPOUND	TC	false	medical_kg_gold				target	1		false
t::d001::ENT_18B9369213DA1AC7ABE4	ENT_18B9369213DA1AC7ABE4	target_d001	POPULATION	relatives in multiple familial type 2 diabetes pedigree	false	medical_kg_gold				target	1		false
t::d001::ENT_18BDCBA88CDA97D8BAC4	ENT_18BDCBA88CDA97D8BAC4	target_d001	LAB_MEASUREMENT	3316 G→A mutation frequency	false	medical_kg_gold				target	1		false
t::d001::ENT_18C309C8D50479A31AAC	ENT_18C309C8D50479A31AAC	target_d001	METABOLITE	25OHD_3	false	medical_kg_gold				target	1		false
t::d001::ENT_18DE8A17A84E5F202345	ENT_18DE8A17A84E5F202345	target_d001	RISK_FACTOR	other cardiovascular risk factors	false	medical_kg_gold				target	1		false
t::d001::ENT_18F3FE7C752E51AD78E8	ENT_18F3FE7C752E51AD78E8	target_d001	DRUG	Xiaoke Jiangtang Granule	false	medical_kg_gold				target	1		false
t::d001::ENT_18FC8CC0C64585985E0B	ENT_18FC8CC0C64585985E0B	target_d001	BIOMARKER	micronuclei	false	medical_kg_gold				target	1		false
t::d001::ENT_191EEE2E553193EC6AA4	ENT_191EEE2E553193EC6AA4	target_d001	DISEASE	NAFLD	false	medical_kg_gold				target	1		false
t::d001::ENT_1972AAF5CF81ECF12106	ENT_1972AAF5CF81ECF12106	target_d001	OTHER	rs4402960 polymorphism	false	medical_kg_gold				target	1		false
t::d001::ENT_198384A3D88CCEF8826E	ENT_198384A3D88CCEF8826E	target_d001	GENE	eNOS gene Glu298Asp polymorphism	false	medical_kg_gold				target	1		false
t::d001::ENT_198B10BCD28D8E38299E	ENT_198B10BCD28D8E38299E	target_d001	OTHER	polymorphisms of IL-1B, RN	false	medical_kg_gold				target	1		false
t::d001::ENT_1990453FBC1CB5829D72	ENT_1990453FBC1CB5829D72	target_d001	DISEASE	a cardiovascular disease	false	medical_kg_gold				target	1		false
t::d001::ENT_1992C1A2E3DD9D5D35DE	ENT_1992C1A2E3DD9D5D35DE	target_d001	PHENOTYPE	weight behavior	false	medical_kg_gold				target	1		false
t::d001::ENT_19B01A6FC09BA0E975B6	ENT_19B01A6FC09BA0E975B6	target_d001	PROTEIN	β3 receptor expression	false	medical_kg_gold				target	1		false
t::d001::ENT_19B35C65815E78D05BF9	ENT_19B35C65815E78D05BF9	target_d001	OTHER	SC	false	medical_kg_gold				target	1		false
t::d001::ENT_19BBB36FA220452587EB	ENT_19BBB36FA220452587EB	target_d001	PHENOTYPE	chronic hyperglicemic	false	medical_kg_gold				target	1		false
t::d001::ENT_19CE96DCEBB13B3A0F24	ENT_19CE96DCEBB13B3A0F24	target_d001	GENE	polymorphism of Pro12Ala of PPARγ2	false	medical_kg_gold				target	1		false
t::d001::ENT_19E2B3641E4B19FC3E38	ENT_19E2B3641E4B19FC3E38	target_d001	PHYSIOLOGICAL_PROCESS	bone resorption	false	medical_kg_gold				target	1		false
t::d001::ENT_19F8530875838A9FAECB	ENT_19F8530875838A9FAECB	target_d001	TREATMENT	treatment of malignant neoplasms	false	medical_kg_gold				target	1		false
t::d001::ENT_1A126C5B6CD6DE91E994	ENT_1A126C5B6CD6DE91E994	target_d001	POPULATION	climacteric women	false	medical_kg_gold				target	1		false
t::d001::ENT_1A2BF4844F7005C2CCCC	ENT_1A2BF4844F7005C2CCCC	target_d001	LAB_MEASUREMENT	fasting plasma glucose(FPG)	false	medical_kg_gold				target	1		false
t::d001::ENT_1A2D5DFE3BDA4FEFE104	ENT_1A2D5DFE3BDA4FEFE104	target_d001	OTHER	Misalliance between melatoninmediated circadian rhythms and insulin secretion	false	medical_kg_gold				target	1		false
t::d001::ENT_1A37D02327D6E9E519B9	ENT_1A37D02327D6E9E519B9	target_d001	METABOLITE	UA	false	medical_kg_gold				target	1		false
t::d001::ENT_1A40CCD08682EBC540DF	ENT_1A40CCD08682EBC540DF	target_d001	CELL	T 8	false	medical_kg_gold				target	1		false
t::d001::ENT_1A45C5F4EB0D35516933	ENT_1A45C5F4EB0D35516933	target_d001	INTERVENTION	Interventions with physiotherapists that engage in daily physical activity	false	medical_kg_gold				target	1		false
t::d001::ENT_1A4914168DCBFCE7939C	ENT_1A4914168DCBFCE7939C	target_d001	DISEASE	restrictive pattern of lung disease	false	medical_kg_gold				target	1		false
t::d001::ENT_1A4B4E62F99DF092936D	ENT_1A4B4E62F99DF092936D	target_d001	DIET	fat addiction	false	medical_kg_gold				target	1		false
t::d001::ENT_1A6B9B9F5DC12C5FAB9D	ENT_1A6B9B9F5DC12C5FAB9D	target_d001	OTHER	NON mouse	false	medical_kg_gold				target	1		false
t::d001::ENT_1A6FCC22D4DD5A84F712	ENT_1A6FCC22D4DD5A84F712	target_d001	OTHER	TALLYHO/Jng (TH) mouse	false	medical_kg_gold				target	1		false
t::d001::ENT_1A898B48C7DC14379234	ENT_1A898B48C7DC14379234	target_d001	BIOMARKER	serum ZAG level	false	medical_kg_gold				target	1		false
t::d001::ENT_1A8EBDFA4197058CFA9D	ENT_1A8EBDFA4197058CFA9D	target_d001	METABOLITE	blood glucose levels	false	medical_kg_gold				target	1		false
t::d001::ENT_1AA32DBFEA4F4C6335FF	ENT_1AA32DBFEA4F4C6335FF	target_d001	EXERCISE	sea water bath physical exercise	false	medical_kg_gold				target	1		false
t::d001::ENT_1AA4D1427095DEDF015D	ENT_1AA4D1427095DEDF015D	target_d001	BIOMARKER	levels of CRP and FIB	false	medical_kg_gold				target	1		false
t::d001::ENT_1AA7B0D79446070AB598	ENT_1AA7B0D79446070AB598	target_d001	PROTEIN	serum omentin	false	medical_kg_gold				target	1		false
t::d001::ENT_1AD967E20E92EDA322B6	ENT_1AD967E20E92EDA322B6	target_d001	PHYSIOLOGICAL_PROCESS	ambulatory blood pressure variability	false	medical_kg_gold				target	1		false
t::d001::ENT_1AE50D9DFB71C20202D6	ENT_1AE50D9DFB71C20202D6	target_d001	BIOLOGICAL_PROCESS	immature vascularisation	false	medical_kg_gold				target	1		false
t::d001::ENT_1AE703FEFDABD817A991	ENT_1AE703FEFDABD817A991	target_d001	SYMPTOM	painless hematuria	false	medical_kg_gold				target	1		false
t::d001::ENT_1AF8CB77445543A77F2A	ENT_1AF8CB77445543A77F2A	target_d001	GENE	1	false	medical_kg_gold				target	1		false
t::d001::ENT_1AF933C37F8B9119A455	ENT_1AF933C37F8B9119A455	target_d001	INTERVENTION	reducing mitochondrial lipid overload	false	medical_kg_gold				target	1		false
t::d001::ENT_1AFA3A0D11C366ED534B	ENT_1AFA3A0D11C366ED534B	target_d001	GENE	G allelomorphic gene	false	medical_kg_gold				target	1		false
t::d001::ENT_1B054035B27BDF716FAA	ENT_1B054035B27BDF716FAA	target_d001	PROTEIN	PON-1 activity	false	medical_kg_gold				target	1		false
t::d001::ENT_1B0EFC075C59F3F48E62	ENT_1B0EFC075C59F3F48E62	target_d001	BIOMARKER	abnormal plasma testosterone level	false	medical_kg_gold				target	1		false
t::d001::ENT_1B1ED84298C55C546D11	ENT_1B1ED84298C55C546D11	target_d001	INTERVENTION	Pharmaceutical Educational Intervention	false	medical_kg_gold				target	1		false
t::d001::ENT_1B214619806B8C6ABD39	ENT_1B214619806B8C6ABD39	target_d001	DISEASE	CA	false	medical_kg_gold				target	1		false
t::d001::ENT_1B22D3E30340531A5643	ENT_1B22D3E30340531A5643	target_d001	SYMPTOM	Cognitive impairment	false	medical_kg_gold				target	1		false
t::d001::ENT_1B26E385F6AF2D10E0DC	ENT_1B26E385F6AF2D10E0DC	target_d001	PHYSIOLOGICAL_PROCESS	relatively slow bone formation	false	medical_kg_gold				target	1		false
t::d001::ENT_1B2EE5D1398EA2B19A0A	ENT_1B2EE5D1398EA2B19A0A	target_d001	INTERVENTION	planned behavioral intervention	false	medical_kg_gold				target	1		false
t::d001::ENT_1B45CE4A6B16B8030F7F	ENT_1B45CE4A6B16B8030F7F	target_d001	LAB_MEASUREMENT	APN levels	false	medical_kg_gold				target	1		false
t::d001::ENT_1B5AB6BADEE351E4EFE2	ENT_1B5AB6BADEE351E4EFE2	target_d001	PROTEIN	IR positive	false	medical_kg_gold				target	1		false
t::d001::ENT_1B5B4A87C51F7FE303D9	ENT_1B5B4A87C51F7FE303D9	target_d001	OTHER	SNPs-11377C/G	false	medical_kg_gold				target	1		false
t::d001::ENT_1B5B57DD1CF07F4DB423	ENT_1B5B57DD1CF07F4DB423	target_d001	PROTEIN	soluble transferrin receptor(sTfR) concentration	false	medical_kg_gold				target	1		false
t::d001::ENT_1B602EF44B801D7499B7	ENT_1B602EF44B801D7499B7	target_d001	DIET	regular dinner	false	medical_kg_gold				target	1		false
t::d001::ENT_1B77D667F14036962B2C	ENT_1B77D667F14036962B2C	target_d001	BIOMARKER	Vitamin C and vitamin E levels	false	medical_kg_gold				target	1		false
t::d001::ENT_1B7D8B2A1AF8EF074978	ENT_1B7D8B2A1AF8EF074978	target_d001	DISEASE	early rheumatoid arthritis	false	medical_kg_gold				target	1		false
t::d001::ENT_1B7FF78F0D81F22E89C9	ENT_1B7FF78F0D81F22E89C9	target_d001	OTHER	D11S916 of UCP3 gene	false	medical_kg_gold				target	1		false
t::d001::ENT_1B88B2D8FDF39D1E78C4	ENT_1B88B2D8FDF39D1E78C4	target_d001	LAB_MEASUREMENT	urinary VEGF concentrations	false	medical_kg_gold				target	1		false
t::d001::ENT_1B8A85B4A354513CB06F	ENT_1B8A85B4A354513CB06F	target_d001	PHENOTYPE	diastolic hypofunction	false	medical_kg_gold				target	1		false
t::d001::ENT_1B8F5AAAACF9DB7BB0A2	ENT_1B8F5AAAACF9DB7BB0A2	target_d001	TREATMENT	activator of XBP1	false	medical_kg_gold				target	1		false
t::d001::ENT_1B987A432D7A1ABA0364	ENT_1B987A432D7A1ABA0364	target_d001	PHENOTYPE	iron overload	false	medical_kg_gold				target	1		false
t::d001::ENT_1BA7D5F54603F9BB1A0B	ENT_1BA7D5F54603F9BB1A0B	target_d001	CLINICAL_OUTCOME	incidence	false	medical_kg_gold				target	1		false
t::d001::ENT_1BB21D205EC9052A4168	ENT_1BB21D205EC9052A4168	target_d001	TREATMENT	switching from liraglutide to oral hypoglycemic agents	false	medical_kg_gold				target	1		false
t::d001::ENT_1BB83CB2A6F5F0FD6C6E	ENT_1BB83CB2A6F5F0FD6C6E	target_d001	GENE	ELAVL4	false	medical_kg_gold				target	1		false
t::d001::ENT_1BB89BDBFF52B011164B	ENT_1BB89BDBFF52B011164B	target_d001	PROTEIN	cp	false	medical_kg_gold				target	1		false
t::d001::ENT_1BBA1C8A6A80CAEA358E	ENT_1BBA1C8A6A80CAEA358E	target_d001	OTHER	haplotype GGCT of VDR gene	false	medical_kg_gold				target	1		false
t::d001::ENT_1BCBD09ABEA471A87E4A	ENT_1BCBD09ABEA471A87E4A	target_d001	PHYSIOLOGICAL_PROCESS	resistance to the actions of GIP	false	medical_kg_gold				target	1		false
t::d001::ENT_1BCE2E9317CB5A3A79EF	ENT_1BCE2E9317CB5A3A79EF	target_d001	BIOLOGICAL_PROCESS	acute phase response	false	medical_kg_gold				target	1		false
t::d001::ENT_1BD8CFBC760037BDD66E	ENT_1BD8CFBC760037BDD66E	target_d001	LAB_MEASUREMENT	serum potassium concentration	false	medical_kg_gold				target	1		false
t::d001::ENT_1BE1D9DCC1C9ACE0C519	ENT_1BE1D9DCC1C9ACE0C519	target_d001	DISEASE	cardiac comorbidities	false	medical_kg_gold				target	1		false
t::d001::ENT_1BEEF3B6FD41D9DF470D	ENT_1BEEF3B6FD41D9DF470D	target_d001	PROTEIN	TGF-β	false	medical_kg_gold				target	1		false
t::d001::ENT_1C00CAC3BA45399B6A4A	ENT_1C00CAC3BA45399B6A4A	target_d001	DRUG	premixed insulin aspart 30	false	medical_kg_gold				target	1		false
t::d001::ENT_1C04787A1EF303C9F306	ENT_1C04787A1EF303C9F306	target_d001	GENE	polymorphism of glucose transporter 1 gene	false	medical_kg_gold				target	1		false
t::d001::ENT_1C14EE155DE0687181F4	ENT_1C14EE155DE0687181F4	target_d001	GENE	L-type Calcium protein mRNA	false	medical_kg_gold				target	1		false
t::d001::ENT_1C1A568B72B3DD1D4826	ENT_1C1A568B72B3DD1D4826	target_d001	LAB_MEASUREMENT	Fasting blood glucose (mg/dL)	false	medical_kg_gold				target	1		false
t::d001::ENT_1C25238A283783536D2B	ENT_1C25238A283783536D2B	target_d001	BIOLOGICAL_PROCESS	pathological angiogenesis	false	medical_kg_gold				target	1		false
t::d001::ENT_1C308F19E372E8571109	ENT_1C308F19E372E8571109	target_d001	LAB_MEASUREMENT	higher level of serum CRP	false	medical_kg_gold				target	1		false
t::d001::ENT_1C37AFD4DB5E9E728A19	ENT_1C37AFD4DB5E9E728A19	target_d001	DRUG	glyburide	false	medical_kg_gold				target	1		false
t::d001::ENT_1C386D6A129E89BCCBF1	ENT_1C386D6A129E89BCCBF1	target_d001	LAB_MEASUREMENT	plasma glucose	false	medical_kg_gold				target	1		false
t::d001::ENT_1C460BF096C5D031D85E	ENT_1C460BF096C5D031D85E	target_d001	BIOMARKER	urine 8-OHdG	false	medical_kg_gold				target	1		false
t::d001::ENT_1C4B36B441C5848A46DA	ENT_1C4B36B441C5848A46DA	target_d001	BIOMARKER	nuclear budding	false	medical_kg_gold				target	1		false
t::d001::ENT_1C521964C6AE59949BC7	ENT_1C521964C6AE59949BC7	target_d001	PROTEIN	catalase (CAT)	false	medical_kg_gold				target	1		false
t::d001::ENT_1C59B58330B941D8EAFB	ENT_1C59B58330B941D8EAFB	target_d001	OTHER	A45T variation in NeuroD1 gene	false	medical_kg_gold				target	1		false
t::d001::ENT_1C5C106C7207A7F56DDD	ENT_1C5C106C7207A7F56DDD	target_d001	DISEASE	atherothrombotic infarction	false	medical_kg_gold				target	1		false
t::d001::ENT_1C918AFCBDCD19632784	ENT_1C918AFCBDCD19632784	target_d001	METABOLITE	expression of homocysteine	false	medical_kg_gold				target	1		false
t::d001::ENT_1C99910DAC26E5B762DB	ENT_1C99910DAC26E5B762DB	target_d001	GENE	SNP-11377 C/G polymorphism	false	medical_kg_gold				target	1		false
t::d001::ENT_1C9F08D61C6B2E6854CD	ENT_1C9F08D61C6B2E6854CD	target_d001	OTHER	rs6259	false	medical_kg_gold				target	1		false
t::d001::ENT_1CCF2BE1B908F141A1D3	ENT_1CCF2BE1B908F141A1D3	target_d001	DIET	enjoying sweetmeats	false	medical_kg_gold				target	1		false
t::d001::ENT_1CDB33E8F6D9095825D6	ENT_1CDB33E8F6D9095825D6	target_d001	BIOMARKER	ratio of CD4+/CD8+	false	medical_kg_gold				target	1		false
t::d001::ENT_1CE0061C186EF992026F	ENT_1CE0061C186EF992026F	target_d001	BIOMARKER	SRs,SRe and SRa	false	medical_kg_gold				target	1		false
t::d001::ENT_1CE3EFE0EC979184D671	ENT_1CE3EFE0EC979184D671	target_d001	LAB_MEASUREMENT	haemoglobin A1c	false	medical_kg_gold				target	1		false
t::d001::ENT_1CF0DB82AAB5BF362BDF	ENT_1CF0DB82AAB5BF362BDF	target_d001	PROTEIN	GDF-15	false	medical_kg_gold				target	1		false
t::d001::ENT_1D1E2C2122087B77244D	ENT_1D1E2C2122087B77244D	target_d001	COMPOUND	STZ	false	medical_kg_gold				target	1		false
t::d001::ENT_1D23CAC2A5D17E85198B	ENT_1D23CAC2A5D17E85198B	target_d001	BIOMARKER	24h UmAlb	false	medical_kg_gold				target	1		false
t::d001::ENT_1D251CEC60F01FD6683E	ENT_1D251CEC60F01FD6683E	target_d001	DISEASE	colorectal cancer	false	medical_kg_gold				target	1		false
t::d001::ENT_1D2587AF8561E8E754FC	ENT_1D2587AF8561E8E754FC	target_d001	BIOMARKER	ER negative rate	false	medical_kg_gold				target	1		false
t::d001::ENT_1D2D0F62A3F53EC64B3B	ENT_1D2D0F62A3F53EC64B3B	target_d001	PROTEIN	serum insulin	false	medical_kg_gold				target	1		false
t::d001::ENT_1D4178DBE21EE8EA3ACB	ENT_1D4178DBE21EE8EA3ACB	target_d001	LIFESTYLE_FACTOR	litt le or no physical acti vity	false	medical_kg_gold				target	1		false
t::d001::ENT_1D4FE2B2BAFB3E55C8EE	ENT_1D4FE2B2BAFB3E55C8EE	target_d001	METABOLITE	glycogen	false	medical_kg_gold				target	1		false
t::d001::ENT_1D5A151E8988373EF538	ENT_1D5A151E8988373EF538	target_d001	BIOMARKER	TNFα	false	medical_kg_gold				target	1		false
t::d001::ENT_1D63C329CA962A951167	ENT_1D63C329CA962A951167	target_d001	BIOLOGICAL_PROCESS	autofagije	false	medical_kg_gold				target	1		false
t::d001::ENT_1D7582EE9717E99DBC5C	ENT_1D7582EE9717E99DBC5C	target_d001	LAB_MEASUREMENT	various parameters of HRV	false	medical_kg_gold				target	1		false
t::d001::ENT_1D8867DB45CAF877DF83	ENT_1D8867DB45CAF877DF83	target_d001	PHENOTYPE	acanthosis nigricans	false	medical_kg_gold				target	1		false
t::d001::ENT_1D93BBA68964FD21A0FD	ENT_1D93BBA68964FD21A0FD	target_d001	CELL	autoreaktivnih T limfocita	false	medical_kg_gold				target	1		false
t::d001::ENT_1DB492B7B5A23913278D	ENT_1DB492B7B5A23913278D	target_d001	BIOMARKER	acute phase proteins	false	medical_kg_gold				target	1		false
t::d001::ENT_1DB4A7A57363D62A59D9	ENT_1DB4A7A57363D62A59D9	target_d001	PROTEIN	apolipoprotein A1	false	medical_kg_gold				target	1		false
t::d001::ENT_1DB52C172DD583827EE0	ENT_1DB52C172DD583827EE0	target_d001	GENE	34 genes	false	medical_kg_gold				target	1		false
t::d001::ENT_1DBCEF74F0BB4629FC36	ENT_1DBCEF74F0BB4629FC36	target_d001	BIOMARKER	plasma ALP	false	medical_kg_gold				target	1		false
t::d001::ENT_1DC19269493FFF5B4534	ENT_1DC19269493FFF5B4534	target_d001	PROTEIN	clotting factors VII and VIII	false	medical_kg_gold				target	1		false
t::d001::ENT_1DC257E458C46ED6B3E8	ENT_1DC257E458C46ED6B3E8	target_d001	OTHER	HCV genotype 3	false	medical_kg_gold				target	1		false
t::d001::ENT_1DDB25FEFD9B1D091C7F	ENT_1DDB25FEFD9B1D091C7F	target_d001	DRUG	Cheongpesagan-tang	false	medical_kg_gold				target	1		false
t::d001::ENT_1DEFDCA8E7761174DAA1	ENT_1DEFDCA8E7761174DAA1	target_d001	OTHER	stomach	false	medical_kg_gold				target	1		false
t::d001::ENT_1DF186EFB27A66346875	ENT_1DF186EFB27A66346875	target_d001	TREATMENT	Scheme A	false	medical_kg_gold				target	1		false
t::d001::ENT_1DFBAD03757149F3F21E	ENT_1DFBAD03757149F3F21E	target_d001	LAB_MEASUREMENT	fructosamine	false	medical_kg_gold				target	1		false
t::d001::ENT_1E0EF19AD0A54C9C71BB	ENT_1E0EF19AD0A54C9C71BB	target_d001	LAB_MEASUREMENT	serum level of 1,5-AG	false	medical_kg_gold				target	1		false
t::d001::ENT_1E217059C2A19477A17F	ENT_1E217059C2A19477A17F	target_d001	PROTEIN	Omentin	false	medical_kg_gold				target	1		false
t::d001::ENT_1E21FCF5BB8D6546C096	ENT_1E21FCF5BB8D6546C096	target_d001	PROTEIN	CD63	false	medical_kg_gold				target	1		false
t::d001::ENT_1E23F3975B3513567E89	ENT_1E23F3975B3513567E89	target_d001	GENE	SNP+45	false	medical_kg_gold				target	1		false
t::d001::ENT_1E276E5FE30838720201	ENT_1E276E5FE30838720201	target_d001	DISEASE	Non-alcoholic fatty liver	false	medical_kg_gold				target	1		false
t::d001::ENT_1E2B42ACAC91BE0AB11D	ENT_1E2B42ACAC91BE0AB11D	target_d001	PHENOTYPE	abnormality of α-cells	false	medical_kg_gold				target	1		false
t::d001::ENT_1E2D878195B32582F66B	ENT_1E2D878195B32582F66B	target_d001	DISEASE	Helicobacter pylori infection	false	medical_kg_gold				target	1		false
t::d001::ENT_1E383C12D3F713D8AC95	ENT_1E383C12D3F713D8AC95	target_d001	POPULATION	over 350 million adults	false	medical_kg_gold				target	1		false
t::d001::ENT_1E440AE80CA01395C23A	ENT_1E440AE80CA01395C23A	target_d001	POPULATION	South Asians (SAs)	false	medical_kg_gold				target	1		false
t::d001::ENT_1E457ECA6B5CBB31258E	ENT_1E457ECA6B5CBB31258E	target_d001	DISEASE	hyperlipoidemia	false	medical_kg_gold				target	1		false
t::d001::ENT_1E4B3D9382AB657FCCB3	ENT_1E4B3D9382AB657FCCB3	target_d001	OTHER	-607C allele	false	medical_kg_gold				target	1		false
t::d001::ENT_1E54329750FD838029D5	ENT_1E54329750FD838029D5	target_d001	PROTEIN	brain insulin	false	medical_kg_gold				target	1		false
t::d001::ENT_1E57940E79D5A161FEDE	ENT_1E57940E79D5A161FEDE	target_d001	POPULATION	elderly in rural areas of Henan province	false	medical_kg_gold				target	1		false
t::d001::ENT_1E620039CCC7F137980B	ENT_1E620039CCC7F137980B	target_d001	PROTEIN	type IV collagen	false	medical_kg_gold				target	1		false
t::d001::ENT_1E6A1D6D19D40DB8188F	ENT_1E6A1D6D19D40DB8188F	target_d001	DISEASE	higher re-infection of CMV	false	medical_kg_gold				target	1		false
t::d001::ENT_1E6CC1AACAC2C9D7737A	ENT_1E6CC1AACAC2C9D7737A	target_d001	LAB_MEASUREMENT	24 hour systolic blood pressure load	false	medical_kg_gold				target	1		false
t::d001::ENT_1E6CC3E1B3B23BBEB9BD	ENT_1E6CC3E1B3B23BBEB9BD	target_d001	COMPOUND	fused triazole derivatives	false	medical_kg_gold				target	1		false
t::d001::ENT_1E700F196647D93DA58E	ENT_1E700F196647D93DA58E	target_d001	DISEASE	musculoskeletal disorders	false	medical_kg_gold				target	1		false
t::d001::ENT_1E718CEDC5A333C813FF	ENT_1E718CEDC5A333C813FF	target_d001	LAB_MEASUREMENT	TG	false	medical_kg_gold				target	1		false
t::d001::ENT_1E7246C80BA4F1B61927	ENT_1E7246C80BA4F1B61927	target_d001	POPULATION	Latinos	false	medical_kg_gold				target	1		false
t::d001::ENT_1E7FEDEBBAE829FF71C2	ENT_1E7FEDEBBAE829FF71C2	target_d001	BEHAVIOR	tending to stress or excitement	false	medical_kg_gold				target	1		false
t::d001::ENT_1E9864B5695579F9FBBF	ENT_1E9864B5695579F9FBBF	target_d001	GENE	GLUT2	false	medical_kg_gold				target	1		false
t::d001::ENT_1EA1579ACE908FEF3FB3	ENT_1EA1579ACE908FEF3FB3	target_d001	PHENOTYPE	overweight and/or obese	false	medical_kg_gold				target	1		false
t::d001::ENT_1EA2799BFC7711C488E3	ENT_1EA2799BFC7711C488E3	target_d001	COMPOUND	Oxygen free radical	false	medical_kg_gold				target	1		false
t::d001::ENT_1EA952AC34BC5E3C5BAE	ENT_1EA952AC34BC5E3C5BAE	target_d001	LAB_MEASUREMENT	transient outward K+ current density	false	medical_kg_gold				target	1		false
t::d001::ENT_1EB454D4B73BECA0C74A	ENT_1EB454D4B73BECA0C74A	target_d001	PROTEIN	cytokines or the acute phase reactants	false	medical_kg_gold				target	1		false
t::d001::ENT_1EB70E7560E581E64C70	ENT_1EB70E7560E581E64C70	target_d001	OTHER	CTLA-4基因第1外显子49位点基因多态性分布	false	medical_kg_gold				target	1		false
t::d001::ENT_1EB8189257AB08742C4B	ENT_1EB8189257AB08742C4B	target_d001	OTHER	risk allele 12Pro of rs1801282 polymorphism in PPARG gene	false	medical_kg_gold				target	1		false
t::d001::ENT_1EBC589E6B1F95F84035	ENT_1EBC589E6B1F95F84035	target_d001	PHENOTYPE	intermittent hypoxia	false	medical_kg_gold				target	1		false
t::d001::ENT_1ECB4DD4FB1784CCF96C	ENT_1ECB4DD4FB1784CCF96C	target_d001	GENE	+276GT polymorphism	false	medical_kg_gold				target	1		false
t::d001::ENT_1ECD3C484DD6FA292502	ENT_1ECD3C484DD6FA292502	target_d001	DRUG	their agonists	false	medical_kg_gold				target	1		false
t::d001::ENT_1ED088F0C0361F9BF946	ENT_1ED088F0C0361F9BF946	target_d001	OTHER	FRB and MI	false	medical_kg_gold				target	1		false
t::d001::ENT_1EE7D75FE563CAD6474C	ENT_1EE7D75FE563CAD6474C	target_d001	TREATMENT	Intensive glycemic control	false	medical_kg_gold				target	1		false
t::d001::ENT_1EE8E8250507CA0E74F2	ENT_1EE8E8250507CA0E74F2	target_d001	RISK_FACTOR	history of hypertension	false	medical_kg_gold				target	1		false
t::d001::ENT_1EE962382BEF9679F523	ENT_1EE962382BEF9679F523	target_d001	BEHAVIOR	being inactive	false	medical_kg_gold				target	1		false
t::d001::ENT_1F054A33289B743504C9	ENT_1F054A33289B743504C9	target_d001	TREATMENT	incretin-based therapies	false	medical_kg_gold				target	1		false
t::d001::ENT_1F1068FE1DD1888E7CAA	ENT_1F1068FE1DD1888E7CAA	target_d001	LAB_MEASUREMENT	Serum testosterone	false	medical_kg_gold				target	1		false
t::d001::ENT_1F337E279DE6DF46AB04	ENT_1F337E279DE6DF46AB04	target_d001	PHENOTYPE	macrovascular and microvascular complication	false	medical_kg_gold				target	1		false
t::d001::ENT_1F3D231704F7905F5D70	ENT_1F3D231704F7905F5D70	target_d001	RISK_FACTOR	Heredity	false	medical_kg_gold				target	1		false
t::d001::ENT_1F4B1F9E3DE4B41FBB61	ENT_1F4B1F9E3DE4B41FBB61	target_d001	METABOLITE	serum Zn	false	medical_kg_gold				target	1		false
t::d001::ENT_1F4BC7E8BBF1DDEF05D6	ENT_1F4BC7E8BBF1DDEF05D6	target_d001	PROTEIN	platelet CD42b	false	medical_kg_gold				target	1		false
t::d001::ENT_1F4C7B9B396470019681	ENT_1F4C7B9B396470019681	target_d001	PROTEIN	h-FABP	false	medical_kg_gold				target	1		false
t::d001::ENT_1F62CF7BF0747BD51693	ENT_1F62CF7BF0747BD51693	target_d001	PHENOTYPE	visual field defect	false	medical_kg_gold				target	1		false
t::d001::ENT_1F65FAD9B8D70C356240	ENT_1F65FAD9B8D70C356240	target_d001	DISEASE	Klebsiella pneumoniae infection	false	medical_kg_gold				target	1		false
t::d001::ENT_1F6A9825D613FC903994	ENT_1F6A9825D613FC903994	target_d001	METABOLITE	urine 8-different prostaglandin F2α level	false	medical_kg_gold				target	1		false
t::d001::ENT_1F73149DEF04C42533E7	ENT_1F73149DEF04C42533E7	target_d001	PATHWAY	leptin, NPY and POMC pathway	false	medical_kg_gold				target	1		false
t::d001::ENT_1FC5678A4D54612C5A9B	ENT_1FC5678A4D54612C5A9B	target_d001	GENE	T-allele of SNP276	false	medical_kg_gold				target	1		false
t::d001::ENT_1FC5CFE29284715F82F3	ENT_1FC5CFE29284715F82F3	target_d001	POPULATION	male subjects	false	medical_kg_gold				target	1		false
t::d001::ENT_1FE7517C521994A81AE8	ENT_1FE7517C521994A81AE8	target_d001	BEHAVIOR	occupational physical activity	false	medical_kg_gold				target	1		false
t::d001::ENT_1FF1BA20D314B8A4307B	ENT_1FF1BA20D314B8A4307B	target_d001	OTHER	mono-gene heritability model	false	medical_kg_gold				target	1		false
t::d001::ENT_1FF4131F4DF9B202B574	ENT_1FF4131F4DF9B202B574	target_d001	OTHER	Agents that act to reduce glucagon secretion or to block glucagon action	false	medical_kg_gold				target	1		false
t::d001::ENT_200095FEB5A911598DBC	ENT_200095FEB5A911598DBC	target_d001	GENE	VDR gene Fok I polymorphism	false	medical_kg_gold				target	1		false
t::d001::ENT_200313EF62D5E1C085F4	ENT_200313EF62D5E1C085F4	target_d001	PHENOTYPE	increase in glucose levels	false	medical_kg_gold				target	1		false
t::d001::ENT_201F71200B5845100FB3	ENT_201F71200B5845100FB3	target_d001	BEHAVIOR	insufficient physical activity	false	medical_kg_gold				target	1		false
t::d001::ENT_202F8C5CD9933A0185A2	ENT_202F8C5CD9933A0185A2	target_d001	PROCEDURE	metabolic and bariatric surgery	false	medical_kg_gold				target	1		false
t::d001::ENT_20301287876CDB33F285	ENT_20301287876CDB33F285	target_d001	GENE	SNP45 of apM1	false	medical_kg_gold				target	1		false
t::d001::ENT_203D3B577883066771E8	ENT_203D3B577883066771E8	target_d001	OTHER	deficient Promordial Qi, burning ”Yin Fire” and insufficient body fluid and its metabolism and blood	false	medical_kg_gold				target	1		false
t::d001::ENT_204D1EE3C23F68D2C9E5	ENT_204D1EE3C23F68D2C9E5	target_d001	LAB_MEASUREMENT	24h-Alb/Cr	false	medical_kg_gold				target	1		false
t::d001::ENT_204E12AA625FC63FD0CB	ENT_204E12AA625FC63FD0CB	target_d001	OTHER	T2D risk alleles	false	medical_kg_gold				target	1		false
t::d001::ENT_205A93DB914C6B58860B	ENT_205A93DB914C6B58860B	target_d001	METABOLITE	staturated fatty acid (SFA)	false	medical_kg_gold				target	1		false
t::d001::ENT_2063BCA1A5CC9B6F55E9	ENT_2063BCA1A5CC9B6F55E9	target_d001	DRUG	Dipeptidyl peptidase 4(DPP-4)inhibitors	false	medical_kg_gold				target	1		false
t::d001::ENT_206B9242E9F690516ADF	ENT_206B9242E9F690516ADF	target_d001	TREATMENT	Yiqiyangyin decoction	false	medical_kg_gold				target	1		false
t::d001::ENT_20844D8E093DE74B6585	ENT_20844D8E093DE74B6585	target_d001	LAB_MEASUREMENT	HOMA-IS	false	medical_kg_gold				target	1		false
t::d001::ENT_208B966D9CA2E586DFFC	ENT_208B966D9CA2E586DFFC	target_d001	PROTEIN	ZAG	false	medical_kg_gold				target	1		false
t::d001::ENT_209CF12D47EFA69B31ED	ENT_209CF12D47EFA69B31ED	target_d001	PHENOTYPE	memory, learning and excutive function	false	medical_kg_gold				target	1		false
t::d001::ENT_20A0904C45F3D721E9A5	ENT_20A0904C45F3D721E9A5	target_d001	BIOMARKER	BMD	false	medical_kg_gold				target	1		false
t::d001::ENT_20C8673C47D175E8FE51	ENT_20C8673C47D175E8FE51	target_d001	DISEASE	pre-hypertension	false	medical_kg_gold				target	1		false
t::d001::ENT_20DA590850A429240CD4	ENT_20DA590850A429240CD4	target_d001	LAB_MEASUREMENT	V	false	medical_kg_gold				target	1		false
t::d001::ENT_20EBF9F6DAC0F571C8F3	ENT_20EBF9F6DAC0F571C8F3	target_d001	BIOLOGICAL_PROCESS	AMPK activity	false	medical_kg_gold				target	1		false
t::d001::ENT_20F6F33E1A8330B18338	ENT_20F6F33E1A8330B18338	target_d001	METABOLITE	serum free fatty acid	false	medical_kg_gold				target	1		false
t::d001::ENT_20F8B5DD80287BC7F491	ENT_20F8B5DD80287BC7F491	target_d001	GENE	VLDLR gene	false	medical_kg_gold				target	1		false
t::d001::ENT_21166349F030B961533A	ENT_21166349F030B961533A	target_d001	CLINICAL_OUTCOME	recurrence of lacunar infarction	false	medical_kg_gold				target	1		false
t::d001::ENT_21172F264069F75D1E0F	ENT_21172F264069F75D1E0F	target_d001	PROCEDURE	blood glucose monitoring	false	medical_kg_gold				target	1		false
t::d001::ENT_211FAB401E679BFB2C1D	ENT_211FAB401E679BFB2C1D	target_d001	OTHER	global rise in obesity, sedentary lifestyles, and an aging population	false	medical_kg_gold				target	1		false
t::d001::ENT_212256B73B6BBE28468E	ENT_212256B73B6BBE28468E	target_d001	PROTEIN	IL-2	false	medical_kg_gold				target	1		false
t::d001::ENT_212A37FB57C77B5ABDB8	ENT_212A37FB57C77B5ABDB8	target_d001	PROTEIN	IL-1β, IL-6 and TNF-α	false	medical_kg_gold				target	1		false
t::d001::ENT_212DE9AFF8CAE990558D	ENT_212DE9AFF8CAE990558D	target_d001	PHENOTYPE	high blood lipids	false	medical_kg_gold				target	1		false
t::d001::ENT_21378D6C8EB57ABCEFCB	ENT_21378D6C8EB57ABCEFCB	target_d001	PHYSIOLOGICAL_PROCESS	cerebrolvascular remodeling	false	medical_kg_gold				target	1		false
t::d001::ENT_213F106EA55153440905	ENT_213F106EA55153440905	target_d001	BIOMARKER	neuron specific enolase (NSE)	false	medical_kg_gold				target	1		false
t::d001::ENT_213FFBE0E7C90EA1CD68	ENT_213FFBE0E7C90EA1CD68	target_d001	PROCEDURE	SG	false	medical_kg_gold				target	1		false
t::d001::ENT_21721DF04C1F81B2906A	ENT_21721DF04C1F81B2906A	target_d001	GENE	dominant major gene	false	medical_kg_gold				target	1		false
t::d001::ENT_2177F125669E32B2594B	ENT_2177F125669E32B2594B	target_d001	INTERVENTION	anti-inflammatory intervention	false	medical_kg_gold				target	1		false
t::d001::ENT_2183093F6EDE8FA9A919	ENT_2183093F6EDE8FA9A919	target_d001	DISEASE	Emphysematous pyelonephritis	false	medical_kg_gold				target	1		false
t::d001::ENT_2193C74DA764B5F1DEAD	ENT_2193C74DA764B5F1DEAD	target_d001	OTHER	neck circumference	false	medical_kg_gold				target	1		false
t::d001::ENT_21A28AFA33D05ABF60C9	ENT_21A28AFA33D05ABF60C9	target_d001	TREATMENT	addition of basal insulin to current OADs therapy	false	medical_kg_gold				target	1		false
t::d001::ENT_21A74C344CB52312D67B	ENT_21A74C344CB52312D67B	target_d001	DISEASE	prediabetes	false	medical_kg_gold				target	1		false
t::d001::ENT_21B2007CDB9D3A4324C8	ENT_21B2007CDB9D3A4324C8	target_d001	GENE	UCP3-55T	false	medical_kg_gold				target	1		false
t::d001::ENT_21BA46D7D426C85D894E	ENT_21BA46D7D426C85D894E	target_d001	BIOMARKER	osteoclast numbers	false	medical_kg_gold				target	1		false
t::d001::ENT_21DBB510F2977E32118C	ENT_21DBB510F2977E32118C	target_d001	GENE	FOXO3A rs2802288(G)	false	medical_kg_gold				target	1		false
t::d001::ENT_21ED40336FAE65F9D54B	ENT_21ED40336FAE65F9D54B	target_d001	METABOLITE	blood uric acid	false	medical_kg_gold				target	1		false
t::d001::ENT_22040CECBD0DD84A1A66	ENT_22040CECBD0DD84A1A66	target_d001	CLINICAL_OUTCOME	poorer health outcomes post discharge	false	medical_kg_gold				target	1		false
t::d001::ENT_22290F157D844178A9EE	ENT_22290F157D844178A9EE	target_d001	CLINICAL_OUTCOME	death	false	medical_kg_gold				target	1		false
t::d001::ENT_223A6538410443E21568	ENT_223A6538410443E21568	target_d001	DRUG	glimepiride plus metformin	false	medical_kg_gold				target	1		false
t::d001::ENT_223EA7CE93EC7093B405	ENT_223EA7CE93EC7093B405	target_d001	METABOLITE	L-GPC	false	medical_kg_gold				target	1		false
t::d001::ENT_224DC18EF0DD575A095A	ENT_224DC18EF0DD575A095A	target_d001	BIOMARKER	TG	false	medical_kg_gold				target	1		false
t::d001::ENT_2254D882AFA135BFF763	ENT_2254D882AFA135BFF763	target_d001	PROTEIN	sFas	false	medical_kg_gold				target	1		false
t::d001::ENT_226E9E3C3A31BBCE0659	ENT_226E9E3C3A31BBCE0659	target_d001	LAB_MEASUREMENT	LVEF	false	medical_kg_gold				target	1		false
t::d001::ENT_2276736E9D89A5BC779C	ENT_2276736E9D89A5BC779C	target_d001	OTHER	CC genotype of eNOS gene T-786S polymorphism	false	medical_kg_gold				target	1		false
t::d001::ENT_227AAAD5679DD29DB45D	ENT_227AAAD5679DD29DB45D	target_d001	LIFESTYLE_FACTOR	non-healthy food	false	medical_kg_gold				target	1		false
t::d001::ENT_229838AB7CCEA6DEBD46	ENT_229838AB7CCEA6DEBD46	target_d001	PHENOTYPE	diffuse lesions	false	medical_kg_gold				target	1		false
t::d001::ENT_229B5815ADB24D1690F7	ENT_229B5815ADB24D1690F7	target_d001	PROTEIN	plasma visfatin levels	false	medical_kg_gold				target	1		false
t::d001::ENT_22A9FFFD0DD6E11D43D3	ENT_22A9FFFD0DD6E11D43D3	target_d001	LAB_MEASUREMENT	BMD	false	medical_kg_gold				target	1		false
t::d001::ENT_22B5EBA3F3A09DEE5B87	ENT_22B5EBA3F3A09DEE5B87	target_d001	GENE	genotype GA	false	medical_kg_gold				target	1		false
t::d001::ENT_22BA5564FB89F8A9FA53	ENT_22BA5564FB89F8A9FA53	target_d001	GENE	Gly5Gly polymorphism in adiponectin gene exon 2	false	medical_kg_gold				target	1		false
t::d001::ENT_22C5C28C8CDC208387D5	ENT_22C5C28C8CDC208387D5	target_d001	LAB_MEASUREMENT	rate of decline in GFR	false	medical_kg_gold				target	1		false
t::d001::ENT_22CC2CF9140A5785EC75	ENT_22CC2CF9140A5785EC75	target_d001	PROTEIN	interleukin-6	false	medical_kg_gold				target	1		false
t::d001::ENT_22FD3FF93A18B83BF474	ENT_22FD3FF93A18B83BF474	target_d001	BIOMARKER	C-peptide concentration	false	medical_kg_gold				target	1		false
t::d001::ENT_22FD572E58BAB1C509DD	ENT_22FD572E58BAB1C509DD	target_d001	BIOMARKER	lower serum paraoxonase 1(PON1) activity	false	medical_kg_gold				target	1		false
t::d001::ENT_23054E4698786ECEFD3B	ENT_23054E4698786ECEFD3B	target_d001	BIOMARKER	S477X polymorphism of LPL gene	false	medical_kg_gold				target	1		false
t::d001::ENT_2305CB3A9ECC5F622324	ENT_2305CB3A9ECC5F622324	target_d001	PHYSIOLOGICAL_PROCESS	insulin responses to 8.3 and 16.7 mmol/l glucose	false	medical_kg_gold				target	1		false
t::d001::ENT_230DDE862FB00670C1D3	ENT_230DDE862FB00670C1D3	target_d001	BEHAVIOR	leisure time physical activity	false	medical_kg_gold				target	1		false
t::d001::ENT_230F2A9F7A76C2B68A03	ENT_230F2A9F7A76C2B68A03	target_d001	LIFESTYLE_FACTOR	Physical inactivity	false	medical_kg_gold				target	1		false
t::d001::ENT_231B9A53953E40F0A626	ENT_231B9A53953E40F0A626	target_d001	PROTEIN	These 23 proteins	false	medical_kg_gold				target	1		false
t::d001::ENT_232A611B03E174C6FEB4	ENT_232A611B03E174C6FEB4	target_d001	PROTEIN	low level of serum Ghrelin	false	medical_kg_gold				target	1		false
t::d001::ENT_2330EF897EC3CCA63F09	ENT_2330EF897EC3CCA63F09	target_d001	TREATMENT	early intensive insulin	false	medical_kg_gold				target	1		false
t::d001::ENT_233B0A8DBC608A89B17D	ENT_233B0A8DBC608A89B17D	target_d001	RISK_FACTOR	alcohol abuse	false	medical_kg_gold				target	1		false
t::d001::ENT_2347FB12A7E5E053915E	ENT_2347FB12A7E5E053915E	target_d001	DRUG	once-weekly glucagon-like peptide-1 receptor agonists	false	medical_kg_gold				target	1		false
t::d001::ENT_23508F8CBDE7D8E20597	ENT_23508F8CBDE7D8E20597	target_d001	COMPOUND	16 compound combinations	false	medical_kg_gold				target	1		false
t::d001::ENT_235DBDB8DE560F5AE7AE	ENT_235DBDB8DE560F5AE7AE	target_d001	LAB_MEASUREMENT	serum BALP	false	medical_kg_gold				target	1		false
t::d001::ENT_23624B1AC5BA9A79CDFA	ENT_23624B1AC5BA9A79CDFA	target_d001	PHENOTYPE	incapacity	false	medical_kg_gold				target	1		false
t::d001::ENT_236505FF6B69A358D535	ENT_236505FF6B69A358D535	target_d001	PROTEIN	ApoB concentration	false	medical_kg_gold				target	1		false
t::d001::ENT_237003CB76FC1F13F36E	ENT_237003CB76FC1F13F36E	target_d001	GENE	Gly972Arg polymorphism of insulin receptor substrate 1 gene	false	medical_kg_gold				target	1		false
t::d001::ENT_23708E8AA7C42C5927DD	ENT_23708E8AA7C42C5927DD	target_d001	PHYSIOLOGICAL_PROCESS	sympathetic hyperactivity	false	medical_kg_gold				target	1		false
t::d001::ENT_237DA86C952343FF145B	ENT_237DA86C952343FF145B	target_d001	OTHER	circulatory system	false	medical_kg_gold				target	1		false
t::d001::ENT_238191040B864321F819	ENT_238191040B864321F819	target_d001	RISK_FACTOR	genetic predisposition	false	medical_kg_gold				target	1		false
t::d001::ENT_23835B80AC0B38FC0DE6	ENT_23835B80AC0B38FC0DE6	target_d001	PROTEIN	GLUT1 expression	false	medical_kg_gold				target	1		false
t::d001::ENT_23846C8886C841DFC34D	ENT_23846C8886C841DFC34D	target_d001	DISEASE	hypertensive	false	medical_kg_gold				target	1		false
t::d001::ENT_238D64A0868139E5B1EE	ENT_238D64A0868139E5B1EE	target_d001	BIOMARKER	IMCL/Cr level	false	medical_kg_gold				target	1		false
t::d001::ENT_23A102F3AF01AA69EBF3	ENT_23A102F3AF01AA69EBF3	target_d001	DISEASE	Klinefelter syndrome	false	medical_kg_gold				target	1		false
t::d001::ENT_23AFF6122C9BAFCB6497	ENT_23AFF6122C9BAFCB6497	target_d001	GENE	5843A/G	false	medical_kg_gold				target	1		false
t::d001::ENT_23BEB27DB8F6C0382A6D	ENT_23BEB27DB8F6C0382A6D	target_d001	OTHER	S2 allele	false	medical_kg_gold				target	1		false
t::d001::ENT_23E04F47AB0F8FC3F48F	ENT_23E04F47AB0F8FC3F48F	target_d001	BEHAVIOR	preference for sweet food	false	medical_kg_gold				target	1		false
t::d001::ENT_23E162FBB1A4437C12CD	ENT_23E162FBB1A4437C12CD	target_d001	GENE	rs1801282 (Pro12Ala )	false	medical_kg_gold				target	1		false
t::d001::ENT_23E3D89B1CBAE6FE2C3B	ENT_23E3D89B1CBAE6FE2C3B	target_d001	DISEASE	early onset GDM	false	medical_kg_gold				target	1		false
t::d001::ENT_23EBD1DD2DB926E2D80B	ENT_23EBD1DD2DB926E2D80B	target_d001	LAB_MEASUREMENT	FI	false	medical_kg_gold				target	1		false
t::d001::ENT_23F1555F9F4AA89DE93A	ENT_23F1555F9F4AA89DE93A	target_d001	TREATMENT	basal-bolus insulin regimens	false	medical_kg_gold				target	1		false
t::d001::ENT_23F1A3799CE330B2A4CF	ENT_23F1A3799CE330B2A4CF	target_d001	SYMPTOM	thirst and pleased drink	false	medical_kg_gold				target	1		false
t::d001::ENT_240BDDD1412A52C05EBC	ENT_240BDDD1412A52C05EBC	target_d001	GENE	HLA-DQA1*0301	false	medical_kg_gold				target	1		false
t::d001::ENT_2410CD1133C298B0005E	ENT_2410CD1133C298B0005E	target_d001	BIOMARKER	fecal bifidobacteria contents	false	medical_kg_gold				target	1		false
t::d001::ENT_2414E91ABCE820F16F44	ENT_2414E91ABCE820F16F44	target_d001	PHENOTYPE	coronary artery lesion	false	medical_kg_gold				target	1		false
t::d001::ENT_24165888E88897E9175B	ENT_24165888E88897E9175B	target_d001	RISK_FACTOR	family- related DM history	false	medical_kg_gold				target	1		false
t::d001::ENT_2419FD99545AE03228B6	ENT_2419FD99545AE03228B6	target_d001	ORGAN	ocular surface	false	medical_kg_gold				target	1		false
t::d001::ENT_242E2732C04FB05CD44B	ENT_242E2732C04FB05CD44B	target_d001	RISK_FACTOR	MS but without high fasting glucose	false	medical_kg_gold				target	1		false
t::d001::ENT_24590FC8D3E3C542E9C6	ENT_24590FC8D3E3C542E9C6	target_d001	BIOMARKER	OPG	false	medical_kg_gold				target	1		false
t::d001::ENT_245C7DBCBD1F178821B8	ENT_245C7DBCBD1F178821B8	target_d001	SYMPTOM	oral dryness	false	medical_kg_gold				target	1		false
t::d001::ENT_2467C9EA5CE51181BBD5	ENT_2467C9EA5CE51181BBD5	target_d001	DISEASE	anxiety	false	medical_kg_gold				target	1		false
t::d001::ENT_24771128C4AE8C811182	ENT_24771128C4AE8C811182	target_d001	PHYSIOLOGICAL_PROCESS	VO2 kinetics	false	medical_kg_gold				target	1		false
t::d001::ENT_247F4628FE13E41056FC	ENT_247F4628FE13E41056FC	target_d001	PROTEIN	2 h inslin	false	medical_kg_gold				target	1		false
t::d001::ENT_24805375F948638EB2AA	ENT_24805375F948638EB2AA	target_d001	PROTEIN	Ang Ⅱ	false	medical_kg_gold				target	1		false
t::d001::ENT_248294B78FF63ECA8432	ENT_248294B78FF63ECA8432	target_d001	LAB_MEASUREMENT	BW	false	medical_kg_gold				target	1		false
t::d001::ENT_248F9CFAF534879A33EA	ENT_248F9CFAF534879A33EA	target_d001	RISK_FACTOR	advancing age	false	medical_kg_gold				target	1		false
t::d001::ENT_24AA1DB8A72583DF6C92	ENT_24AA1DB8A72583DF6C92	target_d001	TREATMENT	Jinlida granules combined with western medicine	false	medical_kg_gold				target	1		false
t::d001::ENT_24B6D0898EE93C7F2138	ENT_24B6D0898EE93C7F2138	target_d001	DISEASE	peripheral neuropathy	false	medical_kg_gold				target	1		false
t::d001::ENT_24C002BB38FAD11D4123	ENT_24C002BB38FAD11D4123	target_d001	PHENOTYPE	elevated blood glucose levels	false	medical_kg_gold				target	1		false
t::d001::ENT_24CC77E459790D71ABCB	ENT_24CC77E459790D71ABCB	target_d001	PROTEIN	IL-4 and IL-10	false	medical_kg_gold				target	1		false
t::d001::ENT_24F4B381A66A481FDF81	ENT_24F4B381A66A481FDF81	target_d001	PROCEDURE	Gastric bypass(GBP)	false	medical_kg_gold				target	1		false
t::d001::ENT_251E67FEF7930E2BC03E	ENT_251E67FEF7930E2BC03E	target_d001	RISK_FACTOR	High intake of natural and added sugar consumption	false	medical_kg_gold				target	1		false
t::d001::ENT_2524865FD1578B5F542C	ENT_2524865FD1578B5F542C	target_d001	PROTEIN	serum Cys C	false	medical_kg_gold				target	1		false
t::d001::ENT_253212BAFE3BAFAB1B92	ENT_253212BAFE3BAFAB1B92	target_d001	PROTEIN	Insulin receptor-β	false	medical_kg_gold				target	1		false
t::d001::ENT_2537CAFFD195D133DCEE	ENT_2537CAFFD195D133DCEE	target_d001	PHYSIOLOGICAL_PROCESS	diastolic blood pressure	false	medical_kg_gold				target	1		false
t::d001::ENT_2545DF127411D2941638	ENT_2545DF127411D2941638	target_d001	LAB_MEASUREMENT	atherogenic index of plasma	false	medical_kg_gold				target	1		false
t::d001::ENT_2567A8BB2F7DAC6C8080	ENT_2567A8BB2F7DAC6C8080	target_d001	OTHER	AC genotype	false	medical_kg_gold				target	1		false
t::d001::ENT_257C470C5CA34BC53BFF	ENT_257C470C5CA34BC53BFF	target_d001	BEHAVIOR	Physical activity (PA)	false	medical_kg_gold				target	1		false
t::d001::ENT_258F56A30C4B71451560	ENT_258F56A30C4B71451560	target_d001	PROTEIN	ICAM-1	false	medical_kg_gold				target	1		false
t::d001::ENT_259CD4AD573F7BF94909	ENT_259CD4AD573F7BF94909	target_d001	DISEASE	vascular stenosis	false	medical_kg_gold				target	1		false
t::d001::ENT_25A0DDE4185B6FEFF1C1	ENT_25A0DDE4185B6FEFF1C1	target_d001	POPULATION	patients with early RA	false	medical_kg_gold				target	1		false
t::d001::ENT_25A35F45ED8CD9E86274	ENT_25A35F45ED8CD9E86274	target_d001	OTHER	optimal prediction models incorporating age and BMI	false	medical_kg_gold				target	1		false
t::d001::ENT_25A6F48424A120E5A861	ENT_25A6F48424A120E5A861	target_d001	BIOMARKER	serum cholinesterase activity	false	medical_kg_gold				target	1		false
t::d001::ENT_25AF4D42100C4500726C	ENT_25AF4D42100C4500726C	target_d001	DRUG	Repaglinide and Metformin	false	medical_kg_gold				target	1		false
t::d001::ENT_25B170F37917C9D46517	ENT_25B170F37917C9D46517	target_d001	DISEASE	Diabetic foot disease	false	medical_kg_gold				target	1		false
t::d001::ENT_25BD443EBB32FBFDAAB3	ENT_25BD443EBB32FBFDAAB3	target_d001	DISEASE	depressive disorder	false	medical_kg_gold				target	1		false
t::d001::ENT_25BE04A2AE608F8571BF	ENT_25BE04A2AE608F8571BF	target_d001	BIOMARKER	decrease of NO level in serum	false	medical_kg_gold				target	1		false
t::d001::ENT_25BFC640EE773D75A589	ENT_25BFC640EE773D75A589	target_d001	LAB_MEASUREMENT	MDA level	false	medical_kg_gold				target	1		false
t::d001::ENT_25D271D42F839046782A	ENT_25D271D42F839046782A	target_d001	CLINICAL_OUTCOME	risk of osteoporotic fracture	false	medical_kg_gold				target	1		false
t::d001::ENT_25DCC097CAC140CC2BDB	ENT_25DCC097CAC140CC2BDB	target_d001	COMPOUND	fucoidan	false	medical_kg_gold				target	1		false
t::d001::ENT_25DE08F31DB36FBD420D	ENT_25DE08F31DB36FBD420D	target_d001	LAB_MEASUREMENT	central macular thickness	false	medical_kg_gold				target	1		false
t::d001::ENT_25F9286BC1A69B685F20	ENT_25F9286BC1A69B685F20	target_d001	PHYSIOLOGICAL_PROCESS	expressions of TRAIL protein and mRNA	false	medical_kg_gold				target	1		false
t::d001::ENT_2619BD0B73D000E2C58D	ENT_2619BD0B73D000E2C58D	target_d001	OTHER	H3K4Me	false	medical_kg_gold				target	1		false
t::d001::ENT_261AD8DD665BD50E9A78	ENT_261AD8DD665BD50E9A78	target_d001	OTHER	genetic variants in the adiponectin pathway	false	medical_kg_gold				target	1		false
t::d001::ENT_262C6615CD105D359561	ENT_262C6615CD105D359561	target_d001	OTHER	polygenic disorders	false	medical_kg_gold				target	1		false
t::d001::ENT_2647FDF7C39939337454	ENT_2647FDF7C39939337454	target_d001	RISK_FACTOR	a genetic predisposition	false	medical_kg_gold				target	1		false
t::d001::ENT_2651DD259D29AE4A3E2C	ENT_2651DD259D29AE4A3E2C	target_d001	INTERVENTION	high fat high sucrose diet plus STZ injection	false	medical_kg_gold				target	1		false
t::d001::ENT_26652E165E5A78406169	ENT_26652E165E5A78406169	target_d001	DISEASE	cerebral vascular stenosis	false	medical_kg_gold				target	1		false
t::d001::ENT_267119BC5D10B82D7C63	ENT_267119BC5D10B82D7C63	target_d001	PROTEIN	NOS	false	medical_kg_gold				target	1		false
t::d001::ENT_2673A2BD9136C793600C	ENT_2673A2BD9136C793600C	target_d001	TREATMENT	CSII therapy in combination with CGMS	false	medical_kg_gold				target	1		false
t::d001::ENT_26766065F4A8B6B005BF	ENT_26766065F4A8B6B005BF	target_d001	INTERVENTION	lifestyle modification measures	false	medical_kg_gold				target	1		false
t::d001::ENT_267FB1BF4E23F592B3AA	ENT_267FB1BF4E23F592B3AA	target_d001	BIOMARKER	altered expression of TLR4	false	medical_kg_gold				target	1		false
t::d001::ENT_268FCF5502AE37D4E877	ENT_268FCF5502AE37D4E877	target_d001	TREATMENT	insulin pump therapy	false	medical_kg_gold				target	1		false
t::d001::ENT_2695C8CB52AE8C15290F	ENT_2695C8CB52AE8C15290F	target_d001	GENE	T60N LTA polymorphism	false	medical_kg_gold				target	1		false
t::d001::ENT_2699F6CC8CAB7859462D	ENT_2699F6CC8CAB7859462D	target_d001	LAB_MEASUREMENT	putsation index(PI) of MCA	false	medical_kg_gold				target	1		false
t::d001::ENT_26A4E874397CE28A7CB5	ENT_26A4E874397CE28A7CB5	target_d001	PHYSIOLOGICAL_PROCESS	static insulin secretion	false	medical_kg_gold				target	1		false
t::d001::ENT_26AAEC2D4D7DAC70144E	ENT_26AAEC2D4D7DAC70144E	target_d001	CLINICAL_OUTCOME	control of glycemia	false	medical_kg_gold				target	1		false
t::d001::ENT_26B70D42D9B18FEA93E4	ENT_26B70D42D9B18FEA93E4	target_d001	LAB_MEASUREMENT	blood glucose levels	false	medical_kg_gold				target	1		false
t::d001::ENT_26BC5F7A4F900D1D6819	ENT_26BC5F7A4F900D1D6819	target_d001	DRUG	M	false	medical_kg_gold				target	1		false
t::d001::ENT_26C211DE1076A464C7EC	ENT_26C211DE1076A464C7EC	target_d001	PROTEIN	plasma Fib	false	medical_kg_gold				target	1		false
t::d001::ENT_26CD5347ED87F1675BCD	ENT_26CD5347ED87F1675BCD	target_d001	PROTEIN	TFG-β1	false	medical_kg_gold				target	1		false
t::d001::ENT_26CF4E59EB59C6BE68F4	ENT_26CF4E59EB59C6BE68F4	target_d001	METABOLITE	serum nitric oxide level	false	medical_kg_gold				target	1		false
t::d001::ENT_26D102A12B22D433CE44	ENT_26D102A12B22D433CE44	target_d001	TREATMENT	aspart insulin continuous subcutaneous infusion	false	medical_kg_gold				target	1		false
t::d001::ENT_26DDC7FCCC93A50D77B9	ENT_26DDC7FCCC93A50D77B9	target_d001	PROTEIN	proinsulin	false	medical_kg_gold				target	1		false
t::d001::ENT_26EFACAAB42E4B07C86E	ENT_26EFACAAB42E4B07C86E	target_d001	OTHER	KK基因型	false	medical_kg_gold				target	1		false
t::d001::ENT_26F2B98ECA82D57D1AD9	ENT_26F2B98ECA82D57D1AD9	target_d001	PROTEIN	lipoprotein(a)	false	medical_kg_gold				target	1		false
t::d001::ENT_2701F8A1A041066FBC95	ENT_2701F8A1A041066FBC95	target_d001	LIFESTYLE_FACTOR	continuous stress	false	medical_kg_gold				target	1		false
t::d001::ENT_271A8166A644F6E954ED	ENT_271A8166A644F6E954ED	target_d001	LAB_MEASUREMENT	CD3 + CD4 +/CD3 + CD8 + ratio	false	medical_kg_gold				target	1		false
t::d001::ENT_271CB543A154FC2C837D	ENT_271CB543A154FC2C837D	target_d001	PROCEDURE	measurement of expression levels of CD62P and CD63	false	medical_kg_gold				target	1		false
t::d001::ENT_2724D1E6324EE92BD296	ENT_2724D1E6324EE92BD296	target_d001	PROTEIN	serum progranulin	false	medical_kg_gold				target	1		false
t::d001::ENT_2734BE4B8A8D54FBC8C4	ENT_2734BE4B8A8D54FBC8C4	target_d001	PROTEIN	4EBP1	false	medical_kg_gold				target	1		false
t::d001::ENT_273AED13B150047AEA8D	ENT_273AED13B150047AEA8D	target_d001	BIOMARKER	Visfatin mRNA expression of omental adipose tissues	false	medical_kg_gold				target	1		false
t::d001::ENT_273DD41EE96780670F80	ENT_273DD41EE96780670F80	target_d001	TREATMENT	improving insulin resistance	false	medical_kg_gold				target	1		false
t::d001::ENT_27414B70B488E96C1E93	ENT_27414B70B488E96C1E93	target_d001	LAB_MEASUREMENT	amplitude	false	medical_kg_gold				target	1		false
t::d001::ENT_27485EFAE9492305368F	ENT_27485EFAE9492305368F	target_d001	RISK_FACTOR	life style factors	false	medical_kg_gold				target	1		false
t::d001::ENT_27584985D5B751A02211	ENT_27584985D5B751A02211	target_d001	RISK_FACTOR	incongruence between PBI and actual BMI	false	medical_kg_gold				target	1		false
t::d001::ENT_27872928C42338575D1F	ENT_27872928C42338575D1F	target_d001	DRUG	SGLT2i	false	medical_kg_gold				target	1		false
t::d001::ENT_2795EE14D1061B5446B4	ENT_2795EE14D1061B5446B4	target_d001	LAB_MEASUREMENT	ascending T ½	false	medical_kg_gold				target	1		false
t::d001::ENT_2799B2D2E8B959E0B8FE	ENT_2799B2D2E8B959E0B8FE	target_d001	PROTEIN	CCL5	false	medical_kg_gold				target	1		false
t::d001::ENT_27A7B0AC1E76B02F2231	ENT_27A7B0AC1E76B02F2231	target_d001	PHENOTYPE	progressive insuline secretion defect	false	medical_kg_gold				target	1		false
t::d001::ENT_27B31B75E006C59084AA	ENT_27B31B75E006C59084AA	target_d001	PHYSIOLOGICAL_PROCESS	low bone formation and bone turnover rate	false	medical_kg_gold				target	1		false
t::d001::ENT_27D10AD6AC55CF4ECC0C	ENT_27D10AD6AC55CF4ECC0C	target_d001	OTHER	PTP-1B I5/37 C→A polymorphism	false	medical_kg_gold				target	1		false
t::d001::ENT_27D5E1E5ED73F63B4806	ENT_27D5E1E5ED73F63B4806	target_d001	CLINICAL_OUTCOME	macrovascular complications	false	medical_kg_gold				target	1		false
t::d001::ENT_27DCF69DB76AD4832F12	ENT_27DCF69DB76AD4832F12	target_d001	COMPOUND	streptozotocin	false	medical_kg_gold				target	1		false
t::d001::ENT_27DFC3F4E4458028ACCC	ENT_27DFC3F4E4458028ACCC	target_d001	DIET	Regular Consumption of Sugar-Sweetened Beverages	false	medical_kg_gold				target	1		false
t::d001::ENT_27F7995438D215602E28	ENT_27F7995438D215602E28	target_d001	OTHER	smartphone-recorded voice segments	false	medical_kg_gold				target	1		false
t::d001::ENT_27FAD296288C3E62A544	ENT_27FAD296288C3E62A544	target_d001	GENE	GG(-2518) genotype	false	medical_kg_gold				target	1		false
t::d001::ENT_281804C4F9F937BA2831	ENT_281804C4F9F937BA2831	target_d001	NUTRIENT	high chromium yeast	false	medical_kg_gold				target	1		false
t::d001::ENT_281F7B4CF3F245DB6BEC	ENT_281F7B4CF3F245DB6BEC	target_d001	LAB_MEASUREMENT	餐后胰岛素和空腹C肽	false	medical_kg_gold				target	1		false
t::d001::ENT_283C117C58012546FDE0	ENT_283C117C58012546FDE0	target_d001	SYMPTOM	hyperglycemia	false	medical_kg_gold				target	1		false
t::d001::ENT_28427AC582270BFF787F	ENT_28427AC582270BFF787F	target_d001	PHENOTYPE	luminal narrowing	false	medical_kg_gold				target	1		false
t::d001::ENT_28579AB5BA327274BC0D	ENT_28579AB5BA327274BC0D	target_d001	COMPOUND	plasma NO	false	medical_kg_gold				target	1		false
t::d001::ENT_285C3B82F56298FBE7CA	ENT_285C3B82F56298FBE7CA	target_d001	OTHER	C.pneumoniae	false	medical_kg_gold				target	1		false
t::d001::ENT_28608E62A6D798DD085F	ENT_28608E62A6D798DD085F	target_d001	PHENOTYPE	cognitive deficits	false	medical_kg_gold				target	1		false
t::d001::ENT_2866B387051DD82CEDF4	ENT_2866B387051DD82CEDF4	target_d001	DISEASE	hypercholesterolemia	false	medical_kg_gold				target	1		false
t::d001::ENT_286B5BF2F8837CF657A8	ENT_286B5BF2F8837CF657A8	target_d001	OTHER	violations of the nutritional status	false	medical_kg_gold				target	1		false
t::d001::ENT_286C614B6B1CD483B816	ENT_286C614B6B1CD483B816	target_d001	CELL	blood platelets	false	medical_kg_gold				target	1		false
t::d001::ENT_286E6FCDD1B38A4CBD1C	ENT_286E6FCDD1B38A4CBD1C	target_d001	GENE	TCF7L2 gene rs7903146 polymorphism	false	medical_kg_gold				target	1		false
t::d001::ENT_28758813C3E9922C1C6A	ENT_28758813C3E9922C1C6A	target_d001	BIOMARKER	GGT	false	medical_kg_gold				target	1		false
t::d001::ENT_287B6F4A0F4113DCA242	ENT_287B6F4A0F4113DCA242	target_d001	GENE	B2 allele of NIDDM1 gene	false	medical_kg_gold				target	1		false
t::d001::ENT_287C5E27789A0DF005F4	ENT_287C5E27789A0DF005F4	target_d001	OTHER	platelet microparticles	false	medical_kg_gold				target	1		false
t::d001::ENT_288BCFCA0FF91CC56012	ENT_288BCFCA0FF91CC56012	target_d001	FOOD	several plant-foods	false	medical_kg_gold				target	1		false
t::d001::ENT_28A9761C0886AF1703F9	ENT_28A9761C0886AF1703F9	target_d001	DISEASE	AS	false	medical_kg_gold				target	1		false
t::d001::ENT_28B005D6011BFB912594	ENT_28B005D6011BFB912594	target_d001	PROTEIN	serum IL-17	false	medical_kg_gold				target	1		false
t::d001::ENT_28B96F7005CA7B54E130	ENT_28B96F7005CA7B54E130	target_d001	PROTEIN	FKN	false	medical_kg_gold				target	1		false
t::d001::ENT_28BCC892B826D76B940E	ENT_28BCC892B826D76B940E	target_d001	SYMPTOM	polyuria	false	medical_kg_gold				target	1		false
t::d001::ENT_28C8D6533258165A2717	ENT_28C8D6533258165A2717	target_d001	PHENOTYPE	reduced glucose sensitivity	false	medical_kg_gold				target	1		false
t::d001::ENT_28CE8BF7D6021E906C2F	ENT_28CE8BF7D6021E906C2F	target_d001	GENE	Z5、Z8、Z15	false	medical_kg_gold				target	1		false
t::d001::ENT_28D7B30F01D9346AE001	ENT_28D7B30F01D9346AE001	target_d001	BIOMARKER	112/121 haplotype combination	false	medical_kg_gold				target	1		false
t::d001::ENT_28D9EC3FE9D361339362	ENT_28D9EC3FE9D361339362	target_d001	BIOMARKER	HBCI	false	medical_kg_gold				target	1		false
t::d001::ENT_28F2483022CFF0063DEB	ENT_28F2483022CFF0063DEB	target_d001	LAB_MEASUREMENT	metabolite profiles	false	medical_kg_gold				target	1		false
t::d001::ENT_28F9C92843ACCF92B19A	ENT_28F9C92843ACCF92B19A	target_d001	DISEASE	serious stenotic lesions	false	medical_kg_gold				target	1		false
t::d001::ENT_2901FB8F4EF3D1B14275	ENT_2901FB8F4EF3D1B14275	target_d001	PROTEIN	ChAT	false	medical_kg_gold				target	1		false
t::d001::ENT_2923C22E137E836DB291	ENT_2923C22E137E836DB291	target_d001	PHENOTYPE	periodontal attachment loss	false	medical_kg_gold				target	1		false
t::d001::ENT_292C6076F97E5AB768CF	ENT_292C6076F97E5AB768CF	target_d001	DRUG	repaglinide and acarbose	false	medical_kg_gold				target	1		false
t::d001::ENT_292F37364F8B44FD5757	ENT_292F37364F8B44FD5757	target_d001	PHENOTYPE	abdominal obesity	false	medical_kg_gold				target	1		false
t::d001::ENT_293E8E4DE2D1F5F8DCC4	ENT_293E8E4DE2D1F5F8DCC4	target_d001	OTHER	Waist circumference	false	medical_kg_gold				target	1		false
t::d001::ENT_294F2C939FFBFE9CD5CF	ENT_294F2C939FFBFE9CD5CF	target_d001	BIOMARKER	Red blood cell distribution width	false	medical_kg_gold				target	1		false
t::d001::ENT_295ACCC2557720ACFB20	ENT_295ACCC2557720ACFB20	target_d001	LAB_MEASUREMENT	corporal mass index	false	medical_kg_gold				target	1		false
t::d001::ENT_2968A08D91EBF8EF3086	ENT_2968A08D91EBF8EF3086	target_d001	PROTEIN	载脂蛋白M	false	medical_kg_gold				target	1		false
t::d001::ENT_296F79E64E49C97F65F5	ENT_296F79E64E49C97F65F5	target_d001	BIOMARKER	intensity and 11-point amplitude perturbation quotient shimmer (apq11)	false	medical_kg_gold				target	1		false
t::d001::ENT_2973365FD56816BA0757	ENT_2973365FD56816BA0757	target_d001	LAB_MEASUREMENT	plasma visfatin level	false	medical_kg_gold				target	1		false
t::d001::ENT_298644E1DA9A2F27F2E1	ENT_298644E1DA9A2F27F2E1	target_d001	METABOLITE	2-hour OGTT glucose	false	medical_kg_gold				target	1		false
t::d001::ENT_29BD09599EBB49DE0EA4	ENT_29BD09599EBB49DE0EA4	target_d001	LAB_MEASUREMENT	RA	false	medical_kg_gold				target	1		false
t::d001::ENT_29BE67A54E814925F395	ENT_29BE67A54E814925F395	target_d001	LAB_MEASUREMENT	ALT (U/L)	false	medical_kg_gold				target	1		false
t::d001::ENT_29C202BCBCE8CE9C1E9F	ENT_29C202BCBCE8CE9C1E9F	target_d001	COMPOUND	PA	false	medical_kg_gold				target	1		false
t::d001::ENT_29D7EF7FCB2D8D07413E	ENT_29D7EF7FCB2D8D07413E	target_d001	LAB_MEASUREMENT	Serum creatinine (mg/dL)	false	medical_kg_gold				target	1		false
t::d001::ENT_29EAEC1F7EDE7110BE9A	ENT_29EAEC1F7EDE7110BE9A	target_d001	DRUG	K-111	false	medical_kg_gold				target	1		false
t::d001::ENT_29ECA6A00966B6EA92A0	ENT_29ECA6A00966B6EA92A0	target_d001	GENE	polymorphism of 981 point in PTP-1B gene	false	medical_kg_gold				target	1		false
t::d001::ENT_29FCFE0D8D441563A301	ENT_29FCFE0D8D441563A301	target_d001	RISK_FACTOR	short sleep duration	false	medical_kg_gold				target	1		false
t::d001::ENT_2A0F3035F44ACF8D80B2	ENT_2A0F3035F44ACF8D80B2	target_d001	OTHER	TT type	false	medical_kg_gold				target	1		false
t::d001::ENT_2A1BB1DB893B47D3E86F	ENT_2A1BB1DB893B47D3E86F	target_d001	DRUG	qilian-decoction granula	false	medical_kg_gold				target	1		false
t::d001::ENT_2A262C5226139C0772B6	ENT_2A262C5226139C0772B6	target_d001	CELL	CD4 +	false	medical_kg_gold				target	1		false
t::d001::ENT_2A3359A547A693745A3F	ENT_2A3359A547A693745A3F	target_d001	OTHER	INSR N1/N2 polymorphism	false	medical_kg_gold				target	1		false
t::d001::ENT_2A3E90DFD49ADED5D1B1	ENT_2A3E90DFD49ADED5D1B1	target_d001	OTHER	leaves of A. conyzoides	false	medical_kg_gold				target	1		false
t::d001::ENT_2A4682B2AD9B6D08025C	ENT_2A4682B2AD9B6D08025C	target_d001	COMPOUND	compounds inhibiting PTP1B	false	medical_kg_gold				target	1		false
t::d001::ENT_2A4C94C9994C61B7DF42	ENT_2A4C94C9994C61B7DF42	target_d001	BIOMARKER	serum AOPP levels	false	medical_kg_gold				target	1		false
t::d001::ENT_2A64788756F3F25FDDF6	ENT_2A64788756F3F25FDDF6	target_d001	GENE	Protein kinase C/ξ gene polymorphisms	false	medical_kg_gold				target	1		false
t::d001::ENT_2A64DC89AECA87EF76BE	ENT_2A64DC89AECA87EF76BE	target_d001	PHYSIOLOGICAL_PROCESS	endothelium-dependent vasodilatation	false	medical_kg_gold				target	1		false
t::d001::ENT_2A6BC14123052CCE0ED9	ENT_2A6BC14123052CCE0ED9	target_d001	RISK_FACTOR	personal anxiety	false	medical_kg_gold				target	1		false
t::d001::ENT_2A6EE938F35B412C86A4	ENT_2A6EE938F35B412C86A4	target_d001	RISK_FACTOR	IR	false	medical_kg_gold				target	1		false
t::d001::ENT_2A71466FC12AD6EC1E03	ENT_2A71466FC12AD6EC1E03	target_d001	BIOMARKER	omentin-1	false	medical_kg_gold				target	1		false
t::d001::ENT_2A857BE6E34FE09D6AA8	ENT_2A857BE6E34FE09D6AA8	target_d001	DISEASE	obstructive sleep apnea syndrome	false	medical_kg_gold				target	1		false
t::d001::ENT_2A85BA6314C618DC2550	ENT_2A85BA6314C618DC2550	target_d001	LAB_MEASUREMENT	BMD at the femoral neck	false	medical_kg_gold				target	1		false
t::d001::ENT_2A878DD32E36C317C329	ENT_2A878DD32E36C317C329	target_d001	OTHER	contrast medium volume	false	medical_kg_gold				target	1		false
t::d001::ENT_2A8E0E86E0E1C9867DD7	ENT_2A8E0E86E0E1C9867DD7	target_d001	DISEASE	nonalcoholic fatty liver disease	false	medical_kg_gold				target	1		false
t::d001::ENT_2A9E7EB0CCD27762AFA4	ENT_2A9E7EB0CCD27762AFA4	target_d001	PHENOTYPE	aortic endothelial cell intumescence	false	medical_kg_gold				target	1		false
t::d001::ENT_2AA60F34EB6CF5256509	ENT_2AA60F34EB6CF5256509	target_d001	DISEASE	inflammatory bowel disease	false	medical_kg_gold				target	1		false
t::d001::ENT_2AA6BCBF047477408835	ENT_2AA6BCBF047477408835	target_d001	DISEASE	blood vessel lesion	false	medical_kg_gold				target	1		false
t::d001::ENT_2AA93B86526014972A14	ENT_2AA93B86526014972A14	target_d001	GENE	APN+45G	false	medical_kg_gold				target	1		false
t::d001::ENT_2AB2877BB5CF098FABD5	ENT_2AB2877BB5CF098FABD5	target_d001	PHYSIOLOGICAL_PROCESS	collateral circulation	false	medical_kg_gold				target	1		false
t::d001::ENT_2AEDCBF3AF3F785345CE	ENT_2AEDCBF3AF3F785345CE	target_d001	DISEASE	The development of CFRD	false	medical_kg_gold				target	1		false
t::d001::ENT_2AEEBF76CB2CE38C50BF	ENT_2AEEBF76CB2CE38C50BF	target_d001	RISK_FACTOR	Overweight and obese people	false	medical_kg_gold				target	1		false
t::d001::ENT_2B0796BCAC28C9660310	ENT_2B0796BCAC28C9660310	target_d001	INTERVENTION	integrated intervention measures	false	medical_kg_gold				target	1		false
t::d001::ENT_2B1037300A9C349D3D66	ENT_2B1037300A9C349D3D66	target_d001	LAB_MEASUREMENT	UAlb	false	medical_kg_gold				target	1		false
t::d001::ENT_2B19D336BB9652F0CFB2	ENT_2B19D336BB9652F0CFB2	target_d001	LAB_MEASUREMENT	blood Mg	false	medical_kg_gold				target	1		false
t::d001::ENT_2B1B059B46BB14A2CED3	ENT_2B1B059B46BB14A2CED3	target_d001	BIOMARKER	Serum CⅣ	false	medical_kg_gold				target	1		false
t::d001::ENT_2B26CEB493DC3434448A	ENT_2B26CEB493DC3434448A	target_d001	METABOLITE	FPG	false	medical_kg_gold				target	1		false
t::d001::ENT_2B2CA5E91BECAB77FDD2	ENT_2B2CA5E91BECAB77FDD2	target_d001	BIOMARKER	sE selectin	false	medical_kg_gold				target	1		false
t::d001::ENT_2B2F9380B6A8099CB21C	ENT_2B2F9380B6A8099CB21C	target_d001	METABOLITE	platelet 5-HT	false	medical_kg_gold				target	1		false
t::d001::ENT_2B380CB845D2F1B24ECF	ENT_2B380CB845D2F1B24ECF	target_d001	BIOMARKER	adipocytokines	false	medical_kg_gold				target	1		false
t::d001::ENT_2B4036A7A69D2DF7F108	ENT_2B4036A7A69D2DF7F108	target_d001	DISEASE	肝癌	false	medical_kg_gold				target	1		false
t::d001::ENT_2B4B45874D4413007B53	ENT_2B4B45874D4413007B53	target_d001	INTERVENTION	holistic approach to diabetes management	false	medical_kg_gold				target	1		false
t::d001::ENT_2B4E910A3B0D78F2C992	ENT_2B4E910A3B0D78F2C992	target_d001	PROTEIN	protein C	false	medical_kg_gold				target	1		false
t::d001::ENT_2B5804FD0BCF77BC2B4B	ENT_2B5804FD0BCF77BC2B4B	target_d001	CLINICAL_OUTCOME	Treatment invalid	false	medical_kg_gold				target	1		false
t::d001::ENT_2B617BF1E1A05824A232	ENT_2B617BF1E1A05824A232	target_d001	PHENOTYPE	cardiac arrhythmia	false	medical_kg_gold				target	1		false
t::d001::ENT_2B63A74076945AC45BF2	ENT_2B63A74076945AC45BF2	target_d001	METABOLITE	creatine	false	medical_kg_gold				target	1		false
t::d001::ENT_2B71C8206A55B62DD779	ENT_2B71C8206A55B62DD779	target_d001	LAB_MEASUREMENT	serum 25 hydroxyvitamin D level	false	medical_kg_gold				target	1		false
t::d001::ENT_2B7607CDDD77DBF3AD15	ENT_2B7607CDDD77DBF3AD15	target_d001	DISEASE	Parkinson’s disease	false	medical_kg_gold				target	1		false
t::d001::ENT_2B7FE16F635EDDF821DA	ENT_2B7FE16F635EDDF821DA	target_d001	OTHER	predictive model	false	medical_kg_gold				target	1		false
t::d001::ENT_2B8CA71322D00CD7B4AC	ENT_2B8CA71322D00CD7B4AC	target_d001	OTHER	high glycaemic index (GI)	false	medical_kg_gold				target	1		false
t::d001::ENT_2BA3E60D49204A75240F	ENT_2BA3E60D49204A75240F	target_d001	OTHER	IL-18 gene-607C/A polymorphism	false	medical_kg_gold				target	1		false
t::d001::ENT_2BAF126D6DB176CB7C2E	ENT_2BAF126D6DB176CB7C2E	target_d001	PROTEIN	ChAT expression	false	medical_kg_gold				target	1		false
t::d001::ENT_2BD8C16B08CA6EA131FC	ENT_2BD8C16B08CA6EA131FC	target_d001	GENE	SUR1 gene p.R1273R polymorphism	false	medical_kg_gold				target	1		false
t::d001::ENT_2BD9F50C2F7BAB519C11	ENT_2BD9F50C2F7BAB519C11	target_d001	LAB_MEASUREMENT	Plasma U Ⅱ levels	false	medical_kg_gold				target	1		false
t::d001::ENT_2BF38B8405602D2C9478	ENT_2BF38B8405602D2C9478	target_d001	OTHER	Voice analysis	false	medical_kg_gold				target	1		false
t::d001::ENT_2BF683E7BE288AB36543	ENT_2BF683E7BE288AB36543	target_d001	METABOLITE	fast blood glucose(FBG)	false	medical_kg_gold				target	1		false
t::d001::ENT_2BF6979C9EF6C04400A4	ENT_2BF6979C9EF6C04400A4	target_d001	OTHER	single nucleotide polymorphisms (SNPs) within the hepatocyte nuclear factor 4α gene	false	medical_kg_gold				target	1		false
t::d001::ENT_2C1979DB33CFC3780687	ENT_2C1979DB33CFC3780687	target_d001	BIOMARKER	serum adiponection level	false	medical_kg_gold				target	1		false
t::d001::ENT_2C1B9B4959CECB5D1DC1	ENT_2C1B9B4959CECB5D1DC1	target_d001	TREATMENT	correction of erythrocyte morphological alterations	false	medical_kg_gold				target	1		false
t::d001::ENT_2C2DB4FED04F2964122E	ENT_2C2DB4FED04F2964122E	target_d001	LAB_MEASUREMENT	ΔHbO2	false	medical_kg_gold				target	1		false
t::d001::ENT_2C31A3696331A3B04C0D	ENT_2C31A3696331A3B04C0D	target_d001	DISEASE	multiple-vessel disease	false	medical_kg_gold				target	1		false
t::d001::ENT_2C3B22C0FBE6C0D02348	ENT_2C3B22C0FBE6C0D02348	target_d001	LAB_MEASUREMENT	urinary osmolality	false	medical_kg_gold				target	1		false
t::d001::ENT_2C42DC902C2B6D903998	ENT_2C42DC902C2B6D903998	target_d001	PHYSIOLOGICAL_PROCESS	EDVR	false	medical_kg_gold				target	1		false
t::d001::ENT_2C5298439AA6A9713153	ENT_2C5298439AA6A9713153	target_d001	METABOLITE	total cholesterol (TC)	false	medical_kg_gold				target	1		false
t::d001::ENT_2C59FC8690F5D69BC3F8	ENT_2C59FC8690F5D69BC3F8	target_d001	RISK_FACTOR	Excess weight	false	medical_kg_gold				target	1		false
t::d001::ENT_2C66396B63D386F4060E	ENT_2C66396B63D386F4060E	target_d001	DRUG	β-blocker	false	medical_kg_gold				target	1		false
t::d001::ENT_2C6947FFAD6B0E0DC673	ENT_2C6947FFAD6B0E0DC673	target_d001	DISEASE	diabetic macular edema	false	medical_kg_gold				target	1		false
t::d001::ENT_2C73D2736B0CD94203AF	ENT_2C73D2736B0CD94203AF	target_d001	FOOD	CSRF	false	medical_kg_gold				target	1		false
t::d001::ENT_2C799C81E23A6BF4B1CC	ENT_2C799C81E23A6BF4B1CC	target_d001	BIOLOGICAL_PROCESS	cell apoptosis	false	medical_kg_gold				target	1		false
t::d001::ENT_2C89F844FD109CC74E49	ENT_2C89F844FD109CC74E49	target_d001	CLINICAL_OUTCOME	inadequate glycemic control	false	medical_kg_gold				target	1		false
t::d001::ENT_2C9A9E8C240B53974480	ENT_2C9A9E8C240B53974480	target_d001	COMPOUND	fructans	false	medical_kg_gold				target	1		false
t::d001::ENT_2C9D822E4466D8A75DE5	ENT_2C9D822E4466D8A75DE5	target_d001	DRUG	Metformin Hydrochloride	false	medical_kg_gold				target	1		false
t::d001::ENT_2CA42DFEE522D41062A5	ENT_2CA42DFEE522D41062A5	target_d001	PROTEIN	C-RP	false	medical_kg_gold				target	1		false
t::d001::ENT_2CA6E4305E0A3180A765	ENT_2CA6E4305E0A3180A765	target_d001	LAB_MEASUREMENT	cell density of anterior stroma	false	medical_kg_gold				target	1		false
t::d001::ENT_2CAA6FD4215559BABE17	ENT_2CAA6FD4215559BABE17	target_d001	OTHER	Glu-Arg 192 polymorphism of the PON-1 gene	false	medical_kg_gold				target	1		false
t::d001::ENT_2CB28AB78DB2F2C9C4CB	ENT_2CB28AB78DB2F2C9C4CB	target_d001	TREATMENT	direct inhibition of PAI-1	false	medical_kg_gold				target	1		false
t::d001::ENT_2CC25967830106711450	ENT_2CC25967830106711450	target_d001	PHENOTYPE	decreased pancreatic insulin secretion	false	medical_kg_gold				target	1		false
t::d001::ENT_2CCF67AE14B1E477175B	ENT_2CCF67AE14B1E477175B	target_d001	OTHER	Overload and dysfunction of their metabolism	false	medical_kg_gold				target	1		false
t::d001::ENT_2CD8E3A2ECC4337437A3	ENT_2CD8E3A2ECC4337437A3	target_d001	DRUG	sitagliptin combined with metformin	false	medical_kg_gold				target	1		false
t::d001::ENT_2CE7DD390BA4668942FC	ENT_2CE7DD390BA4668942FC	target_d001	NUTRIENT	starch	false	medical_kg_gold				target	1		false
t::d001::ENT_2CE83BA63C5D6DB568F4	ENT_2CE83BA63C5D6DB568F4	target_d001	GENE	A5 allele of GCK gene	false	medical_kg_gold				target	1		false
t::d001::ENT_2D0DEB34AB8A3EADFA7C	ENT_2D0DEB34AB8A3EADFA7C	target_d001	OTHER	decision tree	false	medical_kg_gold				target	1		false
t::d001::ENT_2D124FF77BE0001BBA39	ENT_2D124FF77BE0001BBA39	target_d001	DISEASE	anxiety and depressive disorders	false	medical_kg_gold				target	1		false
t::d001::ENT_2D12B3AE3A7508F7F6C4	ENT_2D12B3AE3A7508F7F6C4	target_d001	CLINICAL_OUTCOME	complete coronary artery revascularization	false	medical_kg_gold				target	1		false
t::d001::ENT_2D188A47B906BEFDC881	ENT_2D188A47B906BEFDC881	target_d001	PROTEIN	hs-CRP	false	medical_kg_gold				target	1		false
t::d001::ENT_2D31E8531602AF44201F	ENT_2D31E8531602AF44201F	target_d001	CLINICAL_OUTCOME	complications	false	medical_kg_gold				target	1		false
t::d001::ENT_2D35285668D48232DCF4	ENT_2D35285668D48232DCF4	target_d001	OTHER	plantar peak pressure and impulse distribution	false	medical_kg_gold				target	1		false
t::d001::ENT_2D40B2726DBDF7E2048D	ENT_2D40B2726DBDF7E2048D	target_d001	BIOMARKER	NLR	false	medical_kg_gold				target	1		false
t::d001::ENT_2D428391BF9E7C474871	ENT_2D428391BF9E7C474871	target_d001	PROTEIN	PPARγ	false	medical_kg_gold				target	1		false
t::d001::ENT_2D51A09C3B4B8B4AA45B	ENT_2D51A09C3B4B8B4AA45B	target_d001	INTERVENTION	Health information technology	false	medical_kg_gold				target	1		false
t::d001::ENT_2D73C029E103CF5768B9	ENT_2D73C029E103CF5768B9	target_d001	RISK_FACTOR	Common variants in the gene that encodes TCF7L2	false	medical_kg_gold				target	1		false
t::d001::ENT_2D791E8F94A041C297AC	ENT_2D791E8F94A041C297AC	target_d001	LAB_MEASUREMENT	serum leptin level	false	medical_kg_gold				target	1		false
t::d001::ENT_2D818AC8F1569B10580E	ENT_2D818AC8F1569B10580E	target_d001	DRUG	incretin-based agents	false	medical_kg_gold				target	1		false
t::d001::ENT_2DABE7981A33368F61B7	ENT_2DABE7981A33368F61B7	target_d001	OTHER	inflammatory, blood and biochemical factors	false	medical_kg_gold				target	1		false
t::d001::ENT_2DB08061BEB1CAC3228D	ENT_2DB08061BEB1CAC3228D	target_d001	NUTRIENT	vitamin D	false	medical_kg_gold				target	1		false
t::d001::ENT_2DB17277F9B4EE65AE2A	ENT_2DB17277F9B4EE65AE2A	target_d001	BIOLOGICAL_PROCESS	zinc metabolism	false	medical_kg_gold				target	1		false
t::d001::ENT_2DBB37DDB1DA0D607BBB	ENT_2DBB37DDB1DA0D607BBB	target_d001	PROTEIN	immune complexes	false	medical_kg_gold				target	1		false
t::d001::ENT_2DBC3CEAAE23C5E5A627	ENT_2DBC3CEAAE23C5E5A627	target_d001	LAB_MEASUREMENT	SCV	false	medical_kg_gold				target	1		false
t::d001::ENT_2DC37938E3442C59B3D7	ENT_2DC37938E3442C59B3D7	target_d001	PHENOTYPE	high WHR	false	medical_kg_gold				target	1		false
t::d001::ENT_2DEB850E7CAED962E060	ENT_2DEB850E7CAED962E060	target_d001	LAB_MEASUREMENT	Z value	false	medical_kg_gold				target	1		false
t::d001::ENT_2E025B8971265EDFC068	ENT_2E025B8971265EDFC068	target_d001	DISEASE	vascular complications	false	medical_kg_gold				target	1		false
t::d001::ENT_2E07CC1665C4208B00EF	ENT_2E07CC1665C4208B00EF	target_d001	DISEASE	LI	false	medical_kg_gold				target	1		false
t::d001::ENT_2E0B41BBD52B6FFAB8ED	ENT_2E0B41BBD52B6FFAB8ED	target_d001	LAB_MEASUREMENT	TOI	false	medical_kg_gold				target	1		false
t::d001::ENT_2E234AAEFBD7FD64D525	ENT_2E234AAEFBD7FD64D525	target_d001	CLINICAL_OUTCOME	early mortality	false	medical_kg_gold				target	1		false
t::d001::ENT_2E2605E5A980064234C2	ENT_2E2605E5A980064234C2	target_d001	DISEASE	thoracic empyema	false	medical_kg_gold				target	1		false
t::d001::ENT_2E276CE2A67C88C8F3BF	ENT_2E276CE2A67C88C8F3BF	target_d001	GENE	allele (CA) 34	false	medical_kg_gold				target	1		false
t::d001::ENT_2E298441DBDC149E5275	ENT_2E298441DBDC149E5275	target_d001	METABOLITE	serum cholesterol	false	medical_kg_gold				target	1		false
t::d001::ENT_2E2B5B62EBE16C11220D	ENT_2E2B5B62EBE16C11220D	target_d001	GENE	mtDNA mutation of 4824A→,G	false	medical_kg_gold				target	1		false
t::d001::ENT_2E31FF3EA5C0BD41E6DD	ENT_2E31FF3EA5C0BD41E6DD	target_d001	GENE	β3-AR gene	false	medical_kg_gold				target	1		false
t::d001::ENT_2E3CD1CA89D483564817	ENT_2E3CD1CA89D483564817	target_d001	PHENOTYPE	microdots	false	medical_kg_gold				target	1		false
t::d001::ENT_2E407CAAB96E402A5341	ENT_2E407CAAB96E402A5341	target_d001	BIOMARKER	high intramyocellular lipid	false	medical_kg_gold				target	1		false
t::d001::ENT_2E454705067BEEB0E248	ENT_2E454705067BEEB0E248	target_d001	DRUG	α-glucosidase inhibitors	false	medical_kg_gold				target	1		false
t::d001::ENT_2E4708522D77A4299928	ENT_2E4708522D77A4299928	target_d001	INTERVENTION	Clinical intervention	false	medical_kg_gold				target	1		false
t::d001::ENT_2E525B9B9F43D59F7EF3	ENT_2E525B9B9F43D59F7EF3	target_d001	DIET	diet habit	false	medical_kg_gold				target	1		false
t::d001::ENT_2E653B3687CABAE2D9FA	ENT_2E653B3687CABAE2D9FA	target_d001	DISEASE	polycystic ovary syndrome (PCOS)	false	medical_kg_gold				target	1		false
t::d001::ENT_2E7294BEAB8EF73B5E66	ENT_2E7294BEAB8EF73B5E66	target_d001	PHENOTYPE	hemorheological abnormalities	false	medical_kg_gold				target	1		false
t::d001::ENT_2E7DC7D4D565CAE2D0E3	ENT_2E7DC7D4D565CAE2D0E3	target_d001	COMPOUND	FA	false	medical_kg_gold				target	1		false
t::d001::ENT_2E80EEC95E6B4EE345E6	ENT_2E80EEC95E6B4EE345E6	target_d001	INTERVENTION	double-layered micro needle	false	medical_kg_gold				target	1		false
t::d001::ENT_2E86C2651541448CB3E5	ENT_2E86C2651541448CB3E5	target_d001	GENE	variation in MTNR1B	false	medical_kg_gold				target	1		false
t::d001::ENT_2E8901FF35A9DC3F316E	ENT_2E8901FF35A9DC3F316E	target_d001	CLINICAL_OUTCOME	higher readmission rates	false	medical_kg_gold				target	1		false
t::d001::ENT_2E928C6A8EA70934C61B	ENT_2E928C6A8EA70934C61B	target_d001	PHENOTYPE	multi-vessel lesions	false	medical_kg_gold				target	1		false
t::d001::ENT_2E9417E26C94AF0E3E55	ENT_2E9417E26C94AF0E3E55	target_d001	METABOLITE	25-hydroxy vitamin D levels	false	medical_kg_gold				target	1		false
t::d001::ENT_2EA7F4240C6D33646515	ENT_2EA7F4240C6D33646515	target_d001	PHENOTYPE	physiological changes in the vocal apparatus	false	medical_kg_gold				target	1		false
t::d001::ENT_2EB236B4C364159A0581	ENT_2EB236B4C364159A0581	target_d001	PATHWAY	endoplasmic reticulum stress	false	medical_kg_gold				target	1		false
t::d001::ENT_2EBD1EC5E2CD13D5B64E	ENT_2EBD1EC5E2CD13D5B64E	target_d001	LAB_MEASUREMENT	GLP-1 level	false	medical_kg_gold				target	1		false
t::d001::ENT_2EBDB7F9B3293EFA7014	ENT_2EBDB7F9B3293EFA7014	target_d001	GENE	rare VPS13C gene duplications	false	medical_kg_gold				target	1		false
t::d001::ENT_2EC601CF485830B1CA28	ENT_2EC601CF485830B1CA28	target_d001	LAB_MEASUREMENT	HbA1c measurement	false	medical_kg_gold				target	1		false
t::d001::ENT_2EE378AA448460D83714	ENT_2EE378AA448460D83714	target_d001	RISK_FACTOR	early pregnancy weight	false	medical_kg_gold				target	1		false
t::d001::ENT_2EE67747258E24B58810	ENT_2EE67747258E24B58810	target_d001	GENE	T allele(rs11037909)	false	medical_kg_gold				target	1		false
t::d001::ENT_2EF3DFBE28C9CE7889DF	ENT_2EF3DFBE28C9CE7889DF	target_d001	PROTEIN	serum osteocalcin	false	medical_kg_gold				target	1		false
t::d001::ENT_2EF4F4F1DC4AA72B245E	ENT_2EF4F4F1DC4AA72B245E	target_d001	POPULATION	Native American adults and children in the United States	false	medical_kg_gold				target	1		false
t::d001::ENT_2EFCD14D82BD23BFCEAA	ENT_2EFCD14D82BD23BFCEAA	target_d001	BIOMARKER	Low adiponectin level	false	medical_kg_gold				target	1		false
t::d001::ENT_2EFCEAA588074DCCB72B	ENT_2EFCEAA588074DCCB72B	target_d001	PROTEIN	plasma visfatin	false	medical_kg_gold				target	1		false
t::d001::ENT_2F10C0EFB01E27909E54	ENT_2F10C0EFB01E27909E54	target_d001	BIOMARKER	level of serum cholinesterase activity	false	medical_kg_gold				target	1		false
t::d001::ENT_2F13A8B662ED8CC0213D	ENT_2F13A8B662ED8CC0213D	target_d001	SYMPTOM	thirst	false	medical_kg_gold				target	1		false
t::d001::ENT_2F1F0A9483BA699D09F0	ENT_2F1F0A9483BA699D09F0	target_d001	DRUG	rich-chromium bean bud preparation	false	medical_kg_gold				target	1		false
t::d001::ENT_2F28EF153042A4194CE9	ENT_2F28EF153042A4194CE9	target_d001	LAB_MEASUREMENT	serum 25-hydroxy vitamin D3 level	false	medical_kg_gold				target	1		false
t::d001::ENT_2F43E8628A2E43902500	ENT_2F43E8628A2E43902500	target_d001	INTERVENTION	improving the living environment	false	medical_kg_gold				target	1		false
t::d001::ENT_2F4506FBF6AFBE9AA0D0	ENT_2F4506FBF6AFBE9AA0D0	target_d001	OTHER	Age (y, mean ± SD)	false	medical_kg_gold				target	1		false
t::d001::ENT_2F45A384D24C2BC823C5	ENT_2F45A384D24C2BC823C5	target_d001	LAB_MEASUREMENT	urinary Ca,Mg excretion	false	medical_kg_gold				target	1		false
t::d001::ENT_2F50F1A58F9FA3944ABE	ENT_2F50F1A58F9FA3944ABE	target_d001	DIET	eating pattern	false	medical_kg_gold				target	1		false
t::d001::ENT_2F984C0CA81AD91FB318	ENT_2F984C0CA81AD91FB318	target_d001	OTHER	insulin resistance and pancreatic beta cell mass defects	false	medical_kg_gold				target	1		false
t::d001::ENT_2FA9E63089061C49300A	ENT_2FA9E63089061C49300A	target_d001	BIOMARKER	HDL-cholesterol	false	medical_kg_gold				target	1		false
t::d001::ENT_2FAA46733DA848B49E10	ENT_2FAA46733DA848B49E10	target_d001	LAB_MEASUREMENT	blood viscosity	false	medical_kg_gold				target	1		false
t::d001::ENT_2FB0B9D5EE81124B9B2E	ENT_2FB0B9D5EE81124B9B2E	target_d001	PROTEIN	Incretins	false	medical_kg_gold				target	1		false
t::d001::ENT_2FCAEFB98CE7A7F3BDB0	ENT_2FCAEFB98CE7A7F3BDB0	target_d001	FOOD	Junk food	false	medical_kg_gold				target	1		false
t::d001::ENT_2FD33EBA0B0E4B51C01F	ENT_2FD33EBA0B0E4B51C01F	target_d001	GENE	THADA gene	false	medical_kg_gold				target	1		false
t::d001::ENT_2FE0274191C0DBA10589	ENT_2FE0274191C0DBA10589	target_d001	PHYSIOLOGICAL_PROCESS	FMD	false	medical_kg_gold				target	1		false
t::d001::ENT_2FE93E5314C7EE3120D4	ENT_2FE93E5314C7EE3120D4	target_d001	LAB_MEASUREMENT	higher HSP90 levels	false	medical_kg_gold				target	1		false
t::d001::ENT_3007470EF1EA1FAA3AD6	ENT_3007470EF1EA1FAA3AD6	target_d001	RISK_FACTOR	increase in Body Mass Index	false	medical_kg_gold				target	1		false
t::d001::ENT_301FB4F02D03F730ABA9	ENT_301FB4F02D03F730ABA9	target_d001	OTHER	E. coli	false	medical_kg_gold				target	1		false
t::d001::ENT_3039383AD0AF4C84DF05	ENT_3039383AD0AF4C84DF05	target_d001	PROCEDURE	Intragastric administration of high-fat and cholesterol plus intraperitoneal injection of low dose of streptozotocin	false	medical_kg_gold				target	1		false
t::d001::ENT_304E8A96DE6528718A52	ENT_304E8A96DE6528718A52	target_d001	PATHWAY	fibrinolytic system	false	medical_kg_gold				target	1		false
t::d001::ENT_3054398CA4796C9D17A7	ENT_3054398CA4796C9D17A7	target_d001	BIOMARKER	plasma visfatin	false	medical_kg_gold				target	1		false
t::d001::ENT_3055B0E17774B2A0D98C	ENT_3055B0E17774B2A0D98C	target_d001	DRUG	adiponectin receptor agonists	false	medical_kg_gold				target	1		false
t::d001::ENT_3057E66435AFCE72AA04	ENT_3057E66435AFCE72AA04	target_d001	GENE	rs1805096 polymorphism	false	medical_kg_gold				target	1		false
t::d001::ENT_308227A2F458FBEA152A	ENT_308227A2F458FBEA152A	target_d001	DRUG	an incretin analogue or a DPP-4 inhibitor	false	medical_kg_gold				target	1		false
t::d001::ENT_30851DD893A1CB023C45	ENT_30851DD893A1CB023C45	target_d001	LAB_MEASUREMENT	waist-hip ratio (WHR)	false	medical_kg_gold				target	1		false
t::d001::ENT_30869DB0BF22B3B88563	ENT_30869DB0BF22B3B88563	target_d001	GENE	ABCC8 gene	false	medical_kg_gold				target	1		false
t::d001::ENT_309FFEA0C917329A00A6	ENT_309FFEA0C917329A00A6	target_d001	GENE	ADRP gene	false	medical_kg_gold				target	1		false
t::d001::ENT_30AA880EBBCADB20B133	ENT_30AA880EBBCADB20B133	target_d001	PROTEIN	endothelium	false	medical_kg_gold				target	1		false
t::d001::ENT_30B305820BEF07F7AEBE	ENT_30B305820BEF07F7AEBE	target_d001	DISEASE	premature coronary heart disease	false	medical_kg_gold				target	1		false
t::d001::ENT_30BFFC8D99EC8D4D8581	ENT_30BFFC8D99EC8D4D8581	target_d001	PROCEDURE	64-MSCTA	false	medical_kg_gold				target	1		false
t::d001::ENT_30C3E071356595872A88	ENT_30C3E071356595872A88	target_d001	PROCEDURE	transcranial Doppler	false	medical_kg_gold				target	1		false
t::d001::ENT_30D11DC950D7F46ABC1F	ENT_30D11DC950D7F46ABC1F	target_d001	BIOMARKER	Serum vaspin	false	medical_kg_gold				target	1		false
t::d001::ENT_30DA28B11F26AA59DD98	ENT_30DA28B11F26AA59DD98	target_d001	CLINICAL_OUTCOME	major adverse cardiovascular events	false	medical_kg_gold				target	1		false
t::d001::ENT_30DF0661AA6192B34001	ENT_30DF0661AA6192B34001	target_d001	GENE	TNF-α-308 polymorphism	false	medical_kg_gold				target	1		false
t::d001::ENT_30E227481B3B87444E83	ENT_30E227481B3B87444E83	target_d001	OTHER	db/db mice	false	medical_kg_gold				target	1		false
t::d001::ENT_30EC3D33B823B30DB9D8	ENT_30EC3D33B823B30DB9D8	target_d001	PHENOTYPE	sugar build up in the blood	false	medical_kg_gold				target	1		false
t::d001::ENT_30ECCA5B8932414F7801	ENT_30ECCA5B8932414F7801	target_d001	OTHER	uterus	false	medical_kg_gold				target	1		false
t::d001::ENT_30F828396A7DF2F548BA	ENT_30F828396A7DF2F548BA	target_d001	TREATMENT	EA combined with lipoic acid	false	medical_kg_gold				target	1		false
t::d001::ENT_3103AE9721356651D6C4	ENT_3103AE9721356651D6C4	target_d001	DISEASE	syndrome	false	medical_kg_gold				target	1		false
t::d001::ENT_310876FCC5F215FC5D06	ENT_310876FCC5F215FC5D06	target_d001	LAB_MEASUREMENT	visfatin level	false	medical_kg_gold				target	1		false
t::d001::ENT_3125A64C5FCFC6C5005D	ENT_3125A64C5FCFC6C5005D	target_d001	PHENOTYPE	excess weight and obesity	false	medical_kg_gold				target	1		false
t::d001::ENT_3129DBD79A3DB641A6B4	ENT_3129DBD79A3DB641A6B4	target_d001	LAB_MEASUREMENT	DHEA level	false	medical_kg_gold				target	1		false
t::d001::ENT_312C743F0075D87C3973	ENT_312C743F0075D87C3973	target_d001	PHYSIOLOGICAL_PROCESS	beta-cell function	false	medical_kg_gold				target	1		false
t::d001::ENT_3133FC2B782CCA449CB6	ENT_3133FC2B782CCA449CB6	target_d001	LAB_MEASUREMENT	mean velocity	false	medical_kg_gold				target	1		false
t::d001::ENT_313A5E68DC56C7F48CAC	ENT_313A5E68DC56C7F48CAC	target_d001	METABOLITE	tHcy	false	medical_kg_gold				target	1		false
t::d001::ENT_314620A350BABE9BFCD4	ENT_314620A350BABE9BFCD4	target_d001	METABOLITE	monounsaturated fatty acids(MUFA)	false	medical_kg_gold				target	1		false
t::d001::ENT_3167AD4667ED972090E0	ENT_3167AD4667ED972090E0	target_d001	DISEASE	moderate severe vascular stenosis and occlusion	false	medical_kg_gold				target	1		false
t::d001::ENT_316800C8355EC0248D2B	ENT_316800C8355EC0248D2B	target_d001	DISEASE	Hypertriglyceridemia	false	medical_kg_gold				target	1		false
t::d001::ENT_31755CEEB6938A67C1C2	ENT_31755CEEB6938A67C1C2	target_d001	PROTEIN	C-peptide	false	medical_kg_gold				target	1		false
t::d001::ENT_3176C283E8701FF0F394	ENT_3176C283E8701FF0F394	target_d001	DRUG	Statin use	false	medical_kg_gold				target	1		false
t::d001::ENT_317A2E5999CDECE99E89	ENT_317A2E5999CDECE99E89	target_d001	DRUG	prazosin	false	medical_kg_gold				target	1		false
t::d001::ENT_3190C023509973C0B19A	ENT_3190C023509973C0B19A	target_d001	METABOLITE	triglyceride	false	medical_kg_gold				target	1		false
t::d001::ENT_319458C7E73B879CBBD7	ENT_319458C7E73B879CBBD7	target_d001	PROCEDURE	Roux-en-Y gastric bypass operation	false	medical_kg_gold				target	1		false
t::d001::ENT_31B4797171C37D715E96	ENT_31B4797171C37D715E96	target_d001	LAB_MEASUREMENT	SPL	false	medical_kg_gold				target	1		false
t::d001::ENT_31B687C347C8BDA9D885	ENT_31B687C347C8BDA9D885	target_d001	PROTEIN	hepatocyte nuclear factor 4α	false	medical_kg_gold				target	1		false
t::d001::ENT_31BB94D8DD2807FD4AF5	ENT_31BB94D8DD2807FD4AF5	target_d001	PHENOTYPE	negative remodeling	false	medical_kg_gold				target	1		false
t::d001::ENT_31BC4DE5118BF49CAA7F	ENT_31BC4DE5118BF49CAA7F	target_d001	PROTEIN	fibroblast growth factor 21 (FGF-21)	false	medical_kg_gold				target	1		false
t::d001::ENT_31BC7E6EB62A2E6004BD	ENT_31BC7E6EB62A2E6004BD	target_d001	OTHER	pancreas	false	medical_kg_gold				target	1		false
t::d001::ENT_31BF602EAAC324B89AF2	ENT_31BF602EAAC324B89AF2	target_d001	EXERCISE	tennis	false	medical_kg_gold				target	1		false
t::d001::ENT_31CA231DF0B20F14EFFB	ENT_31CA231DF0B20F14EFFB	target_d001	BIOMARKER	Lipoprotein-associated phospholipase A2 level	false	medical_kg_gold				target	1		false
t::d001::ENT_31CB8D101FA7247AA572	ENT_31CB8D101FA7247AA572	target_d001	COMPOUND	blood uric acid	false	medical_kg_gold				target	1		false
t::d001::ENT_31CE02C0142CB663BE74	ENT_31CE02C0142CB663BE74	target_d001	TREATMENT	SIRT1 activation	false	medical_kg_gold				target	1		false
t::d001::ENT_31D259298082AF874506	ENT_31D259298082AF874506	target_d001	DISEASE	silent ischemia	false	medical_kg_gold				target	1		false
t::d001::ENT_31DFC40D2B5CA8C63626	ENT_31DFC40D2B5CA8C63626	target_d001	INTERVENTION	control of weight	false	medical_kg_gold				target	1		false
t::d001::ENT_31E810AAE0C52A7A6B1F	ENT_31E810AAE0C52A7A6B1F	target_d001	PHENOTYPE	Reduced level of Treg cells	false	medical_kg_gold				target	1		false
t::d001::ENT_31EEC79AE2FDE0B89384	ENT_31EEC79AE2FDE0B89384	target_d001	PROTEIN	serum cⅣ	false	medical_kg_gold				target	1		false
t::d001::ENT_31F4C4A3C3745EFD9E49	ENT_31F4C4A3C3745EFD9E49	target_d001	BIOMARKER	urinary 8–isoPGF2α	false	medical_kg_gold				target	1		false
t::d001::ENT_32125AF8C519B4B08F89	ENT_32125AF8C519B4B08F89	target_d001	SYMPTOM	weakness	false	medical_kg_gold				target	1		false
t::d001::ENT_322FF8A020D30BC9DD51	ENT_322FF8A020D30BC9DD51	target_d001	DRUG	biguanides	false	medical_kg_gold				target	1		false
t::d001::ENT_325C7513DDB7139C1A4A	ENT_325C7513DDB7139C1A4A	target_d001	LAB_MEASUREMENT	lower serum PON-1 activity	false	medical_kg_gold				target	1		false
t::d001::ENT_325E4DAE4BE0741116EF	ENT_325E4DAE4BE0741116EF	target_d001	INTERVENTION	reducing MMP-9 levels	false	medical_kg_gold				target	1		false
t::d001::ENT_3266CBEF97990EA0C852	ENT_3266CBEF97990EA0C852	target_d001	PROTEIN	PF 1+2	false	medical_kg_gold				target	1		false
t::d001::ENT_326A8201ACFF3FD7A098	ENT_326A8201ACFF3FD7A098	target_d001	LAB_MEASUREMENT	ratios of estradiol and testosterone	false	medical_kg_gold				target	1		false
t::d001::ENT_326E24AF194DFF97DBE8	ENT_326E24AF194DFF97DBE8	target_d001	LAB_MEASUREMENT	butyrylcholinesterase activity	false	medical_kg_gold				target	1		false
t::d001::ENT_327F9066A0B06851CD52	ENT_327F9066A0B06851CD52	target_d001	PROTEIN	hepatitis B surface antibody	false	medical_kg_gold				target	1		false
t::d001::ENT_32A49FACF83C730B8FFB	ENT_32A49FACF83C730B8FFB	target_d001	LAB_MEASUREMENT	serum omentin level	false	medical_kg_gold				target	1		false
t::d001::ENT_32C50F67562E1CC62B38	ENT_32C50F67562E1CC62B38	target_d001	BIOMARKER	urinary Bata 2 microglobulin	false	medical_kg_gold				target	1		false
t::d001::ENT_32D35D94FDCE709A1110	ENT_32D35D94FDCE709A1110	target_d001	PHENOTYPE	fat malabsorption	false	medical_kg_gold				target	1		false
t::d001::ENT_32F14296B0B2CC588378	ENT_32F14296B0B2CC588378	target_d001	PHENOTYPE	glucose intolerance	false	medical_kg_gold				target	1		false
t::d001::ENT_32F4FAE5A2B00CAAF642	ENT_32F4FAE5A2B00CAAF642	target_d001	GENE	UCSNP-43	false	medical_kg_gold				target	1		false
t::d001::ENT_33056D35C7CD964809FF	ENT_33056D35C7CD964809FF	target_d001	DRUG	muraglitazar	false	medical_kg_gold				target	1		false
t::d001::ENT_3321AA6DDEB40EC1CFE5	ENT_3321AA6DDEB40EC1CFE5	target_d001	DISEASE	anemia	false	medical_kg_gold				target	1		false
t::d001::ENT_3330C7ACF2EDC7F8833F	ENT_3330C7ACF2EDC7F8833F	target_d001	PHENOTYPE	Overweight and abdominal obesity	false	medical_kg_gold				target	1		false
t::d001::ENT_3348BAFEA40659040984	ENT_3348BAFEA40659040984	target_d001	LAB_MEASUREMENT	protein oxidation (thiol)	false	medical_kg_gold				target	1		false
t::d001::ENT_3349D0DEED4C42515638	ENT_3349D0DEED4C42515638	target_d001	OTHER	KQ genotype	false	medical_kg_gold				target	1		false
t::d001::ENT_334CB518DF5A26993AA8	ENT_334CB518DF5A26993AA8	target_d001	PHENOTYPE	fat	false	medical_kg_gold				target	1		false
t::d001::ENT_33503BCE365BC2F2CBC2	ENT_33503BCE365BC2F2CBC2	target_d001	PROTEIN	PTEN	false	medical_kg_gold				target	1		false
t::d001::ENT_3362409C03318F7DBD62	ENT_3362409C03318F7DBD62	target_d001	LAB_MEASUREMENT	ISI (Matsuda)	false	medical_kg_gold				target	1		false
t::d001::ENT_336A33A97FEC84A6AEB7	ENT_336A33A97FEC84A6AEB7	target_d001	GENE	rs974456	false	medical_kg_gold				target	1		false
t::d001::ENT_337DF02141C2DDA09412	ENT_337DF02141C2DDA09412	target_d001	ENVIRONMENTAL_EXPOSURE	malnutrition	false	medical_kg_gold				target	1		false
t::d001::ENT_33807BB53D683C315A28	ENT_33807BB53D683C315A28	target_d001	PROCEDURE	chemical induction of diabetes mellitus	false	medical_kg_gold				target	1		false
t::d001::ENT_338330D289862179D989	ENT_338330D289862179D989	target_d001	OTHER	yin deficiency	false	medical_kg_gold				target	1		false
t::d001::ENT_338ED019AAA3F879D0E8	ENT_338ED019AAA3F879D0E8	target_d001	COMPOUND	serum Cu	false	medical_kg_gold				target	1		false
t::d001::ENT_33ADE49701567C25C282	ENT_33ADE49701567C25C282	target_d001	ENVIRONMENTAL_EXPOSURE	malnutrition during pregnancy	false	medical_kg_gold				target	1		false
t::d001::ENT_33B41E629B3D51323D75	ENT_33B41E629B3D51323D75	target_d001	PROTEIN	plasma PAI-1	false	medical_kg_gold				target	1		false
t::d001::ENT_33B6B52004D4901F411C	ENT_33B6B52004D4901F411C	target_d001	PROTEIN	tumor necrosis factor-alpha	false	medical_kg_gold				target	1		false
t::d001::ENT_33CA01AC0E8CE0B07800	ENT_33CA01AC0E8CE0B07800	target_d001	BIOLOGICAL_PROCESS	inflammatory response	false	medical_kg_gold				target	1		false
t::d001::ENT_33E29F41236ECE6A2472	ENT_33E29F41236ECE6A2472	target_d001	OTHER	low level of education	false	medical_kg_gold				target	1		false
t::d001::ENT_33E4C7B6C97E4BAEAFC0	ENT_33E4C7B6C97E4BAEAFC0	target_d001	PROTEIN	IL-10	false	medical_kg_gold				target	1		false
t::d001::ENT_33F109FA383B710A5C55	ENT_33F109FA383B710A5C55	target_d001	PROTEIN	PS	false	medical_kg_gold				target	1		false
t::d001::ENT_33F2483B5BFFEF6C8AC0	ENT_33F2483B5BFFEF6C8AC0	target_d001	METABOLITE	HCY level	false	medical_kg_gold				target	1		false
t::d001::ENT_33F8179D237162B9AB53	ENT_33F8179D237162B9AB53	target_d001	OTHER	CPT-I mRNA expression of skeletal muscle	false	medical_kg_gold				target	1		false
t::d001::ENT_34005AB1BA76406487E6	ENT_34005AB1BA76406487E6	target_d001	PROTEIN	GMP 140	false	medical_kg_gold				target	1		false
t::d001::ENT_340B09AB7A97AC710E2A	ENT_340B09AB7A97AC710E2A	target_d001	BIOLOGICAL_PROCESS	SUMO modification system	false	medical_kg_gold				target	1		false
t::d001::ENT_3416B7B60A96C86FC56C	ENT_3416B7B60A96C86FC56C	target_d001	TREATMENT	Bariatric Surgery	false	medical_kg_gold				target	1		false
t::d001::ENT_34271F0C3408875F738E	ENT_34271F0C3408875F738E	target_d001	PROTEIN	tartrate-resistant acid phosphatase 5b	false	medical_kg_gold				target	1		false
t::d001::ENT_3436BC25D25C2EC5BB51	ENT_3436BC25D25C2EC5BB51	target_d001	PROTEIN	platelet activating factor	false	medical_kg_gold				target	1		false
t::d001::ENT_343702841622EE3D2BB8	ENT_343702841622EE3D2BB8	target_d001	PHENOTYPE	LVD	false	medical_kg_gold				target	1		false
t::d001::ENT_343B02B19A9EC163B748	ENT_343B02B19A9EC163B748	target_d001	OTHER	Serum Mir-217	false	medical_kg_gold				target	1		false
t::d001::ENT_343F1DB1248CEF590476	ENT_343F1DB1248CEF590476	target_d001	GENE	KCNJ11基因E23K多态性	false	medical_kg_gold				target	1		false
t::d001::ENT_343FA43AFFFD24443EBB	ENT_343FA43AFFFD24443EBB	target_d001	DISEASE	heart disease	false	medical_kg_gold				target	1		false
t::d001::ENT_345573F663D6362470D9	ENT_345573F663D6362470D9	target_d001	TREATMENT	personalized pharmacological treatment	false	medical_kg_gold				target	1		false
t::d001::ENT_345AD5CE3A0F8D7CB595	ENT_345AD5CE3A0F8D7CB595	target_d001	BIOMARKER	ICA	false	medical_kg_gold				target	1		false
t::d001::ENT_345B3647E4F7762DE175	ENT_345B3647E4F7762DE175	target_d001	BIOMARKER	collagenⅣ	false	medical_kg_gold				target	1		false
t::d001::ENT_345E93AFA8C583B4F31C	ENT_345E93AFA8C583B4F31C	target_d001	SYMPTOM	vertigo	false	medical_kg_gold				target	1		false
t::d001::ENT_348ABE3344517D05FCBF	ENT_348ABE3344517D05FCBF	target_d001	LAB_MEASUREMENT	peak systolic blood flow rate	false	medical_kg_gold				target	1		false
t::d001::ENT_34A03CFBA62008CB84BC	ENT_34A03CFBA62008CB84BC	target_d001	COMPOUND	TFST	false	medical_kg_gold				target	1		false
t::d001::ENT_34AD8814F754FBA6ECEE	ENT_34AD8814F754FBA6ECEE	target_d001	LAB_MEASUREMENT	hs-CRP	false	medical_kg_gold				target	1		false
t::d001::ENT_34B8362A848410F60D1C	ENT_34B8362A848410F60D1C	target_d001	GENE	the common G allele	false	medical_kg_gold				target	1		false
t::d001::ENT_34BCF7F4CB8C7D4A01E6	ENT_34BCF7F4CB8C7D4A01E6	target_d001	BIOMARKER	glycosylated hemoglobin A1c (HbA1c)	false	medical_kg_gold				target	1		false
t::d001::ENT_34C19AD22BB6479B381C	ENT_34C19AD22BB6479B381C	target_d001	BIOMARKER	rs228648(G/A)	false	medical_kg_gold				target	1		false
t::d001::ENT_34DCEC9DBFDEB61A7F5A	ENT_34DCEC9DBFDEB61A7F5A	target_d001	CELL	muscle cells	false	medical_kg_gold				target	1		false
t::d001::ENT_34E25A2C726DA3A2F8F5	ENT_34E25A2C726DA3A2F8F5	target_d001	GENE	KCNQ1 rs151290 polymorphism	false	medical_kg_gold				target	1		false
t::d001::ENT_34EF1DEF14CFFD5B0484	ENT_34EF1DEF14CFFD5B0484	target_d001	DRUG	insulin detemir combined with repaglinide	false	medical_kg_gold				target	1		false
t::d001::ENT_35054761000868772E71	ENT_35054761000868772E71	target_d001	OTHER	loss-of-function mutations in SLC30A8	false	medical_kg_gold				target	1		false
t::d001::ENT_35097F6E48475C406EDE	ENT_35097F6E48475C406EDE	target_d001	BIOMARKER	carotid artery intima-media thickness	false	medical_kg_gold				target	1		false
t::d001::ENT_3509E641D91A5E573AD5	ENT_3509E641D91A5E573AD5	target_d001	PHENOTYPE	disorder of lipid metabolism	false	medical_kg_gold				target	1		false
t::d001::ENT_350FD7CB721720BA3DB3	ENT_350FD7CB721720BA3DB3	target_d001	COMPOUND	lead	false	medical_kg_gold				target	1		false
t::d001::ENT_35106677956B7406E33D	ENT_35106677956B7406E33D	target_d001	LAB_MEASUREMENT	arterial stiffness (β)	false	medical_kg_gold				target	1		false
t::d001::ENT_3523C3A68EB483F5FF62	ENT_3523C3A68EB483F5FF62	target_d001	PROCEDURE	urgent lower extremity surgery	false	medical_kg_gold				target	1		false
t::d001::ENT_3531E87E6AFFDEA2AD34	ENT_3531E87E6AFFDEA2AD34	target_d001	PHENOTYPE	impaired β-cell function	false	medical_kg_gold				target	1		false
t::d001::ENT_353B88E5460635F21F28	ENT_353B88E5460635F21F28	target_d001	CLINICAL_OUTCOME	one year patency	false	medical_kg_gold				target	1		false
t::d001::ENT_354E59536260BF2B0FD8	ENT_354E59536260BF2B0FD8	target_d001	PHYSIOLOGICAL_PROCESS	active bone resorption	false	medical_kg_gold				target	1		false
t::d001::ENT_35594BF2A9B71B73D502	ENT_35594BF2A9B71B73D502	target_d001	LAB_MEASUREMENT	waist-hip(WHR)ratio	false	medical_kg_gold				target	1		false
t::d001::ENT_35685C5FB50940AA00F7	ENT_35685C5FB50940AA00F7	target_d001	BIOLOGICAL_PROCESS	aggregation of abnormally folded amyloid proteins	false	medical_kg_gold				target	1		false
t::d001::ENT_356C792530FD4DE4ADFC	ENT_356C792530FD4DE4ADFC	target_d001	BIOMARKER	serum IGF-1 level	false	medical_kg_gold				target	1		false
t::d001::ENT_356E9931BA67F52E1B3E	ENT_356E9931BA67F52E1B3E	target_d001	OTHER	BMI	false	medical_kg_gold				target	1		false
t::d001::ENT_357D71C0E9BE0AD67302	ENT_357D71C0E9BE0AD67302	target_d001	BIOMARKER	serum bone alkaline phosphatase	false	medical_kg_gold				target	1		false
t::d001::ENT_358A7A6AF129ABA47385	ENT_358A7A6AF129ABA47385	target_d001	TREATMENT	low frequency vibration therapy	false	medical_kg_gold				target	1		false
t::d001::ENT_35A75F83E271801894AA	ENT_35A75F83E271801894AA	target_d001	DRUG	GLP-1RAs	false	medical_kg_gold				target	1		false
t::d001::ENT_35BD7F56E4E7775C1EAC	ENT_35BD7F56E4E7775C1EAC	target_d001	PROTEIN	serum Fetuin-A	false	medical_kg_gold				target	1		false
t::d001::ENT_35C0941247DEE786F925	ENT_35C0941247DEE786F925	target_d001	LAB_MEASUREMENT	serum cholinesterase activity	false	medical_kg_gold				target	1		false
t::d001::ENT_35C60A3B318D92072786	ENT_35C60A3B318D92072786	target_d001	CLINICAL_OUTCOME	perception of health	false	medical_kg_gold				target	1		false
t::d001::ENT_35D602601BE4CA61C83C	ENT_35D602601BE4CA61C83C	target_d001	OTHER	ACE I/D polymorphism	false	medical_kg_gold				target	1		false
t::d001::ENT_35D6393A1F0CE6937D4D	ENT_35D6393A1F0CE6937D4D	target_d001	DRUG	metformin	false	medical_kg_gold				target	1		false
t::d001::ENT_35EB96D41C9426AC6067	ENT_35EB96D41C9426AC6067	target_d001	DRUG	sotagliflozin	false	medical_kg_gold				target	1		false
t::d001::ENT_35EE4132A0EB58B73907	ENT_35EE4132A0EB58B73907	target_d001	DISEASE	eating disorders	false	medical_kg_gold				target	1		false
t::d001::ENT_35F06D6E63974C31FA87	ENT_35F06D6E63974C31FA87	target_d001	LAB_MEASUREMENT	apolipoprotein B(apoB)	false	medical_kg_gold				target	1		false
t::d001::ENT_35F2B64E36B69391740A	ENT_35F2B64E36B69391740A	target_d001	LAB_MEASUREMENT	PI(MCA)	false	medical_kg_gold				target	1		false
t::d001::ENT_35F6EF0B2A0F5489AA69	ENT_35F6EF0B2A0F5489AA69	target_d001	PROTEIN	CD+41	false	medical_kg_gold				target	1		false
t::d001::ENT_35FB762DF8AB600629B0	ENT_35FB762DF8AB600629B0	target_d001	BIOMARKER	tumor necrosis factor-alpha	false	medical_kg_gold				target	1		false
t::d001::ENT_35FF2A9C98AE22EE5C80	ENT_35FF2A9C98AE22EE5C80	target_d001	LAB_MEASUREMENT	blood sugar	false	medical_kg_gold				target	1		false
t::d001::ENT_36050E7A282EAB9B91A9	ENT_36050E7A282EAB9B91A9	target_d001	DISEASE	coronary atherosclerosis	false	medical_kg_gold				target	1		false
t::d001::ENT_36299D93E00198710D8B	ENT_36299D93E00198710D8B	target_d001	OTHER	general hospitals	false	medical_kg_gold				target	1		false
t::d001::ENT_3651F6D09A54DA064587	ENT_3651F6D09A54DA064587	target_d001	TREATMENT	lifestyle modification and metformin	false	medical_kg_gold				target	1		false
t::d001::ENT_36619DC0D51EA28920E7	ENT_36619DC0D51EA28920E7	target_d001	BIOMARKER	blood plasma adiponectin level	false	medical_kg_gold				target	1		false
t::d001::ENT_36721E326B272852B1BD	ENT_36721E326B272852B1BD	target_d001	PHENOTYPE	chronic low-level inflammatory process	false	medical_kg_gold				target	1		false
t::d001::ENT_3682297FF4979BBBEB2D	ENT_3682297FF4979BBBEB2D	target_d001	CLINICAL_OUTCOME	carotid plaque	false	medical_kg_gold				target	1		false
t::d001::ENT_36833B49636B83767B47	ENT_36833B49636B83767B47	target_d001	FOOD	coffee	false	medical_kg_gold				target	1		false
t::d001::ENT_368382E2B61D8ED4DBC6	ENT_368382E2B61D8ED4DBC6	target_d001	PHYSIOLOGICAL_PROCESS	defective secretion of insulin	false	medical_kg_gold				target	1		false
t::d001::ENT_36971C8CA9A8EA139E49	ENT_36971C8CA9A8EA139E49	target_d001	PROTEIN	plasma thrombomodulin	false	medical_kg_gold				target	1		false
t::d001::ENT_36A0B9187D1C9637CEC3	ENT_36A0B9187D1C9637CEC3	target_d001	OTHER	height	false	medical_kg_gold				target	1		false
t::d001::ENT_36AE97F2CB345CFB7748	ENT_36AE97F2CB345CFB7748	target_d001	GENE	HLA-A11	false	medical_kg_gold				target	1		false
t::d001::ENT_36C8AF391E0452ECCCBD	ENT_36C8AF391E0452ECCCBD	target_d001	BIOMARKER	blood glucose, total cholesterol, low-density lipoprotein-cholesterol, triglyceride, and C-reactive protein (CRP) levels	false	medical_kg_gold				target	1		false
t::d001::ENT_36D0B8B51E48C405DC08	ENT_36D0B8B51E48C405DC08	target_d001	CLINICAL_OUTCOME	mortality rate	false	medical_kg_gold				target	1		false
t::d001::ENT_36D8570524338124697B	ENT_36D8570524338124697B	target_d001	RISK_FACTOR	increased cardiovascular risk	false	medical_kg_gold				target	1		false
t::d001::ENT_36D94B07C518793919CA	ENT_36D94B07C518793919CA	target_d001	PHENOTYPE	obesity	false	medical_kg_gold				target	1		false
t::d001::ENT_36DEEBD087079A71BD40	ENT_36DEEBD087079A71BD40	target_d001	TREATMENT	Glipizide plus Metformin	false	medical_kg_gold				target	1		false
t::d001::ENT_36E193A5D6FE6E509F20	ENT_36E193A5D6FE6E509F20	target_d001	PHYSIOLOGICAL_PROCESS	long-term potentiation	false	medical_kg_gold				target	1		false
t::d001::ENT_36F0113697EA6DA7F071	ENT_36F0113697EA6DA7F071	target_d001	PROTEIN	p53 expression	false	medical_kg_gold				target	1		false
t::d001::ENT_370A875AE1B08EA340B4	ENT_370A875AE1B08EA340B4	target_d001	BIOMARKER	HNP1-3 levels	false	medical_kg_gold				target	1		false
t::d001::ENT_371DBB9768340C22151D	ENT_371DBB9768340C22151D	target_d001	BIOMARKER	serum leptin level	false	medical_kg_gold				target	1		false
t::d001::ENT_37261425DEF4653B01F8	ENT_37261425DEF4653B01F8	target_d001	BIOMARKER	MDA	false	medical_kg_gold				target	1		false
t::d001::ENT_37375F759103102811F2	ENT_37375F759103102811F2	target_d001	LAB_MEASUREMENT	elevated liver enzymes	false	medical_kg_gold				target	1		false
t::d001::ENT_37450E5D87885C2D1670	ENT_37450E5D87885C2D1670	target_d001	BIOMARKER	high leptin level	false	medical_kg_gold				target	1		false
t::d001::ENT_37460BB47815C38E7D39	ENT_37460BB47815C38E7D39	target_d001	COMPOUND	omega-3 polyunsaturated fatty acids	false	medical_kg_gold				target	1		false
t::d001::ENT_3746BFB02CC729DF6E32	ENT_3746BFB02CC729DF6E32	target_d001	LIFESTYLE_FACTOR	Sedentary lifestyles	false	medical_kg_gold				target	1		false
t::d001::ENT_3749A28DEC6318CC32F3	ENT_3749A28DEC6318CC32F3	target_d001	PROTEIN	sIL-2R	false	medical_kg_gold				target	1		false
t::d001::ENT_375604DCE8B5B98CD4C4	ENT_375604DCE8B5B98CD4C4	target_d001	METABOLITE	serum 25-OH vitamin D	false	medical_kg_gold				target	1		false
t::d001::ENT_3758CD5FD1B325F85943	ENT_3758CD5FD1B325F85943	target_d001	LAB_MEASUREMENT	B12 levels	false	medical_kg_gold				target	1		false
t::d001::ENT_37602E6C44209074A678	ENT_37602E6C44209074A678	target_d001	PHENOTYPE	high blood sugar	false	medical_kg_gold				target	1		false
t::d001::ENT_3764EB6A035A868B0B0F	ENT_3764EB6A035A868B0B0F	target_d001	BIOMARKER	plasma Gas6 level	false	medical_kg_gold				target	1		false
t::d001::ENT_376BE7EC47F8DA284E8F	ENT_376BE7EC47F8DA284E8F	target_d001	OTHER	variation in the CACNA1E gene	false	medical_kg_gold				target	1		false
t::d001::ENT_376E9C0EAAC1D6656675	ENT_376E9C0EAAC1D6656675	target_d001	PROTEIN	interlukin-6	false	medical_kg_gold				target	1		false
t::d001::ENT_377D278FABC49D818FDB	ENT_377D278FABC49D818FDB	target_d001	OTHER	FindRisk-Bogen	false	medical_kg_gold				target	1		false
t::d001::ENT_377E8F5A59F19C940F42	ENT_377E8F5A59F19C940F42	target_d001	GENE	PGC-1 gene Gly 482Ser polymorphism	false	medical_kg_gold				target	1		false
t::d001::ENT_378969E65F64C8825178	ENT_378969E65F64C8825178	target_d001	OTHER	FokI polymorphism at the VDR gene locus	false	medical_kg_gold				target	1		false
t::d001::ENT_378F2CE44821ED4231E3	ENT_378F2CE44821ED4231E3	target_d001	PHENOTYPE	chronic low-grade systemic inflammation	false	medical_kg_gold				target	1		false
t::d001::ENT_37965F317FAB7E1EB837	ENT_37965F317FAB7E1EB837	target_d001	BIOMARKER	acute insulin response	false	medical_kg_gold				target	1		false
t::d001::ENT_37A531398E27989003DD	ENT_37A531398E27989003DD	target_d001	INTERVENTION	prevention of all kinds of risk factors	false	medical_kg_gold				target	1		false
t::d001::ENT_37B30652D12784858C51	ENT_37B30652D12784858C51	target_d001	DISEASE	single coronary artery pathological changes	false	medical_kg_gold				target	1		false
t::d001::ENT_37D3BE28E7166DD8202F	ENT_37D3BE28E7166DD8202F	target_d001	DISEASE	latent autoimmune diabetes in adult(LADA)	false	medical_kg_gold				target	1		false
t::d001::ENT_37E7B5EDBA09DCFA6E35	ENT_37E7B5EDBA09DCFA6E35	target_d001	LAB_MEASUREMENT	percentage of hexagonal cells	false	medical_kg_gold				target	1		false
t::d001::ENT_37EDCE6F98C4311FC811	ENT_37EDCE6F98C4311FC811	target_d001	OTHER	rs1799941	false	medical_kg_gold				target	1		false
t::d001::ENT_37EFAFD4DA9FE02A836A	ENT_37EFAFD4DA9FE02A836A	target_d001	LAB_MEASUREMENT	LDL cholesterol	false	medical_kg_gold				target	1		false
t::d001::ENT_37FFAA39B1F15734FB25	ENT_37FFAA39B1F15734FB25	target_d001	CLINICAL_OUTCOME	reduced life expectancy	false	medical_kg_gold				target	1		false
t::d001::ENT_3809D5E0EEC78324F76A	ENT_3809D5E0EEC78324F76A	target_d001	PROTEIN	nephrin	false	medical_kg_gold				target	1		false
t::d001::ENT_3813E717A77A43C9ECB8	ENT_3813E717A77A43C9ECB8	target_d001	PATHWAY	BCAA catabolism	false	medical_kg_gold				target	1		false
t::d001::ENT_382A6235F5B953295BD5	ENT_382A6235F5B953295BD5	target_d001	COMPOUND	selenium	false	medical_kg_gold				target	1		false
t::d001::ENT_382BFC8D1530A543BFB8	ENT_382BFC8D1530A543BFB8	target_d001	DISEASE	MDD	false	medical_kg_gold				target	1		false
t::d001::ENT_38300F1249C8094F51F9	ENT_38300F1249C8094F51F9	target_d001	EXERCISE	regular physical activity	false	medical_kg_gold				target	1		false
t::d001::ENT_383D52E86FA8EC65C278	ENT_383D52E86FA8EC65C278	target_d001	GENE	DcR2	false	medical_kg_gold				target	1		false
t::d001::ENT_383E0175E0C429B4F529	ENT_383E0175E0C429B4F529	target_d001	LAB_MEASUREMENT	Ln(HOMAIR)	false	medical_kg_gold				target	1		false
t::d001::ENT_38470319F1935D981DA2	ENT_38470319F1935D981DA2	target_d001	LAB_MEASUREMENT	Ea/Aa	false	medical_kg_gold				target	1		false
t::d001::ENT_384EC087BD6305EDD799	ENT_384EC087BD6305EDD799	target_d001	LAB_MEASUREMENT	abnormal liver enzymes	false	medical_kg_gold				target	1		false
t::d001::ENT_3853D68F06705CD0ED57	ENT_3853D68F06705CD0ED57	target_d001	PROTEIN	plasma ET-1	false	medical_kg_gold				target	1		false
t::d001::ENT_385797FE5E44FD0AD77C	ENT_385797FE5E44FD0AD77C	target_d001	DISEASE	Obstructive sleep apnoea (OSA)	false	medical_kg_gold				target	1		false
t::d001::ENT_385E6BC5A45C4B36AC40	ENT_385E6BC5A45C4B36AC40	target_d001	LAB_MEASUREMENT	T4	false	medical_kg_gold				target	1		false
t::d001::ENT_38607BD7544FC5A34272	ENT_38607BD7544FC5A34272	target_d001	DRUG	insulin 70/30	false	medical_kg_gold				target	1		false
t::d001::ENT_386BFB06628DBAD4E742	ENT_386BFB06628DBAD4E742	target_d001	DISEASE	chronic progressing disease	false	medical_kg_gold				target	1		false
t::d001::ENT_387068CC545822ED1157	ENT_387068CC545822ED1157	target_d001	PROTEIN	glycosylated hemoglobin	false	medical_kg_gold				target	1		false
t::d001::ENT_38755F63B6A1F19954EE	ENT_38755F63B6A1F19954EE	target_d001	LAB_MEASUREMENT	ESR	false	medical_kg_gold				target	1		false
t::d001::ENT_38778EACC2871127B80B	ENT_38778EACC2871127B80B	target_d001	PHYSIOLOGICAL_PROCESS	inflammation	false	medical_kg_gold				target	1		false
t::d001::ENT_3893B257C3B4C8885F6B	ENT_3893B257C3B4C8885F6B	target_d001	DISEASE	multi-position disease	false	medical_kg_gold				target	1		false
t::d001::ENT_38942F93A3E2E7A99153	ENT_38942F93A3E2E7A99153	target_d001	DRUG	teneligliptin	false	medical_kg_gold				target	1		false
t::d001::ENT_389626AD9CB15F05BED0	ENT_389626AD9CB15F05BED0	target_d001	GENE	single nucleotide polymorphisms on UBE2E2	false	medical_kg_gold				target	1		false
t::d001::ENT_38A4A7F0B4CB7AF156B3	ENT_38A4A7F0B4CB7AF156B3	target_d001	PROTEIN	ghrelin	false	medical_kg_gold				target	1		false
t::d001::ENT_38A6F010BBA0DA15B9FF	ENT_38A6F010BBA0DA15B9FF	target_d001	DISEASE	chronic obesity	false	medical_kg_gold				target	1		false
t::d001::ENT_38B9874239209980B97B	ENT_38B9874239209980B97B	target_d001	METABOLITE	blood NO	false	medical_kg_gold				target	1		false
t::d001::ENT_38C8001A44C1D79466B8	ENT_38C8001A44C1D79466B8	target_d001	BIOMARKER	fasting proinsulin	false	medical_kg_gold				target	1		false
t::d001::ENT_38DB2ACC05EC7A243988	ENT_38DB2ACC05EC7A243988	target_d001	PROTEIN	CD14	false	medical_kg_gold				target	1		false
t::d001::ENT_38DE1FE112687807DDE4	ENT_38DE1FE112687807DDE4	target_d001	NUTRIENT	total energy intake	false	medical_kg_gold				target	1		false
t::d001::ENT_38EEF00289005835F4AF	ENT_38EEF00289005835F4AF	target_d001	PHYSIOLOGICAL_PROCESS	renal expressions of DcR2 protein and mRNA	false	medical_kg_gold				target	1		false
t::d001::ENT_38FF3DCAFFFF9109732D	ENT_38FF3DCAFFFF9109732D	target_d001	METABOLITE	2PPBS	false	medical_kg_gold				target	1		false
t::d001::ENT_3900A760710F65FA3CD9	ENT_3900A760710F65FA3CD9	target_d001	DRUG	DPP4 inhibitor	false	medical_kg_gold				target	1		false
t::d001::ENT_39042BEDA0180582EAEE	ENT_39042BEDA0180582EAEE	target_d001	RISK_FACTOR	low high-density lipoprotein cholesterol	false	medical_kg_gold				target	1		false
t::d001::ENT_3908A3880DB22041357E	ENT_3908A3880DB22041357E	target_d001	PHYSIOLOGICAL_PROCESS	oturmadan ayağa kalkma aktivitesi	false	medical_kg_gold				target	1		false
t::d001::ENT_390BDE79E74BA719BD0E	ENT_390BDE79E74BA719BD0E	target_d001	TREATMENT	health education	false	medical_kg_gold				target	1		false
t::d001::ENT_3919247154153C37644E	ENT_3919247154153C37644E	target_d001	PROTEIN	sTM	false	medical_kg_gold				target	1		false
t::d001::ENT_391C8EB191D002CF5202	ENT_391C8EB191D002CF5202	target_d001	NUTRIENT	low GI carbohydrates	false	medical_kg_gold				target	1		false
t::d001::ENT_391F37E5C3DCCFF6905C	ENT_391F37E5C3DCCFF6905C	target_d001	TISSUE	grastrocnemium muscle tissue	false	medical_kg_gold				target	1		false
t::d001::ENT_392F16472001CC31E313	ENT_392F16472001CC31E313	target_d001	TREATMENT	combination of metformin with saxagliptin	false	medical_kg_gold				target	1		false
t::d001::ENT_39330445A11F8F71B340	ENT_39330445A11F8F71B340	target_d001	GENE	rs1799854 t/t polymorphisms of ABCC8 gene	false	medical_kg_gold				target	1		false
t::d001::ENT_39370419125F1A609F5E	ENT_39370419125F1A609F5E	target_d001	OTHER	sex distribution	false	medical_kg_gold				target	1		false
t::d001::ENT_3939B0BA6A5FFE30F782	ENT_3939B0BA6A5FFE30F782	target_d001	PHYSIOLOGICAL_PROCESS	β-cell dysfunction	false	medical_kg_gold				target	1		false
t::d001::ENT_395F9366F890C4016E0C	ENT_395F9366F890C4016E0C	target_d001	DISEASE	endothelium dysfunction	false	medical_kg_gold				target	1		false
t::d001::ENT_3964EB65AAE66E834AED	ENT_3964EB65AAE66E834AED	target_d001	PROTEIN	peroxisomehyperplasia activated receptor γ	false	medical_kg_gold				target	1		false
t::d001::ENT_3966681CE50721E39B9B	ENT_3966681CE50721E39B9B	target_d001	LAB_MEASUREMENT	coefficient of variation of cell area	false	medical_kg_gold				target	1		false
t::d001::ENT_397EF467BDB23DD8E109	ENT_397EF467BDB23DD8E109	target_d001	PROTEIN	TIPE2	false	medical_kg_gold				target	1		false
t::d001::ENT_3980864813BD2DD7EA7B	ENT_3980864813BD2DD7EA7B	target_d001	BIOMARKER	A6244G polymorphism of IRS-1 gene	false	medical_kg_gold				target	1		false
t::d001::ENT_39815759D34B2212B8B5	ENT_39815759D34B2212B8B5	target_d001	BIOMARKER	bone-specific alkaline phosphatase(BAP)	false	medical_kg_gold				target	1		false
t::d001::ENT_3986F9ABDED0409DF1D0	ENT_3986F9ABDED0409DF1D0	target_d001	LAB_MEASUREMENT	homocysteine level	false	medical_kg_gold				target	1		false
t::d001::ENT_39A4627F7F10B3BF9AAD	ENT_39A4627F7F10B3BF9AAD	target_d001	DRUG	dexamethasone	false	medical_kg_gold				target	1		false
t::d001::ENT_39A482C64FCD4A91DE55	ENT_39A482C64FCD4A91DE55	target_d001	PHYSIOLOGICAL_PROCESS	dynamic insulin secretion	false	medical_kg_gold				target	1		false
t::d001::ENT_39A5AA2C4F217766179F	ENT_39A5AA2C4F217766179F	target_d001	NUTRIENT	vitamin B12	false	medical_kg_gold				target	1		false
t::d001::ENT_39AC15E98E37C029FFDA	ENT_39AC15E98E37C029FFDA	target_d001	PROTEIN	HLA-DR	false	medical_kg_gold				target	1		false
t::d001::ENT_39AE6C3C0E919F16E9A2	ENT_39AE6C3C0E919F16E9A2	target_d001	BIOMARKER	plasma apelin level	false	medical_kg_gold				target	1		false
t::d001::ENT_39B50B2C61E6EA1C1347	ENT_39B50B2C61E6EA1C1347	target_d001	LAB_MEASUREMENT	increased latency for waves I, III, and V	false	medical_kg_gold				target	1		false
t::d001::ENT_39B742318D427C4C0006	ENT_39B742318D427C4C0006	target_d001	DISEASE	Myosteatosis	false	medical_kg_gold				target	1		false
t::d001::ENT_39B8973E9678F19432F3	ENT_39B8973E9678F19432F3	target_d001	LAB_MEASUREMENT	peak concentration of the first-phase ( 0-10 min) insulin secretion	false	medical_kg_gold				target	1		false
t::d001::ENT_39BEA857891D9CC5B22F	ENT_39BEA857891D9CC5B22F	target_d001	BIOMARKER	fasting glucose	false	medical_kg_gold				target	1		false
t::d001::ENT_39C46890BF4125595DC1	ENT_39C46890BF4125595DC1	target_d001	OTHER	Inhibitors of several PTPs	false	medical_kg_gold				target	1		false
t::d001::ENT_39C8C97142270DF58E25	ENT_39C8C97142270DF58E25	target_d001	METABOLITE	25-hydroxyvitamin D	false	medical_kg_gold				target	1		false
t::d001::ENT_39CB9BF0422F04F28416	ENT_39CB9BF0422F04F28416	target_d001	PROTEIN	Omentin-1	false	medical_kg_gold				target	1		false
t::d001::ENT_39D0B352D796725084D5	ENT_39D0B352D796725084D5	target_d001	DIET	CR	false	medical_kg_gold				target	1		false
t::d001::ENT_39EFCD2D0902C4CE8828	ENT_39EFCD2D0902C4CE8828	target_d001	TREATMENT	LSG+ DJB	false	medical_kg_gold				target	1		false
t::d001::ENT_39F08457C475C3F42310	ENT_39F08457C475C3F42310	target_d001	OTHER	rs1113132 polymorphism	false	medical_kg_gold				target	1		false
t::d001::ENT_39FD4F1C400CEA5C020D	ENT_39FD4F1C400CEA5C020D	target_d001	LAB_MEASUREMENT	U-mAlb/Cr	false	medical_kg_gold				target	1		false
t::d001::ENT_3A0A3351B16ADEE4667A	ENT_3A0A3351B16ADEE4667A	target_d001	LIFESTYLE_FACTOR	lack of exercise	false	medical_kg_gold				target	1		false
t::d001::ENT_3A12309C3CC8625CF7F5	ENT_3A12309C3CC8625CF7F5	target_d001	GENE	PvuⅡ多型性	false	medical_kg_gold				target	1		false
t::d001::ENT_3A128FF15C3F0116A41D	ENT_3A128FF15C3F0116A41D	target_d001	PROCEDURE	Self-monitoring of blood glucose	false	medical_kg_gold				target	1		false
t::d001::ENT_3A234B5C4660A117C125	ENT_3A234B5C4660A117C125	target_d001	RISK_FACTOR	Earlier age at menarche	false	medical_kg_gold				target	1		false
t::d001::ENT_3A3820E2BBC022282C4E	ENT_3A3820E2BBC022282C4E	target_d001	LAB_MEASUREMENT	serum level of sCD40L	false	medical_kg_gold				target	1		false
t::d001::ENT_3A4F39AB718187FB508A	ENT_3A4F39AB718187FB508A	target_d001	PHENOTYPE	primary multiplicity	false	medical_kg_gold				target	1		false
t::d001::ENT_3A54F7871206CF6938A0	ENT_3A54F7871206CF6938A0	target_d001	BIOMARKER	NETs concentration	false	medical_kg_gold				target	1		false
t::d001::ENT_3A6426C10D793AB02549	ENT_3A6426C10D793AB02549	target_d001	OTHER	insoluble, fibrillar aggregates	false	medical_kg_gold				target	1		false
t::d001::ENT_3A65F110843E64A073CB	ENT_3A65F110843E64A073CB	target_d001	RISK_FACTOR	smoking	false	medical_kg_gold				target	1		false
t::d001::ENT_3A8B50F412D500BE5B8A	ENT_3A8B50F412D500BE5B8A	target_d001	PHENOTYPE	chronische Entzündung	false	medical_kg_gold				target	1		false
t::d001::ENT_3AA7A8F95BEF99BC6DCE	ENT_3AA7A8F95BEF99BC6DCE	target_d001	OTHER	482Ser allele	false	medical_kg_gold				target	1		false
t::d001::ENT_3AADBF377ADD08EAD55C	ENT_3AADBF377ADD08EAD55C	target_d001	GENE	GCKR-P446L polymorphism	false	medical_kg_gold				target	1		false
t::d001::ENT_3AB2754A096511790A67	ENT_3AB2754A096511790A67	target_d001	TREATMENT	Glimepiride combined with insulin	false	medical_kg_gold				target	1		false
t::d001::ENT_3AD32A0F8543259888A2	ENT_3AD32A0F8543259888A2	target_d001	CELL	DC	false	medical_kg_gold				target	1		false
t::d001::ENT_3AD5B817A464CD062066	ENT_3AD5B817A464CD062066	target_d001	OTHER	prostate	false	medical_kg_gold				target	1		false
t::d001::ENT_3AFD6AF9FCF47A522EA8	ENT_3AFD6AF9FCF47A522EA8	target_d001	BIOMARKER	urinary NAG activity	false	medical_kg_gold				target	1		false
t::d001::ENT_3B018221FA3800D2359B	ENT_3B018221FA3800D2359B	target_d001	LAB_MEASUREMENT	serum apelin level	false	medical_kg_gold				target	1		false
t::d001::ENT_3B070C0C2FAA8C88CDDD	ENT_3B070C0C2FAA8C88CDDD	target_d001	INTERVENTION	high-carbonhydrate-fat feeds and combined with an intraperitoneal injection of streptozotocin	false	medical_kg_gold				target	1		false
t::d001::ENT_3B0E2A867FBCE5433718	ENT_3B0E2A867FBCE5433718	target_d001	METABOLITE	ox-LDL	false	medical_kg_gold				target	1		false
t::d001::ENT_3B1854882DA339B58F6F	ENT_3B1854882DA339B58F6F	target_d001	DISEASE	mitral regurgitation	false	medical_kg_gold				target	1		false
t::d001::ENT_3B274D2E30CED493F91E	ENT_3B274D2E30CED493F91E	target_d001	BEHAVIOR	alcohol and beverage consumption	false	medical_kg_gold				target	1		false
t::d001::ENT_3B296B2572C4D5AAD0EC	ENT_3B296B2572C4D5AAD0EC	target_d001	PHENOTYPE	mixed plaques	false	medical_kg_gold				target	1		false
t::d001::ENT_3B405498D91FCFB409D5	ENT_3B405498D91FCFB409D5	target_d001	OTHER	increased food availability	false	medical_kg_gold				target	1		false
t::d001::ENT_3B503334AE84B7B5F57D	ENT_3B503334AE84B7B5F57D	target_d001	DISEASE	osteoporotic fracture	false	medical_kg_gold				target	1		false
t::d001::ENT_3B5217486A2A58982F19	ENT_3B5217486A2A58982F19	target_d001	CELL	B cells	false	medical_kg_gold				target	1		false
t::d001::ENT_3B569366D3918CED5BD2	ENT_3B569366D3918CED5BD2	target_d001	OTHER	SNP276 in adiponectin gene	false	medical_kg_gold				target	1		false
t::d001::ENT_3B5B1CA6C93457A53F16	ENT_3B5B1CA6C93457A53F16	target_d001	OTHER	gram-negative bacilli	false	medical_kg_gold				target	1		false
t::d001::ENT_3B5EE932553387C51ED0	ENT_3B5EE932553387C51ED0	target_d001	PROTEIN	plasma insulin-like growth factor-1 level	false	medical_kg_gold				target	1		false
t::d001::ENT_3B6804F8CBDA0554E473	ENT_3B6804F8CBDA0554E473	target_d001	PHENOTYPE	subtle physiological changes in the vocal apparatus	false	medical_kg_gold				target	1		false
t::d001::ENT_3B78A619E4E0932B6D30	ENT_3B78A619E4E0932B6D30	target_d001	DISEASE	posterior capsular opacification	false	medical_kg_gold				target	1		false
t::d001::ENT_3B7D3DF5595FDFB7B518	ENT_3B7D3DF5595FDFB7B518	target_d001	BIOMARKER	total antioxidant capacity(TAOC)	false	medical_kg_gold				target	1		false
t::d001::ENT_3B7F68EFE657610CE4F7	ENT_3B7F68EFE657610CE4F7	target_d001	LAB_MEASUREMENT	plasma CRP concentration	false	medical_kg_gold				target	1		false
t::d001::ENT_3B84A0C0426EB47A5F0C	ENT_3B84A0C0426EB47A5F0C	target_d001	PHYSIOLOGICAL_PROCESS	low immunity	false	medical_kg_gold				target	1		false
t::d001::ENT_3B84E0553DF5A8EAB12C	ENT_3B84E0553DF5A8EAB12C	target_d001	LAB_MEASUREMENT	total time of plasma glucose≥7.8 mmol/L	false	medical_kg_gold				target	1		false
t::d001::ENT_3B851F9B96A6145227CA	ENT_3B851F9B96A6145227CA	target_d001	PHYSIOLOGICAL_PROCESS	transfigurable ability of RBC	false	medical_kg_gold				target	1		false
t::d001::ENT_3B8721BA334B4FF67EC0	ENT_3B8721BA334B4FF67EC0	target_d001	GENE	PvuII and XbaI polymorphisms	false	medical_kg_gold				target	1		false
t::d001::ENT_3B87A5EB25404D1998EC	ENT_3B87A5EB25404D1998EC	target_d001	BIOMARKER	Ap40	false	medical_kg_gold				target	1		false
t::d001::ENT_3B88E56A7D92E53E6CDA	ENT_3B88E56A7D92E53E6CDA	target_d001	PHENOTYPE	Coronary lesions	false	medical_kg_gold				target	1		false
t::d001::ENT_3B8CFE747F084707EF0D	ENT_3B8CFE747F084707EF0D	target_d001	LAB_MEASUREMENT	LAVImin	false	medical_kg_gold				target	1		false
t::d001::ENT_3B9928F30B276A9BC903	ENT_3B9928F30B276A9BC903	target_d001	PATHWAY	IKK /NF-κB signaling pathway	false	medical_kg_gold				target	1		false
t::d001::ENT_3B99DE38CD6DAC0BEECD	ENT_3B99DE38CD6DAC0BEECD	target_d001	PHENOTYPE	oxidant–antioxidant imbalances	false	medical_kg_gold				target	1		false
t::d001::ENT_3B9CCFEDF16E5918284D	ENT_3B9CCFEDF16E5918284D	target_d001	BIOLOGICAL_PROCESS	MTvIP system	false	medical_kg_gold				target	1		false
t::d001::ENT_3BACD36E23C005C2810C	ENT_3BACD36E23C005C2810C	target_d001	RISK_FACTOR	aging	false	medical_kg_gold				target	1		false
t::d001::ENT_3BB0F9F3F12A69F56730	ENT_3BB0F9F3F12A69F56730	target_d001	CLINICAL_OUTCOME	limb loss	false	medical_kg_gold				target	1		false
t::d001::ENT_3BB369580A881398BEF6	ENT_3BB369580A881398BEF6	target_d001	LAB_MEASUREMENT	lower ABI	false	medical_kg_gold				target	1		false
t::d001::ENT_3BB6692C7153BFC00850	ENT_3BB6692C7153BFC00850	target_d001	LAB_MEASUREMENT	luteinizing hormone(LH)	false	medical_kg_gold				target	1		false
t::d001::ENT_3BD99A63620B44A894B3	ENT_3BD99A63620B44A894B3	target_d001	LAB_MEASUREMENT	rate pressure product	false	medical_kg_gold				target	1		false
t::d001::ENT_3BDC462DD0EAA48AE86A	ENT_3BDC462DD0EAA48AE86A	target_d001	LAB_MEASUREMENT	LH	false	medical_kg_gold				target	1		false
t::d001::ENT_3BE24CC36D01A7924208	ENT_3BE24CC36D01A7924208	target_d001	POPULATION	women with gestational diabetes mellitus (GDM)	false	medical_kg_gold				target	1		false
t::d001::ENT_3BE52CA6B0088C6185F4	ENT_3BE52CA6B0088C6185F4	target_d001	PROTEIN	serum IGF-1	false	medical_kg_gold				target	1		false
t::d001::ENT_3BE6895FAD92B407A5E6	ENT_3BE6895FAD92B407A5E6	target_d001	BIOMARKER	PvuII	false	medical_kg_gold				target	1		false
t::d001::ENT_3BEB3F8D16FF6C571822	ENT_3BEB3F8D16FF6C571822	target_d001	LAB_MEASUREMENT	central corneal thickness	false	medical_kg_gold				target	1		false
t::d001::ENT_3BEBB03C2CE74DF98D7F	ENT_3BEBB03C2CE74DF98D7F	target_d001	PHYSIOLOGICAL_PROCESS	Progressive decrease in the weight and functional reserve of β-cells	false	medical_kg_gold				target	1		false
t::d001::ENT_3C030E84A51D78719C28	ENT_3C030E84A51D78719C28	target_d001	BIOMARKER	high-density lipoprotein(HDL-c)	false	medical_kg_gold				target	1		false
t::d001::ENT_3C03E793B42898C20B0F	ENT_3C03E793B42898C20B0F	target_d001	BIOMARKER	serum CMPF levels	false	medical_kg_gold				target	1		false
t::d001::ENT_3C1718ED71E6207400D3	ENT_3C1718ED71E6207400D3	target_d001	OTHER	genetic polymorphism of adiponectin-11 377(C/G) and +45(T/G)	false	medical_kg_gold				target	1		false
t::d001::ENT_3C1BFF075AA97AA450F8	ENT_3C1BFF075AA97AA450F8	target_d001	RISK_FACTOR	dangerous factor formed during the childhood	false	medical_kg_gold				target	1		false
t::d001::ENT_3C1C42B66160977B51FD	ENT_3C1C42B66160977B51FD	target_d001	LAB_MEASUREMENT	C-reactive protein (CRP)	false	medical_kg_gold				target	1		false
t::d001::ENT_3C23B3EB92CBA822A4B9	ENT_3C23B3EB92CBA822A4B9	target_d001	GENE	rs13062383 in SLC6A20	false	medical_kg_gold				target	1		false
t::d001::ENT_3C27D9C03D406B1C6331	ENT_3C27D9C03D406B1C6331	target_d001	ENVIRONMENTAL_EXPOSURE	passive smoking	false	medical_kg_gold				target	1		false
t::d001::ENT_3C357395A1EA8A3FD39A	ENT_3C357395A1EA8A3FD39A	target_d001	OTHER	genotypic and allic frequencies of rs2235346,rs2272831,and rs2284060 sites at PLA2G6 gene	false	medical_kg_gold				target	1		false
t::d001::ENT_3C362875ABDF55B1E76C	ENT_3C362875ABDF55B1E76C	target_d001	RISK_FACTOR	increase in body fat	false	medical_kg_gold				target	1		false
t::d001::ENT_3C37EF83C48074C6DAB0	ENT_3C37EF83C48074C6DAB0	target_d001	BIOMARKER	tartaric-resistant acid phosphatase	false	medical_kg_gold				target	1		false
t::d001::ENT_3C395A2C94FC0EBAB0B1	ENT_3C395A2C94FC0EBAB0B1	target_d001	PROTEIN	dipeptidyl peptidase-4 (DPP-4)	false	medical_kg_gold				target	1		false
t::d001::ENT_3C39F25C81AC0E0A2A06	ENT_3C39F25C81AC0E0A2A06	target_d001	PHENOTYPE	hyperviscosity	false	medical_kg_gold				target	1		false
t::d001::ENT_3C4FF9B44B747E4A0E95	ENT_3C4FF9B44B747E4A0E95	target_d001	BIOMARKER	global systolic strain rate (SRS)	false	medical_kg_gold				target	1		false
t::d001::ENT_3C6F18523078F6E07CFD	ENT_3C6F18523078F6E07CFD	target_d001	OTHER	genotype of APM1 at +45 site	false	medical_kg_gold				target	1		false
t::d001::ENT_3C97329565C6E76AB624	ENT_3C97329565C6E76AB624	target_d001	LAB_MEASUREMENT	FBG	false	medical_kg_gold				target	1		false
t::d001::ENT_3CA1293E537AC2E91443	ENT_3CA1293E537AC2E91443	target_d001	OTHER	allele 5	false	medical_kg_gold				target	1		false
t::d001::ENT_3CA526B4D4CC85AAD6B4	ENT_3CA526B4D4CC85AAD6B4	target_d001	LAB_MEASUREMENT	CVIB of the IVS and LVPW	false	medical_kg_gold				target	1		false
t::d001::ENT_3CA856E041129D7B3BFB	ENT_3CA856E041129D7B3BFB	target_d001	DRUG	Yiguanjian	false	medical_kg_gold				target	1		false
t::d001::ENT_3CA9A31981CEABAB2F80	ENT_3CA9A31981CEABAB2F80	target_d001	LAB_MEASUREMENT	endothelial dependent dilation(FMD)	false	medical_kg_gold				target	1		false
t::d001::ENT_3CAE9534ED02921D2C3F	ENT_3CAE9534ED02921D2C3F	target_d001	PHENOTYPE	visceral fat area	false	medical_kg_gold				target	1		false
t::d001::ENT_3CC71DC65D978D44CE97	ENT_3CC71DC65D978D44CE97	target_d001	DISEASE	hepatosteatosis	false	medical_kg_gold				target	1		false
t::d001::ENT_3CE097AF19E7D0F10316	ENT_3CE097AF19E7D0F10316	target_d001	PHENOTYPE	Carotid plaques	false	medical_kg_gold				target	1		false
t::d001::ENT_3CF0E2495EDCB2CD1D2D	ENT_3CF0E2495EDCB2CD1D2D	target_d001	PHYSIOLOGICAL_PROCESS	bladder function	false	medical_kg_gold				target	1		false
t::d001::ENT_3CFFA95782B7BEF807C3	ENT_3CFFA95782B7BEF807C3	target_d001	METABOLITE	fasting glucose	false	medical_kg_gold				target	1		false
t::d001::ENT_3D0405FD67FBA799679D	ENT_3D0405FD67FBA799679D	target_d001	OTHER	rs8050136 polymorphism	false	medical_kg_gold				target	1		false
t::d001::ENT_3D0E9BDD8934D33035BF	ENT_3D0E9BDD8934D33035BF	target_d001	DISEASE	obstructive CAD	false	medical_kg_gold				target	1		false
t::d001::ENT_3D208CA1563E58BE8BFF	ENT_3D208CA1563E58BE8BFF	target_d001	BIOMARKER	CAIMT	false	medical_kg_gold				target	1		false
t::d001::ENT_3D21E65221CD7CB5D15C	ENT_3D21E65221CD7CB5D15C	target_d001	LAB_MEASUREMENT	bone mineral density of L2-L4 lumbar vertebrae	false	medical_kg_gold				target	1		false
t::d001::ENT_3D2B52675A3E8B7EA0E0	ENT_3D2B52675A3E8B7EA0E0	target_d001	OTHER	aggregation of amylin	false	medical_kg_gold				target	1		false
t::d001::ENT_3D2D40B558FA065FCD13	ENT_3D2D40B558FA065FCD13	target_d001	LAB_MEASUREMENT	3-minute walk distance	false	medical_kg_gold				target	1		false
t::d001::ENT_3D31502F943941C34954	ENT_3D31502F943941C34954	target_d001	LAB_MEASUREMENT	GHbA1c	false	medical_kg_gold				target	1		false
t::d001::ENT_3D36251C1152975C7D68	ENT_3D36251C1152975C7D68	target_d001	RISK_FACTOR	combination of age ≥45 years, family history, BMI≥30kg/m 2 and hypertension	false	medical_kg_gold				target	1		false
t::d001::ENT_3D363F08B30AF5A6D5F0	ENT_3D363F08B30AF5A6D5F0	target_d001	LAB_MEASUREMENT	accelerating wave intensity (W1)	false	medical_kg_gold				target	1		false
t::d001::ENT_3D49134B4D0E1E49F988	ENT_3D49134B4D0E1E49F988	target_d001	BIOMARKER	FIB	false	medical_kg_gold				target	1		false
t::d001::ENT_3D52A060DEF3A8B81191	ENT_3D52A060DEF3A8B81191	target_d001	DISEASE	diabetic ketoacidosis	false	medical_kg_gold				target	1		false
t::d001::ENT_3D64B0AAD116511443A6	ENT_3D64B0AAD116511443A6	target_d001	METABOLITE	valine	false	medical_kg_gold				target	1		false
t::d001::ENT_3D79C6EE5A4F9E3ABCB2	ENT_3D79C6EE5A4F9E3ABCB2	target_d001	GENE	variants of melatonin receptor MT2 gene (rs1387153 and rs10830963)	false	medical_kg_gold				target	1		false
t::d001::ENT_3D7CB3407D2C4802CD6E	ENT_3D7CB3407D2C4802CD6E	target_d001	PROTEIN	β2-M	false	medical_kg_gold				target	1		false
t::d001::ENT_3D92AC5AF941D9F92AAB	ENT_3D92AC5AF941D9F92AAB	target_d001	COMPOUND	FMP	false	medical_kg_gold				target	1		false
t::d001::ENT_3D95FCD9A82971F6AC90	ENT_3D95FCD9A82971F6AC90	target_d001	RISK_FACTOR	diabetes mellitus family history	false	medical_kg_gold				target	1		false
t::d001::ENT_3DA5125FD37E1CF01075	ENT_3DA5125FD37E1CF01075	target_d001	PROTEIN	GPR81	false	medical_kg_gold				target	1		false
t::d001::ENT_3DB1BCC5FA16CECDACBB	ENT_3DB1BCC5FA16CECDACBB	target_d001	BIOLOGICAL_PROCESS	cholesterol efflux	false	medical_kg_gold				target	1		false
t::d001::ENT_3DCBAD9BD89F9A273192	ENT_3DCBAD9BD89F9A273192	target_d001	OTHER	extension scores	false	medical_kg_gold				target	1		false
t::d001::ENT_3DCD0D869B1453FDEA32	ENT_3DCD0D869B1453FDEA32	target_d001	PROTEIN	serum CETP	false	medical_kg_gold				target	1		false
t::d001::ENT_3DCE626DECFC628FF7E1	ENT_3DCE626DECFC628FF7E1	target_d001	DISEASE	bone fracture	false	medical_kg_gold				target	1		false
t::d001::ENT_3DCE91755455B72F2A6F	ENT_3DCE91755455B72F2A6F	target_d001	PHYSIOLOGICAL_PROCESS	fast component of Ito recovery from inactivation	false	medical_kg_gold				target	1		false
t::d001::ENT_3DE0544D9C84569DD6E8	ENT_3DE0544D9C84569DD6E8	target_d001	DISEASE	ventricular arrhythmias	false	medical_kg_gold				target	1		false
t::d001::ENT_3E0A0ABDC3195FA8821E	ENT_3E0A0ABDC3195FA8821E	target_d001	METABOLITE	TG	false	medical_kg_gold				target	1		false
t::d001::ENT_3E0DC6134E886C4FE753	ENT_3E0DC6134E886C4FE753	target_d001	DISEASE	malignancy	false	medical_kg_gold				target	1		false
t::d001::ENT_3E191CFDEA4FDE105E37	ENT_3E191CFDEA4FDE105E37	target_d001	DRUG	metformin and gliclazide	false	medical_kg_gold				target	1		false
t::d001::ENT_3E35AC7A9438CBF63796	ENT_3E35AC7A9438CBF63796	target_d001	LAB_MEASUREMENT	PON1 activity	false	medical_kg_gold				target	1		false
t::d001::ENT_3E374A6F0FD5CDD27513	ENT_3E374A6F0FD5CDD27513	target_d001	BIOMARKER	acylation stimulating protein level	false	medical_kg_gold				target	1		false
t::d001::ENT_3E4688AB124D044F005B	ENT_3E4688AB124D044F005B	target_d001	RISK_FACTOR	modifiable risk factors	false	medical_kg_gold				target	1		false
t::d001::ENT_3E517E2543C54FA9510E	ENT_3E517E2543C54FA9510E	target_d001	PHYSIOLOGICAL_PROCESS	intrauterine adaptations to fetal malnutrition	false	medical_kg_gold				target	1		false
t::d001::ENT_3E563875F2FF97F0AA83	ENT_3E563875F2FF97F0AA83	target_d001	GENE	TCF7L2 polymorphism	false	medical_kg_gold				target	1		false
t::d001::ENT_3E5F7803E160EF82CFCC	ENT_3E5F7803E160EF82CFCC	target_d001	BIOMARKER	serum ApoA5 level	false	medical_kg_gold				target	1		false
t::d001::ENT_3E63E348D8117A5E6267	ENT_3E63E348D8117A5E6267	target_d001	PROTEIN	progranulin	false	medical_kg_gold				target	1		false
t::d001::ENT_3E656EFBE2B3679B6145	ENT_3E656EFBE2B3679B6145	target_d001	TREATMENT	integrated traditional Chinese and Western medicine treatment	false	medical_kg_gold				target	1		false
t::d001::ENT_3E69F96585C39FF6E8B2	ENT_3E69F96585C39FF6E8B2	target_d001	LIFESTYLE_FACTOR	physical activity	false	medical_kg_gold				target	1		false
t::d001::ENT_3E6A3F6FB6C7D42C6518	ENT_3E6A3F6FB6C7D42C6518	target_d001	OTHER	FOXO3A rs2802288(G)	false	medical_kg_gold				target	1		false
t::d001::ENT_3E6B9D47478649EF369B	ENT_3E6B9D47478649EF369B	target_d001	OTHER	impaired insulin secretion or action	false	medical_kg_gold				target	1		false
t::d001::ENT_3E71DDD2489C2E24D6D6	ENT_3E71DDD2489C2E24D6D6	target_d001	RISK_FACTOR	WHtR	false	medical_kg_gold				target	1		false
t::d001::ENT_3E7A5142EDA5F039C456	ENT_3E7A5142EDA5F039C456	target_d001	OTHER	Shaoyang	false	medical_kg_gold				target	1		false
t::d001::ENT_3E7EFA6767A1F5C4BF2E	ENT_3E7EFA6767A1F5C4BF2E	target_d001	GENE	HNF-4α	false	medical_kg_gold				target	1		false
t::d001::ENT_3E880A4CFB6840AB666E	ENT_3E880A4CFB6840AB666E	target_d001	PHYSIOLOGICAL_PROCESS	LV peak systolic global torsion	false	medical_kg_gold				target	1		false
t::d001::ENT_3E88CAA3A89F304AA321	ENT_3E88CAA3A89F304AA321	target_d001	GENE	RPTOR	false	medical_kg_gold				target	1		false
t::d001::ENT_3E9413A3DBB268C705B2	ENT_3E9413A3DBB268C705B2	target_d001	POPULATION	African Americans	false	medical_kg_gold				target	1		false
t::d001::ENT_3E9619307451A394CBD8	ENT_3E9619307451A394CBD8	target_d001	LAB_MEASUREMENT	erythrocyte sedimentation rate	false	medical_kg_gold				target	1		false
t::d001::ENT_3E9AEDEE974ABE86132C	ENT_3E9AEDEE974ABE86132C	target_d001	PROTEIN	Adenosine deaminase	false	medical_kg_gold				target	1		false
t::d001::ENT_3EB116AF58787FF40487	ENT_3EB116AF58787FF40487	target_d001	DRUG	nateglinide	false	medical_kg_gold				target	1		false
t::d001::ENT_3EB3B2CF6FC316DF8AC5	ENT_3EB3B2CF6FC316DF8AC5	target_d001	BIOLOGICAL_PROCESS	aging	false	medical_kg_gold				target	1		false
t::d001::ENT_3EBDDE94C4AEC85D54BF	ENT_3EBDDE94C4AEC85D54BF	target_d001	PATHWAY	insufficient GR signaling	false	medical_kg_gold				target	1		false
t::d001::ENT_3EC05AC25B0D372879EF	ENT_3EC05AC25B0D372879EF	target_d001	PHYSIOLOGICAL_PROCESS	impaired insulin secretion	false	medical_kg_gold				target	1		false
t::d001::ENT_3EC8E5C068BBFCB801FC	ENT_3EC8E5C068BBFCB801FC	target_d001	PROTEIN	serum IL-8	false	medical_kg_gold				target	1		false
t::d001::ENT_3ECBD44A93F655C15A18	ENT_3ECBD44A93F655C15A18	target_d001	OTHER	low density lipoprotein(LDL)	false	medical_kg_gold				target	1		false
t::d001::ENT_3EE4F4A2B9E8DD9E3332	ENT_3EE4F4A2B9E8DD9E3332	target_d001	DRUG	troglitazone	false	medical_kg_gold				target	1		false
t::d001::ENT_3EFB03837B717BBAC879	ENT_3EFB03837B717BBAC879	target_d001	PROTEIN	Serum hs CRP	false	medical_kg_gold				target	1		false
t::d001::ENT_3F051E5FF9594494E0EC	ENT_3F051E5FF9594494E0EC	target_d001	LAB_MEASUREMENT	HRV indexes	false	medical_kg_gold				target	1		false
t::d001::ENT_3F063B15C18F064B6F31	ENT_3F063B15C18F064B6F31	target_d001	RISK_FACTOR	anthropometric index	false	medical_kg_gold				target	1		false
t::d001::ENT_3F3D109CE615E1D8EC0C	ENT_3F3D109CE615E1D8EC0C	target_d001	GENE	rs1113132 polymorphism	false	medical_kg_gold				target	1		false
t::d001::ENT_3F3EDE4705C5CB6C9261	ENT_3F3EDE4705C5CB6C9261	target_d001	PHENOTYPE	decreasing cognitive function	false	medical_kg_gold				target	1		false
t::d001::ENT_3F45728C3094E9468E33	ENT_3F45728C3094E9468E33	target_d001	LAB_MEASUREMENT	high blood glucose	false	medical_kg_gold				target	1		false
t::d001::ENT_3F49DC02165171D04AB7	ENT_3F49DC02165171D04AB7	target_d001	DISEASE	triple vessel disease	false	medical_kg_gold				target	1		false
t::d001::ENT_3F51F6FDD7C99EEF8128	ENT_3F51F6FDD7C99EEF8128	target_d001	OTHER	rs2268573, rs2300587, rs2268569 and rs1476891	false	medical_kg_gold				target	1		false
t::d001::ENT_3F5C75A3113385E10360	ENT_3F5C75A3113385E10360	target_d001	OTHER	peripheral insulin resistance and β-cell dysfunction	false	medical_kg_gold				target	1		false
t::d001::ENT_3F5F7A5636D874505C43	ENT_3F5F7A5636D874505C43	target_d001	TREATMENT	inadequate combination therapy with typical and atypical antipsychotic drugs	false	medical_kg_gold				target	1		false
t::d001::ENT_3F62F66240473EC17562	ENT_3F62F66240473EC17562	target_d001	BIOMARKER	glutamic acid decarboxyase antibody	false	medical_kg_gold				target	1		false
t::d001::ENT_3F7F14B4526426AA753A	ENT_3F7F14B4526426AA753A	target_d001	TREATMENT	beraprost sodium combined with methylcobalamin	false	medical_kg_gold				target	1		false
t::d001::ENT_3F8656517C641F67820F	ENT_3F8656517C641F67820F	target_d001	LAB_MEASUREMENT	total antioxidant capacity of serum	false	medical_kg_gold				target	1		false
t::d001::ENT_3F8A5027B5EFE949C9A9	ENT_3F8A5027B5EFE949C9A9	target_d001	GENE	S20G mutation of amylin gene	false	medical_kg_gold				target	1		false
t::d001::ENT_3F8F178B3885BC929399	ENT_3F8F178B3885BC929399	target_d001	PHENOTYPE	hypozincaemia	false	medical_kg_gold				target	1		false
t::d001::ENT_3F9BBFE1738EC4C05139	ENT_3F9BBFE1738EC4C05139	target_d001	PROCEDURE	need for extracorporeal correction of hemostasis	false	medical_kg_gold				target	1		false
t::d001::ENT_3FA71A090848FA92BBB9	ENT_3FA71A090848FA92BBB9	target_d001	LIFESTYLE_FACTOR	irregular meal patterns	false	medical_kg_gold				target	1		false
t::d001::ENT_3FB2DD035F998284D30E	ENT_3FB2DD035F998284D30E	target_d001	DRUG	DEAE-dextran	false	medical_kg_gold				target	1		false
t::d001::ENT_3FC353278CEDA3A007A9	ENT_3FC353278CEDA3A007A9	target_d001	OTHER	polymorphisms in the potassium voltage-gated channel,KQT-like subfamily,member 1 (KCNQ1) gene	false	medical_kg_gold				target	1		false
t::d001::ENT_3FC409A27773D6755578	ENT_3FC409A27773D6755578	target_d001	GENE	Adiponectin gene G/G genotype	false	medical_kg_gold				target	1		false
t::d001::ENT_3FD3A123AD427602AE68	ENT_3FD3A123AD427602AE68	target_d001	PHYSIOLOGICAL_PROCESS	spontaneous brain activity	false	medical_kg_gold				target	1		false
t::d001::ENT_3FD4BD42CF8ADA2909FE	ENT_3FD4BD42CF8ADA2909FE	target_d001	METABOLITE	reduced glutathione hormone	false	medical_kg_gold				target	1		false
t::d001::ENT_3FF47488A38D64C41C34	ENT_3FF47488A38D64C41C34	target_d001	LAB_MEASUREMENT	Ccr	false	medical_kg_gold				target	1		false
t::d001::ENT_400C0278AF3EAD3D6531	ENT_400C0278AF3EAD3D6531	target_d001	PHENOTYPE	qi and yin deficiency	false	medical_kg_gold				target	1		false
t::d001::ENT_40121E5F6FB51E0CF51F	ENT_40121E5F6FB51E0CF51F	target_d001	METABOLITE	high triglycerides	false	medical_kg_gold				target	1		false
t::d001::ENT_4020283FE0EE92EC86DF	ENT_4020283FE0EE92EC86DF	target_d001	LAB_MEASUREMENT	SDBG	false	medical_kg_gold				target	1		false
t::d001::ENT_4031E330FE7E1ABD1ED2	ENT_4031E330FE7E1ABD1ED2	target_d001	BIOMARKER	Anti-GAD antibodies	false	medical_kg_gold				target	1		false
t::d001::ENT_4037C607EA2A89515EE9	ENT_4037C607EA2A89515EE9	target_d001	OTHER	coronary risk equivalent	false	medical_kg_gold				target	1		false
t::d001::ENT_403DA6E86DC1982E7BF3	ENT_403DA6E86DC1982E7BF3	target_d001	BIOMARKER	AGEs level	false	medical_kg_gold				target	1		false
t::d001::ENT_406400FBB4F9D747CA0C	ENT_406400FBB4F9D747CA0C	target_d001	PROTEIN	fasting serum insulin	false	medical_kg_gold				target	1		false
t::d001::ENT_4070F8482B05F0327E9B	ENT_4070F8482B05F0327E9B	target_d001	BIOMARKER	plasma S100A12 concentration	false	medical_kg_gold				target	1		false
t::d001::ENT_407D6ACC6F31792977C6	ENT_407D6ACC6F31792977C6	target_d001	PROTEIN	plasma esRAGE	false	medical_kg_gold				target	1		false
t::d001::ENT_40941149D4CCF9F683E7	ENT_40941149D4CCF9F683E7	target_d001	TREATMENT	eradication therapy	false	medical_kg_gold				target	1		false
t::d001::ENT_4094EDB9709296E95531	ENT_4094EDB9709296E95531	target_d001	PHENOTYPE	insulin resistance of islet α cell	false	medical_kg_gold				target	1		false
t::d001::ENT_409A4F0A83B968034A4F	ENT_409A4F0A83B968034A4F	target_d001	OTHER	polymorphism rs10885122G>T in ADRA2A gene	false	medical_kg_gold				target	1		false
t::d001::ENT_40A4742C3B5B799A9583	ENT_40A4742C3B5B799A9583	target_d001	LAB_MEASUREMENT	clock drawing test	false	medical_kg_gold				target	1		false
t::d001::ENT_40C5C8B4E879249DC6E8	ENT_40C5C8B4E879249DC6E8	target_d001	PHENOTYPE	antioxidant ability	false	medical_kg_gold				target	1		false
t::d001::ENT_40C5C9A254238EBCEBB1	ENT_40C5C9A254238EBCEBB1	target_d001	CLINICAL_OUTCOME	periodontal destruction	false	medical_kg_gold				target	1		false
t::d001::ENT_40D238BF9B5077E48480	ENT_40D238BF9B5077E48480	target_d001	POPULATION	children and adolescents	false	medical_kg_gold				target	1		false
t::d001::ENT_40E85A986D3F183CE9AA	ENT_40E85A986D3F183CE9AA	target_d001	METABOLITE	saturated fatty acids(SFA)	false	medical_kg_gold				target	1		false
t::d001::ENT_40EB46CF8EEF051E84DD	ENT_40EB46CF8EEF051E84DD	target_d001	OTHER	VCS parameters of leukocyte	false	medical_kg_gold				target	1		false
t::d001::ENT_40FA5DE6A0810E7DD9D1	ENT_40FA5DE6A0810E7DD9D1	target_d001	PHENOTYPE	moderate hyperglycemia	false	medical_kg_gold				target	1		false
t::d001::ENT_410046D510645FB1F7E5	ENT_410046D510645FB1F7E5	target_d001	BIOMARKER	serum ghrelin level	false	medical_kg_gold				target	1		false
t::d001::ENT_4101E3E18A5A4F2A0A1D	ENT_4101E3E18A5A4F2A0A1D	target_d001	PROTEIN	PTP	false	medical_kg_gold				target	1		false
t::d001::ENT_41063BB6990890D95DB1	ENT_41063BB6990890D95DB1	target_d001	LAB_MEASUREMENT	serum total antioxidant capacity	false	medical_kg_gold				target	1		false
t::d001::ENT_410F216698880D3C5453	ENT_410F216698880D3C5453	target_d001	METABOLITE	15-keto-dihydro-PGF2α	false	medical_kg_gold				target	1		false
t::d001::ENT_4110175936883122C90B	ENT_4110175936883122C90B	target_d001	PHENOTYPE	renal dysfunction	false	medical_kg_gold				target	1		false
t::d001::ENT_4119B456808B6B698B17	ENT_4119B456808B6B698B17	target_d001	PROTEIN	eNOS	false	medical_kg_gold				target	1		false
t::d001::ENT_413787E76A76133E88A7	ENT_413787E76A76133E88A7	target_d001	BIOLOGICAL_PROCESS	defective insulin secretion	false	medical_kg_gold				target	1		false
t::d001::ENT_4140545C7BFCF0586398	ENT_4140545C7BFCF0586398	target_d001	OTHER	Lachnospira	false	medical_kg_gold				target	1		false
t::d001::ENT_4141D1C7F410DFE1A0F9	ENT_4141D1C7F410DFE1A0F9	target_d001	GENE	HLA-DQA1*0104	false	medical_kg_gold				target	1		false
t::d001::ENT_414D07E333D641B5C0F2	ENT_414D07E333D641B5C0F2	target_d001	METABOLITE	plasma choline	false	medical_kg_gold				target	1		false
t::d001::ENT_415F413BBFF52468CDD3	ENT_415F413BBFF52468CDD3	target_d001	TREATMENT	Yiqiyangyin decoction combined with Metformin	false	medical_kg_gold				target	1		false
t::d001::ENT_4165FB57D938BB850AE8	ENT_4165FB57D938BB850AE8	target_d001	PHYSIOLOGICAL_PROCESS	hepatogenous insulin resistance	false	medical_kg_gold				target	1		false
t::d001::ENT_416EE5E5B117DAC9624A	ENT_416EE5E5B117DAC9624A	target_d001	RISK_FACTOR	greater than or equal to 55 years of age	false	medical_kg_gold				target	1		false
t::d001::ENT_418B553BD72AB17DCAD5	ENT_418B553BD72AB17DCAD5	target_d001	OTHER	NO / ET- 1 ratio	false	medical_kg_gold				target	1		false
t::d001::ENT_418DDC08140C3EA1C8AD	ENT_418DDC08140C3EA1C8AD	target_d001	METABOLITE	MUFA	false	medical_kg_gold				target	1		false
t::d001::ENT_41A79F311C9DB7EFBF71	ENT_41A79F311C9DB7EFBF71	target_d001	BEHAVIOR	smoking	false	medical_kg_gold				target	1		false
t::d001::ENT_41AC3C590F0F664A961F	ENT_41AC3C590F0F664A961F	target_d001	DIET	eating green flesh vegetables	false	medical_kg_gold				target	1		false
t::d001::ENT_41AEAB1904BDC7F6277E	ENT_41AEAB1904BDC7F6277E	target_d001	LAB_MEASUREMENT	Lp(a) level	false	medical_kg_gold				target	1		false
t::d001::ENT_41C375DDABF2356B6A36	ENT_41C375DDABF2356B6A36	target_d001	COMPOUND	glutathione	false	medical_kg_gold				target	1		false
t::d001::ENT_41C560DA62F40B2A2F1E	ENT_41C560DA62F40B2A2F1E	target_d001	PROTEIN	serum retinol-binding protein 4	false	medical_kg_gold				target	1		false
t::d001::ENT_41CDF31D0D40114C8FB1	ENT_41CDF31D0D40114C8FB1	target_d001	PROTEIN	FABP4	false	medical_kg_gold				target	1		false
t::d001::ENT_41D3048A9921030DABEE	ENT_41D3048A9921030DABEE	target_d001	PHENOTYPE	hypercoagulable state	false	medical_kg_gold				target	1		false
t::d001::ENT_41DEEC0A881F1FE3FDA0	ENT_41DEEC0A881F1FE3FDA0	target_d001	EXERCISE	regular walking	false	medical_kg_gold				target	1		false
t::d001::ENT_41F2AB18355033E13DCC	ENT_41F2AB18355033E13DCC	target_d001	DISEASE	urinary system infections	false	medical_kg_gold				target	1		false
t::d001::ENT_41FDAEC956190B1C3FF1	ENT_41FDAEC956190B1C3FF1	target_d001	GENE	IL-6 gene 572GG genotype	false	medical_kg_gold				target	1		false
t::d001::ENT_42078685C32796D3F3DD	ENT_42078685C32796D3F3DD	target_d001	TREATMENT	EA	false	medical_kg_gold				target	1		false
t::d001::ENT_4207A1B719722CD9C1DD	ENT_4207A1B719722CD9C1DD	target_d001	DRUG	maltose injection	false	medical_kg_gold				target	1		false
t::d001::ENT_42260D4C1EB58252D52D	ENT_42260D4C1EB58252D52D	target_d001	DRUG	NPH insulin	false	medical_kg_gold				target	1		false
t::d001::ENT_422EAFCECADAA32E7FF0	ENT_422EAFCECADAA32E7FF0	target_d001	OTHER	olfactory threshold score	false	medical_kg_gold				target	1		false
t::d001::ENT_4233951AF824ACD0F8AD	ENT_4233951AF824ACD0F8AD	target_d001	PHENOTYPE	changes in intima-media of dorsal artery of foot	false	medical_kg_gold				target	1		false
t::d001::ENT_4236B104F613055D4D3A	ENT_4236B104F613055D4D3A	target_d001	NUTRIENT	protein	false	medical_kg_gold				target	1		false
t::d001::ENT_423EE480CAAA16BE4DB3	ENT_423EE480CAAA16BE4DB3	target_d001	DISEASE	Diabetic dyslipidemia	false	medical_kg_gold				target	1		false
t::d001::ENT_42402EA34C48C3C9E4EA	ENT_42402EA34C48C3C9E4EA	target_d001	PROTEIN	C Ⅳ	false	medical_kg_gold				target	1		false
t::d001::ENT_424DA0BA7AF3FADAAF3C	ENT_424DA0BA7AF3FADAAF3C	target_d001	TREATMENT	Coptis granules combined with metformin	false	medical_kg_gold				target	1		false
t::d001::ENT_427092AA3CF393E29D68	ENT_427092AA3CF393E29D68	target_d001	PHENOTYPE	tumor staging	false	medical_kg_gold				target	1		false
t::d001::ENT_427EE99EC63EAC42DD91	ENT_427EE99EC63EAC42DD91	target_d001	GENE	CD14 promoter gene C-159T polymorphsim	false	medical_kg_gold				target	1		false
t::d001::ENT_428E36E89DAD0EA19322	ENT_428E36E89DAD0EA19322	target_d001	METABOLITE	methane dicarboxylic aldehyde (MDA)	false	medical_kg_gold				target	1		false
t::d001::ENT_42911DEC92F89B5E6877	ENT_42911DEC92F89B5E6877	target_d001	GENE	HLA-A33	false	medical_kg_gold				target	1		false
t::d001::ENT_4294E0E6F3CCDC5633DA	ENT_4294E0E6F3CCDC5633DA	target_d001	PHENOTYPE	Amyloid formation	false	medical_kg_gold				target	1		false
t::d001::ENT_42BCA436422F34D07AA2	ENT_42BCA436422F34D07AA2	target_d001	GENE	IRS-2	false	medical_kg_gold				target	1		false
t::d001::ENT_42BFCE7DB54B6A1A8B06	ENT_42BFCE7DB54B6A1A8B06	target_d001	BIOMARKER	BUA	false	medical_kg_gold				target	1		false
t::d001::ENT_42E2F895636A841B24B2	ENT_42E2F895636A841B24B2	target_d001	OTHER	HO-1 mRNA	false	medical_kg_gold				target	1		false
t::d001::ENT_42EE940F6DB746E678FE	ENT_42EE940F6DB746E678FE	target_d001	RISK_FACTOR	country of birth	false	medical_kg_gold				target	1		false
t::d001::ENT_42FA33D662EDF2E47C1F	ENT_42FA33D662EDF2E47C1F	target_d001	PROTEIN	Glut-4	false	medical_kg_gold				target	1		false
t::d001::ENT_430655EF0B27E8236166	ENT_430655EF0B27E8236166	target_d001	BIOMARKER	ET-1	false	medical_kg_gold				target	1		false
t::d001::ENT_43094F24FC72B51BBC26	ENT_43094F24FC72B51BBC26	target_d001	OTHER	allele frequency T	false	medical_kg_gold				target	1		false
t::d001::ENT_431900503C913C1B5B8C	ENT_431900503C913C1B5B8C	target_d001	DISEASE	hyper-LDL cholesterolaemia	false	medical_kg_gold				target	1		false
t::d001::ENT_433C8C74084D8117AB36	ENT_433C8C74084D8117AB36	target_d001	BIOMARKER	GEP of peripheral blood leukocyte	false	medical_kg_gold				target	1		false
t::d001::ENT_433D498E0B0C832E8327	ENT_433D498E0B0C832E8327	target_d001	BIOMARKER	urinary α1 acid glycoprotein(AAG)	false	medical_kg_gold				target	1		false
t::d001::ENT_433FD3028EF9BA3A9D91	ENT_433FD3028EF9BA3A9D91	target_d001	PHYSIOLOGICAL_PROCESS	diminished insulin secretion	false	medical_kg_gold				target	1		false
t::d001::ENT_435C43F952C7D49C10B9	ENT_435C43F952C7D49C10B9	target_d001	METABOLITE	urine hydroxyproline concentrations	false	medical_kg_gold				target	1		false
t::d001::ENT_4362B38346B28E9E5B17	ENT_4362B38346B28E9E5B17	target_d001	OTHER	two variations of DBP gene	false	medical_kg_gold				target	1		false
t::d001::ENT_438BC639B5D8EBE2A73F	ENT_438BC639B5D8EBE2A73F	target_d001	DISEASE	ACI	false	medical_kg_gold				target	1		false
t::d001::ENT_43C543829194A2520C19	ENT_43C543829194A2520C19	target_d001	DISEASE	impaired glucose tolerance (IGT)	false	medical_kg_gold				target	1		false
t::d001::ENT_43D83EE9F28C918C068C	ENT_43D83EE9F28C918C068C	target_d001	INTERVENTION	sufentanil postconditioning against ischemia-reperfusion injury	false	medical_kg_gold				target	1		false
t::d001::ENT_43E117356BB830EF2A7D	ENT_43E117356BB830EF2A7D	target_d001	OTHER	optimal prediction models	false	medical_kg_gold				target	1		false
t::d001::ENT_43F59DAC9DF25C7184FD	ENT_43F59DAC9DF25C7184FD	target_d001	POPULATION	MKR mice model	false	medical_kg_gold				target	1		false
t::d001::ENT_440719176C1514E9201B	ENT_440719176C1514E9201B	target_d001	CLINICAL_OUTCOME	in-hospital complications	false	medical_kg_gold				target	1		false
t::d001::ENT_4412CBC7F56EA2640F56	ENT_4412CBC7F56EA2640F56	target_d001	TREATMENT	glipizide combined with berberine	false	medical_kg_gold				target	1		false
t::d001::ENT_441D12AA7E3453CA5A4B	ENT_441D12AA7E3453CA5A4B	target_d001	PHENOTYPE	Multiple blood vessels	false	medical_kg_gold				target	1		false
t::d001::ENT_44200DC45DC4E2B57A5A	ENT_44200DC45DC4E2B57A5A	target_d001	GENE	Pro513 allele	false	medical_kg_gold				target	1		false
t::d001::ENT_44275C6F21BD4444CEBE	ENT_44275C6F21BD4444CEBE	target_d001	DISEASE	optic nerve atrophy (ONA)	false	medical_kg_gold				target	1		false
t::d001::ENT_4441DC6A2572C7DA9B33	ENT_4441DC6A2572C7DA9B33	target_d001	PROTEIN	PAI-1	false	medical_kg_gold				target	1		false
t::d001::ENT_4447CF04018E0CA83C59	ENT_4447CF04018E0CA83C59	target_d001	LAB_MEASUREMENT	BF	false	medical_kg_gold				target	1		false
t::d001::ENT_444E84D774A4D2C07CA2	ENT_444E84D774A4D2C07CA2	target_d001	METABOLITE	total lipids	false	medical_kg_gold				target	1		false
t::d001::ENT_4456ACDB8F7945A6FC5B	ENT_4456ACDB8F7945A6FC5B	target_d001	GENE	TCF7L2	false	medical_kg_gold				target	1		false
t::d001::ENT_44859E84F0E087ED6337	ENT_44859E84F0E087ED6337	target_d001	LIFESTYLE_FACTOR	healthy diet and active lifestyle	false	medical_kg_gold				target	1		false
t::d001::ENT_4493EBBE4BD364672067	ENT_4493EBBE4BD364672067	target_d001	PROTEIN	GCF-IL-1β	false	medical_kg_gold				target	1		false
t::d001::ENT_44989C8063E7D1D8444B	ENT_44989C8063E7D1D8444B	target_d001	OTHER	mitochondrial cytochrome b gene SNPs	false	medical_kg_gold				target	1		false
t::d001::ENT_44A36E53B7D60C84ECE9	ENT_44A36E53B7D60C84ECE9	target_d001	OTHER	socio-economic level	false	medical_kg_gold				target	1		false
t::d001::ENT_44A68A3AABB997807F2F	ENT_44A68A3AABB997807F2F	target_d001	DISEASE	PCOS	false	medical_kg_gold				target	1		false
t::d001::ENT_44ACDBF7474FAD440098	ENT_44ACDBF7474FAD440098	target_d001	LAB_MEASUREMENT	AVLT-delay recall	false	medical_kg_gold				target	1		false
t::d001::ENT_44BC9B3D1B0463AC15CE	ENT_44BC9B3D1B0463AC15CE	target_d001	OTHER	GCKR polymorphism	false	medical_kg_gold				target	1		false
t::d001::ENT_44CA93DC3CE5386DEB78	ENT_44CA93DC3CE5386DEB78	target_d001	INTERVENTION	red onion prescription	false	medical_kg_gold				target	1		false
t::d001::ENT_44D41A54020E353D3E4F	ENT_44D41A54020E353D3E4F	target_d001	OTHER	H. pylori infection	false	medical_kg_gold				target	1		false
t::d001::ENT_44E03CD496C5D8E6FFB4	ENT_44E03CD496C5D8E6FFB4	target_d001	EXERCISE	more physical exercise	false	medical_kg_gold				target	1		false
t::d001::ENT_44F9A26EDFF49288036C	ENT_44F9A26EDFF49288036C	target_d001	OTHER	fecal bifidobacteria contents	false	medical_kg_gold				target	1		false
t::d001::ENT_44F9D061E1D0E9E46DB2	ENT_44F9D061E1D0E9E46DB2	target_d001	INTERVENTION	Prevention of obesity in children	false	medical_kg_gold				target	1		false
t::d001::ENT_44FE7C91FD29CB2A405A	ENT_44FE7C91FD29CB2A405A	target_d001	PHENOTYPE	higher powerful others or chance locus of control	false	medical_kg_gold				target	1		false
t::d001::ENT_45034F7F0189F72F0786	ENT_45034F7F0189F72F0786	target_d001	DISEASE	bone quality deterioration-type osteoporosis	false	medical_kg_gold				target	1		false
t::d001::ENT_45035E7B8803A61DF58D	ENT_45035E7B8803A61DF58D	target_d001	PROTEIN	G protein-coupled receptor 40	false	medical_kg_gold				target	1		false
t::d001::ENT_450C35AF8751F2FBD4C9	ENT_450C35AF8751F2FBD4C9	target_d001	BIOMARKER	APN level	false	medical_kg_gold				target	1		false
t::d001::ENT_452CC99FB23A8AC37A5C	ENT_452CC99FB23A8AC37A5C	target_d001	TREATMENT	Controlling hyperglycemia	false	medical_kg_gold				target	1		false
t::d001::ENT_45340E10820E2286C3F4	ENT_45340E10820E2286C3F4	target_d001	DRUG	Rosiglitazone Maleate Tablet	false	medical_kg_gold				target	1		false
t::d001::ENT_45512FC2E5EB4E705957	ENT_45512FC2E5EB4E705957	target_d001	LAB_MEASUREMENT	TSH level	false	medical_kg_gold				target	1		false
t::d001::ENT_458127BB45DCEDF64476	ENT_458127BB45DCEDF64476	target_d001	LAB_MEASUREMENT	TAC	false	medical_kg_gold				target	1		false
t::d001::ENT_458F9D71741DFB4D47BD	ENT_458F9D71741DFB4D47BD	target_d001	POPULATION	20-65 year old Native Americans in the Atlantic geographic area	false	medical_kg_gold				target	1		false
t::d001::ENT_45A2845B94E6388EF43D	ENT_45A2845B94E6388EF43D	target_d001	BIOMARKER	oxidative stress markers	false	medical_kg_gold				target	1		false
t::d001::ENT_45AD04FF1D8968C8A4FB	ENT_45AD04FF1D8968C8A4FB	target_d001	BIOMARKER	elevated PEDF	false	medical_kg_gold				target	1		false
t::d001::ENT_45BD9600E56C2573D444	ENT_45BD9600E56C2573D444	target_d001	PHENOTYPE	peripheral resistance to insulin	false	medical_kg_gold				target	1		false
t::d001::ENT_45CB9EE67C6D4F265996	ENT_45CB9EE67C6D4F265996	target_d001	OTHER	E23K polymorphism	false	medical_kg_gold				target	1		false
t::d001::ENT_45D1D16009F1F3F4F67C	ENT_45D1D16009F1F3F4F67C	target_d001	GENE	haplotype SNP-11377C-SNP -4522T of adiponectin gene	false	medical_kg_gold				target	1		false
t::d001::ENT_45DE2FEA00CABC2DFB74	ENT_45DE2FEA00CABC2DFB74	target_d001	LAB_MEASUREMENT	elasticity of the carotid artery	false	medical_kg_gold				target	1		false
t::d001::ENT_45E5FC2251895E128693	ENT_45E5FC2251895E128693	target_d001	PROTEIN	α1-MG	false	medical_kg_gold				target	1		false
t::d001::ENT_46140D692E93890D5904	ENT_46140D692E93890D5904	target_d001	OTHER	individualized HbA1c targets	false	medical_kg_gold				target	1		false
t::d001::ENT_46377AAE01DFD8A49859	ENT_46377AAE01DFD8A49859	target_d001	PHENOTYPE	liver function abnormalities	false	medical_kg_gold				target	1		false
t::d001::ENT_463FC71570DAD581CCF8	ENT_463FC71570DAD581CCF8	target_d001	DISEASE	ED	false	medical_kg_gold				target	1		false
t::d001::ENT_464DBDD0AEB22C551430	ENT_464DBDD0AEB22C551430	target_d001	BIOMARKER	systolic blood pressure	false	medical_kg_gold				target	1		false
t::d001::ENT_465707498E8EC74C7599	ENT_465707498E8EC74C7599	target_d001	GENE	SLC25A18 (rs1296819)	false	medical_kg_gold				target	1		false
t::d001::ENT_467203EC7193346AA7A6	ENT_467203EC7193346AA7A6	target_d001	PROTEIN	Serum adiponection level	false	medical_kg_gold				target	1		false
t::d001::ENT_467671D42E120DEB70EA	ENT_467671D42E120DEB70EA	target_d001	BIOMARKER	TNF-alpha expression	false	medical_kg_gold				target	1		false
t::d001::ENT_467771060C6553E7C71C	ENT_467771060C6553E7C71C	target_d001	GENE	CT	false	medical_kg_gold				target	1		false
t::d001::ENT_467A7648B849AEA8DD39	ENT_467A7648B849AEA8DD39	target_d001	METABOLITE	GSH	false	medical_kg_gold				target	1		false
t::d001::ENT_4692EF314287503F1A1D	ENT_4692EF314287503F1A1D	target_d001	GENE	polymorphisms of rs11155816,rs2077647 and rs9397463 on ERα gene	false	medical_kg_gold				target	1		false
t::d001::ENT_46B495C99F74EB69FFCA	ENT_46B495C99F74EB69FFCA	target_d001	DISEASE	vitamin D deficiency	false	medical_kg_gold				target	1		false
t::d001::ENT_46B49FF18B3BDFE1BDAB	ENT_46B49FF18B3BDFE1BDAB	target_d001	LAB_MEASUREMENT	serum lipid	false	medical_kg_gold				target	1		false
t::d001::ENT_46BDE7E6C78225E57578	ENT_46BDE7E6C78225E57578	target_d001	DISEASE	Hepatitis B cirrhosis	false	medical_kg_gold				target	1		false
t::d001::ENT_46BEE979E14D5A6FA681	ENT_46BEE979E14D5A6FA681	target_d001	GENE	UCP2	false	medical_kg_gold				target	1		false
t::d001::ENT_46D68FB8A55DD4CDFC7F	ENT_46D68FB8A55DD4CDFC7F	target_d001	PROCEDURE	MGB-OAGB	false	medical_kg_gold				target	1		false
t::d001::ENT_46D81DCEEC192FF7CDC8	ENT_46D81DCEEC192FF7CDC8	target_d001	DISEASE	End stage renal disease	false	medical_kg_gold				target	1		false
t::d001::ENT_46F9FA26ADF3DBCEC91E	ENT_46F9FA26ADF3DBCEC91E	target_d001	TREATMENT	general magnetic therapy	false	medical_kg_gold				target	1		false
t::d001::ENT_471C2638B4C0C42C82C4	ENT_471C2638B4C0C42C82C4	target_d001	PHENOTYPE	vitamin D deficiency	false	medical_kg_gold				target	1		false
t::d001::ENT_471E707EBCC8A39A7262	ENT_471E707EBCC8A39A7262	target_d001	LAB_MEASUREMENT	diastolic flow velocity of DPA	false	medical_kg_gold				target	1		false
t::d001::ENT_4723C84E4D60C3FB4876	ENT_4723C84E4D60C3FB4876	target_d001	OTHER	resistin mRNA	false	medical_kg_gold				target	1		false
t::d001::ENT_4732CDF9E0CCC26D7005	ENT_4732CDF9E0CCC26D7005	target_d001	BIOMARKER	adiponectin levels	false	medical_kg_gold				target	1		false
t::d001::ENT_473AB24974B4919A0412	ENT_473AB24974B4919A0412	target_d001	BIOMARKER	urine mAlb	false	medical_kg_gold				target	1		false
t::d001::ENT_4740FBA9E7CEE2B8B7F6	ENT_4740FBA9E7CEE2B8B7F6	target_d001	TREATMENT	preventing and treating cardiovascular disease completely	false	medical_kg_gold				target	1		false
t::d001::ENT_474A106F026E9B1FE8D5	ENT_474A106F026E9B1FE8D5	target_d001	DRUG	pioglitazone and metformin	false	medical_kg_gold				target	1		false
t::d001::ENT_47580D06A8D7AE31F297	ENT_47580D06A8D7AE31F297	target_d001	PROTEIN	CIEBPα	false	medical_kg_gold				target	1		false
t::d001::ENT_475A268FFF5E3ADCA2EB	ENT_475A268FFF5E3ADCA2EB	target_d001	PROTEIN	TAFI levels	false	medical_kg_gold				target	1		false
t::d001::ENT_475AE4F34D20E152B472	ENT_475AE4F34D20E152B472	target_d001	DISEASE	asthma	false	medical_kg_gold				target	1		false
t::d001::ENT_477C46CCD3786069A57A	ENT_477C46CCD3786069A57A	target_d001	DISEASE	overweight	false	medical_kg_gold				target	1		false
t::d001::ENT_47904AA50E623D3D0445	ENT_47904AA50E623D3D0445	target_d001	LAB_MEASUREMENT	fasting plasma glucose	false	medical_kg_gold				target	1		false
t::d001::ENT_479B0FA9F30BB21A2629	ENT_479B0FA9F30BB21A2629	target_d001	OTHER	Waist-to-hip ratio	false	medical_kg_gold				target	1		false
t::d001::ENT_47BF6455313FE9BCFDFA	ENT_47BF6455313FE9BCFDFA	target_d001	BIOMARKER	T	false	medical_kg_gold				target	1		false
t::d001::ENT_47C0F06C0AB40580A3EA	ENT_47C0F06C0AB40580A3EA	target_d001	LAB_MEASUREMENT	pulsatility index	false	medical_kg_gold				target	1		false
t::d001::ENT_47D09A14ABAAF828B861	ENT_47D09A14ABAAF828B861	target_d001	LAB_MEASUREMENT	NA	false	medical_kg_gold				target	1		false
t::d001::ENT_47DC534467EA3E039EB7	ENT_47DC534467EA3E039EB7	target_d001	EXERCISE	intensive physical activities	false	medical_kg_gold				target	1		false
t::d001::ENT_47E43888D95D496C98E7	ENT_47E43888D95D496C98E7	target_d001	OTHER	cardiovascular risk	false	medical_kg_gold				target	1		false
t::d001::ENT_47EA529DD14A75609017	ENT_47EA529DD14A75609017	target_d001	LAB_MEASUREMENT	CAL	false	medical_kg_gold				target	1		false
t::d001::ENT_48031536D7BB5AB553B4	ENT_48031536D7BB5AB553B4	target_d001	TREATMENT	Mitochondria-anchored drug or gene therapy	false	medical_kg_gold				target	1		false
t::d001::ENT_480939F510B5E0B514AF	ENT_480939F510B5E0B514AF	target_d001	PROCEDURE	lipid tests	false	medical_kg_gold				target	1		false
t::d001::ENT_480984F1B8875D31A207	ENT_480984F1B8875D31A207	target_d001	DISEASE	abdominal obesity	false	medical_kg_gold				target	1		false
t::d001::ENT_480F3979F0AB3CE9B1AB	ENT_480F3979F0AB3CE9B1AB	target_d001	RISK_FACTOR	Age ≥45 years	false	medical_kg_gold				target	1		false
t::d001::ENT_481585FB49602A67ADA3	ENT_481585FB49602A67ADA3	target_d001	DIET	carbohydrate consumption	false	medical_kg_gold				target	1		false
t::d001::ENT_4818514B219494D705B4	ENT_4818514B219494D705B4	target_d001	TREATMENT	supplementation of vitamin D 3	false	medical_kg_gold				target	1		false
t::d001::ENT_4818F4671A3160A83CBF	ENT_4818F4671A3160A83CBF	target_d001	EXERCISE	baseline physical activity	false	medical_kg_gold				target	1		false
t::d001::ENT_4820ED5958AB6C321B27	ENT_4820ED5958AB6C321B27	target_d001	TISSUE	great saphenous vein endothelium	false	medical_kg_gold				target	1		false
t::d001::ENT_4820F033F967AE67A45F	ENT_4820F033F967AE67A45F	target_d001	DISEASE	外周动脉疾病	false	medical_kg_gold				target	1		false
t::d001::ENT_48223B0813F1478001AB	ENT_48223B0813F1478001AB	target_d001	OTHER	D等位基因频率	false	medical_kg_gold				target	1		false
t::d001::ENT_482FD73E1ED07AD8EDBB	ENT_482FD73E1ED07AD8EDBB	target_d001	PHYSIOLOGICAL_PROCESS	renal function	false	medical_kg_gold				target	1		false
t::d001::ENT_4831102809B6DD9BCE74	ENT_4831102809B6DD9BCE74	target_d001	BIOMARKER	Plasma OP levels	false	medical_kg_gold				target	1		false
t::d001::ENT_4833750A075FACB181E4	ENT_4833750A075FACB181E4	target_d001	CELL	CD4+ lymphocytes	false	medical_kg_gold				target	1		false
t::d001::ENT_4837755871F15CFD9FBA	ENT_4837755871F15CFD9FBA	target_d001	PROTEIN	HGF	false	medical_kg_gold				target	1		false
t::d001::ENT_48393C9846C047703E1B	ENT_48393C9846C047703E1B	target_d001	PROTEIN	CHOP	false	medical_kg_gold				target	1		false
t::d001::ENT_4847BE97F6AB18EBA48E	ENT_4847BE97F6AB18EBA48E	target_d001	BIOMARKER	diastolic blood pressure	false	medical_kg_gold				target	1		false
t::d001::ENT_484A42024EF0659C703C	ENT_484A42024EF0659C703C	target_d001	OTHER	rhesus monkey	false	medical_kg_gold				target	1		false
t::d001::ENT_486914B590D464DCFEF5	ENT_486914B590D464DCFEF5	target_d001	DISEASE	opportunistic infection	false	medical_kg_gold				target	1		false
t::d001::ENT_4887D7B748525F20C2FF	ENT_4887D7B748525F20C2FF	target_d001	GENE	G- type allele	false	medical_kg_gold				target	1		false
t::d001::ENT_488A995BF4F8CF667502	ENT_488A995BF4F8CF667502	target_d001	PHENOTYPE	multicentric lesions	false	medical_kg_gold				target	1		false
t::d001::ENT_489C68173F7B5E1EC6D2	ENT_489C68173F7B5E1EC6D2	target_d001	COMPOUND	Compound 1	false	medical_kg_gold				target	1		false
t::d001::ENT_48A209FA55B74791E668	ENT_48A209FA55B74791E668	target_d001	PHENOTYPE	Low grade or subclinical inflammation	false	medical_kg_gold				target	1		false
t::d001::ENT_48B8F42913D0AF01AD28	ENT_48B8F42913D0AF01AD28	target_d001	DRUG	saxagliptin	false	medical_kg_gold				target	1		false
t::d001::ENT_48DE8FE28EC6F8F03EA3	ENT_48DE8FE28EC6F8F03EA3	target_d001	BIOMARKER	High serum leptin level	false	medical_kg_gold				target	1		false
t::d001::ENT_48E4AFB2369925064704	ENT_48E4AFB2369925064704	target_d001	OTHER	national essential drugs	false	medical_kg_gold				target	1		false
t::d001::ENT_48E6584AD274BECA3CD5	ENT_48E6584AD274BECA3CD5	target_d001	INTERVENTION	physical activities, diets and medical management	false	medical_kg_gold				target	1		false
t::d001::ENT_48E8100FFEAE391A4F29	ENT_48E8100FFEAE391A4F29	target_d001	BIOMARKER	glutathione peroxidase	false	medical_kg_gold				target	1		false
t::d001::ENT_48EBC4C0C8ECF8B583D7	ENT_48EBC4C0C8ECF8B583D7	target_d001	BIOMARKER	Plasma ferritin	false	medical_kg_gold				target	1		false
t::d001::ENT_48F24EF9FAD6F59C4CD3	ENT_48F24EF9FAD6F59C4CD3	target_d001	GENE	LEPR	false	medical_kg_gold				target	1		false
t::d001::ENT_48FA4AED7162A7EAAB3F	ENT_48FA4AED7162A7EAAB3F	target_d001	BIOMARKER	High XOR activity	false	medical_kg_gold				target	1		false
t::d001::ENT_48FFE2F5BA127A5D64DB	ENT_48FFE2F5BA127A5D64DB	target_d001	PROTEIN	esRAGE	false	medical_kg_gold				target	1		false
t::d001::ENT_490C7D29D8E0E05D711B	ENT_490C7D29D8E0E05D711B	target_d001	PHENOTYPE	increased RBP-4	false	medical_kg_gold				target	1		false
t::d001::ENT_4916093202FC0D12D75F	ENT_4916093202FC0D12D75F	target_d001	PHENOTYPE	executive functions	false	medical_kg_gold				target	1		false
t::d001::ENT_49179D6E48ABF0D513EB	ENT_49179D6E48ABF0D513EB	target_d001	LAB_MEASUREMENT	2hBG	false	medical_kg_gold				target	1		false
t::d001::ENT_49191A9AFDBD9A3BB517	ENT_49191A9AFDBD9A3BB517	target_d001	DRUG	anorexigens	false	medical_kg_gold				target	1		false
t::d001::ENT_4919CCDF13A37FBC232B	ENT_4919CCDF13A37FBC232B	target_d001	BIOLOGICAL_PROCESS	platelet activity	false	medical_kg_gold				target	1		false
t::d001::ENT_491F00A98C9037DC2C25	ENT_491F00A98C9037DC2C25	target_d001	SYMPTOM	fatigue	false	medical_kg_gold				target	1		false
t::d001::ENT_4921EEBBCAAA2A294EF2	ENT_4921EEBBCAAA2A294EF2	target_d001	GENE	Pklr	false	medical_kg_gold				target	1		false
t::d001::ENT_493DC14F43582DFDE3BE	ENT_493DC14F43582DFDE3BE	target_d001	PROTEIN	IRS-1	false	medical_kg_gold				target	1		false
t::d001::ENT_493ECF4CA2E6E036B552	ENT_493ECF4CA2E6E036B552	target_d001	BIOLOGICAL_PROCESS	Obstruction of plasma lipid metabolism	false	medical_kg_gold				target	1		false
t::d001::ENT_49475BD42D4423E5E654	ENT_49475BD42D4423E5E654	target_d001	PROCEDURE	gastrointestinal surgery	false	medical_kg_gold				target	1		false
t::d001::ENT_495509E72729ACE3804F	ENT_495509E72729ACE3804F	target_d001	LAB_MEASUREMENT	early diastolic reverse blood velocity	false	medical_kg_gold				target	1		false
t::d001::ENT_4958EADA4F6C4AAEC99F	ENT_4958EADA4F6C4AAEC99F	target_d001	TREATMENT	Both treatment plans	false	medical_kg_gold				target	1		false
t::d001::ENT_496595D533F06FA4CB8A	ENT_496595D533F06FA4CB8A	target_d001	INTERVENTION	Early detection and management of the components of the metabolic syndrome	false	medical_kg_gold				target	1		false
t::d001::ENT_4976B96B2F13A305EDDC	ENT_4976B96B2F13A305EDDC	target_d001	LAB_MEASUREMENT	heart rate	false	medical_kg_gold				target	1		false
t::d001::ENT_497E5917E5816F96DBC9	ENT_497E5917E5816F96DBC9	target_d001	PHENOTYPE	endothelial damage/dysfunction	false	medical_kg_gold				target	1		false
t::d001::ENT_498CC5AC8711373197BD	ENT_498CC5AC8711373197BD	target_d001	DRUG	premixed insulin	false	medical_kg_gold				target	1		false
t::d001::ENT_498D5817BB25BCFB97AC	ENT_498D5817BB25BCFB97AC	target_d001	DISEASE	AD	false	medical_kg_gold				target	1		false
t::d001::ENT_499B540C57D4C594EA17	ENT_499B540C57D4C594EA17	target_d001	PHENOTYPE	hypoinsulinism	false	medical_kg_gold				target	1		false
t::d001::ENT_49AA2C6CCE09A4A5FF76	ENT_49AA2C6CCE09A4A5FF76	target_d001	PHENOTYPE	Impaired vascular endothelial function	false	medical_kg_gold				target	1		false
t::d001::ENT_49AAC181E7D2603EFE61	ENT_49AAC181E7D2603EFE61	target_d001	PHENOTYPE	动脉粥样硬化(AS)斑块的形成、发展及破裂	false	medical_kg_gold				target	1		false
t::d001::ENT_49B448220ADCC98B90B2	ENT_49B448220ADCC98B90B2	target_d001	OTHER	mutation of insulin gene promoter	false	medical_kg_gold				target	1		false
t::d001::ENT_49B471983FEA50BA3DD4	ENT_49B471983FEA50BA3DD4	target_d001	GENE	GENES	false	medical_kg_gold				target	1		false
t::d001::ENT_49B7B8A304AA2A9008F9	ENT_49B7B8A304AA2A9008F9	target_d001	DRUG	Panax notoginseng(Berk) F.H.chen and Agaricus blaxei Murill Powder	false	medical_kg_gold				target	1		false
t::d001::ENT_49F040EC6CCEA0B46872	ENT_49F040EC6CCEA0B46872	target_d001	PHENOTYPE	body fat mass	false	medical_kg_gold				target	1		false
t::d001::ENT_4A018B1ED5974F1E1CD5	ENT_4A018B1ED5974F1E1CD5	target_d001	LAB_MEASUREMENT	serum ALT	false	medical_kg_gold				target	1		false
t::d001::ENT_4A09116521801B645425	ENT_4A09116521801B645425	target_d001	PHYSIOLOGICAL_PROCESS	action potential duration	false	medical_kg_gold				target	1		false
t::d001::ENT_4A156D8403C8F4FD2818	ENT_4A156D8403C8F4FD2818	target_d001	BEHAVIOR	smoking status	false	medical_kg_gold				target	1		false
t::d001::ENT_4A1857CE2DBE0E8D8040	ENT_4A1857CE2DBE0E8D8040	target_d001	DIET	HFD	false	medical_kg_gold				target	1		false
t::d001::ENT_4A1B4B1F3F9506141B58	ENT_4A1B4B1F3F9506141B58	target_d001	LAB_MEASUREMENT	oral glucose tolerance tests	false	medical_kg_gold				target	1		false
t::d001::ENT_4A21BE33BBE40DE64FB2	ENT_4A21BE33BBE40DE64FB2	target_d001	DISEASE	CVH C	false	medical_kg_gold				target	1		false
t::d001::ENT_4A2C0787889213BABFDD	ENT_4A2C0787889213BABFDD	target_d001	ENVIRONMENTAL_EXPOSURE	Urbanisation	false	medical_kg_gold				target	1		false
t::d001::ENT_4A2F7EF9FB8BF020CBEE	ENT_4A2F7EF9FB8BF020CBEE	target_d001	LAB_MEASUREMENT	GGT	false	medical_kg_gold				target	1		false
t::d001::ENT_4A338221030EA0F70940	ENT_4A338221030EA0F70940	target_d001	RISK_FACTOR	psychosocial stress	false	medical_kg_gold				target	1		false
t::d001::ENT_4A3C553E62C4BB0F797E	ENT_4A3C553E62C4BB0F797E	target_d001	BIOMARKER	UCP2 -866G/G genotype	false	medical_kg_gold				target	1		false
t::d001::ENT_4A41FB9BCDC4F53CDAEA	ENT_4A41FB9BCDC4F53CDAEA	target_d001	DRUG	domestic mitiglinide and imported nateglinide	false	medical_kg_gold				target	1		false
t::d001::ENT_4A43ED86A2A833FC17DC	ENT_4A43ED86A2A833FC17DC	target_d001	POPULATION	pure obese children	false	medical_kg_gold				target	1		false
t::d001::ENT_4A4DECC673E7CFE5CED7	ENT_4A4DECC673E7CFE5CED7	target_d001	DISEASE	nephropathy	false	medical_kg_gold				target	1		false
t::d001::ENT_4A4F245E6A0B08F9538E	ENT_4A4F245E6A0B08F9538E	target_d001	SYMPTOM	fatigue after exercise	false	medical_kg_gold				target	1		false
t::d001::ENT_4A62F92891B6E0F4E5C8	ENT_4A62F92891B6E0F4E5C8	target_d001	PHENOTYPE	Obesity-associated insulin resistance	false	medical_kg_gold				target	1		false
t::d001::ENT_4A6979753D9FFCE94695	ENT_4A6979753D9FFCE94695	target_d001	LIFESTYLE_FACTOR	regular exercise and physical fitness	false	medical_kg_gold				target	1		false
t::d001::ENT_4A6DCF4ABA7EB62E3752	ENT_4A6DCF4ABA7EB62E3752	target_d001	DISEASE	CSME	false	medical_kg_gold				target	1		false
t::d001::ENT_4A6F7DC5326E5872AD90	ENT_4A6F7DC5326E5872AD90	target_d001	BIOMARKER	Hypoadiponectinaemia	false	medical_kg_gold				target	1		false
t::d001::ENT_4A7255B3C3D9770A4841	ENT_4A7255B3C3D9770A4841	target_d001	PROTEIN	CPT I	false	medical_kg_gold				target	1		false
t::d001::ENT_4A783A5C0B4912806EF1	ENT_4A783A5C0B4912806EF1	target_d001	BIOLOGICAL_PROCESS	CMI	false	medical_kg_gold				target	1		false
t::d001::ENT_4A8D82656183C46974F5	ENT_4A8D82656183C46974F5	target_d001	LIFESTYLE_FACTOR	poor diet	false	medical_kg_gold				target	1		false
t::d001::ENT_4A90BF09C7C1264119B7	ENT_4A90BF09C7C1264119B7	target_d001	CLINICAL_OUTCOME	number of teeth in periodontal diseases	false	medical_kg_gold				target	1		false
t::d001::ENT_4AA0696BBD8089B2BAC8	ENT_4AA0696BBD8089B2BAC8	target_d001	PROTEIN	glucagon	false	medical_kg_gold				target	1		false
t::d001::ENT_4AA5A8F61B38D3D019CC	ENT_4AA5A8F61B38D3D019CC	target_d001	BIOMARKER	serum concentrations of AGEs	false	medical_kg_gold				target	1		false
t::d001::ENT_4AADF1780E688520739E	ENT_4AADF1780E688520739E	target_d001	PROTEIN	anti GAD autoantibody	false	medical_kg_gold				target	1		false
t::d001::ENT_4ABB45E7A0A1035DFB62	ENT_4ABB45E7A0A1035DFB62	target_d001	METABOLITE	HA	false	medical_kg_gold				target	1		false
t::d001::ENT_4ABB93316A28090D031E	ENT_4ABB93316A28090D031E	target_d001	OTHER	PGC-1 gene Gly482Ser variant	false	medical_kg_gold				target	1		false
t::d001::ENT_4AC6F6EC6AC0BF616689	ENT_4AC6F6EC6AC0BF616689	target_d001	INTERVENTION	Routine 24 hours dynamic electrocardiogram	false	medical_kg_gold				target	1		false
t::d001::ENT_4AC80B78EF45D44CD513	ENT_4AC80B78EF45D44CD513	target_d001	LAB_MEASUREMENT	TGL	false	medical_kg_gold				target	1		false
t::d001::ENT_4AF2F6A4775346C62F3E	ENT_4AF2F6A4775346C62F3E	target_d001	CLINICAL_OUTCOME	positive-sputum	false	medical_kg_gold				target	1		false
t::d001::ENT_4AF38327CA1A6E8A1612	ENT_4AF38327CA1A6E8A1612	target_d001	BIOMARKER	ΔI30/ΔG30	false	medical_kg_gold				target	1		false
t::d001::ENT_4AF46B7A6443AEDA0038	ENT_4AF46B7A6443AEDA0038	target_d001	PROTEIN	PRL	false	medical_kg_gold				target	1		false
t::d001::ENT_4B0B0AC578538EF6D727	ENT_4B0B0AC578538EF6D727	target_d001	OTHER	ER	false	medical_kg_gold				target	1		false
t::d001::ENT_4B117B1368158F45E0F8	ENT_4B117B1368158F45E0F8	target_d001	OTHER	low level of adherence to the use of antidiabetic drugs	false	medical_kg_gold				target	1		false
t::d001::ENT_4B1A82DFE6B31885828A	ENT_4B1A82DFE6B31885828A	target_d001	GENE	SNPs in adiponectin gene	false	medical_kg_gold				target	1		false
t::d001::ENT_4B2213A4495EC2EBC5A1	ENT_4B2213A4495EC2EBC5A1	target_d001	DISEASE	macrovascular diseases	false	medical_kg_gold				target	1		false
t::d001::ENT_4B300E1088C51A620E7D	ENT_4B300E1088C51A620E7D	target_d001	FOOD	Trigonella foenum-graecum L	false	medical_kg_gold				target	1		false
t::d001::ENT_4B31A9B4A3274231A8D3	ENT_4B31A9B4A3274231A8D3	target_d001	BIOMARKER	sVCAM-1	false	medical_kg_gold				target	1		false
t::d001::ENT_4B3ACD6CB6C692C052A3	ENT_4B3ACD6CB6C692C052A3	target_d001	DIET	Diet	false	medical_kg_gold				target	1		false
t::d001::ENT_4B3C51E9686C1A45BADD	ENT_4B3C51E9686C1A45BADD	target_d001	DIET	Watermelon (Citrullus lanatus) consumption	false	medical_kg_gold				target	1		false
t::d001::ENT_4B620797DBDB8D488848	ENT_4B620797DBDB8D488848	target_d001	LIFESTYLE_FACTOR	decreased levels of activity	false	medical_kg_gold				target	1		false
t::d001::ENT_4B7585CA5D7AF5D8469D	ENT_4B7585CA5D7AF5D8469D	target_d001	LAB_MEASUREMENT	eGFR (mL/min/1.73 m²)	false	medical_kg_gold				target	1		false
t::d001::ENT_4B891DEF9A7170037E0E	ENT_4B891DEF9A7170037E0E	target_d001	LAB_MEASUREMENT	low density lipoprotein-cholesterol (LDL-C)	false	medical_kg_gold				target	1		false
t::d001::ENT_4B92A028018A21DA8E5B	ENT_4B92A028018A21DA8E5B	target_d001	TREATMENT	rehabilitation program	false	medical_kg_gold				target	1		false
t::d001::ENT_4B984BFAA23BE76549F5	ENT_4B984BFAA23BE76549F5	target_d001	BIOMARKER	expression of resistin protein	false	medical_kg_gold				target	1		false
t::d001::ENT_4B9E15BF17D1CCABF142	ENT_4B9E15BF17D1CCABF142	target_d001	TREATMENT	Insulin pump	false	medical_kg_gold				target	1		false
t::d001::ENT_4BA73FB072A987644E41	ENT_4BA73FB072A987644E41	target_d001	BIOMARKER	Urinary BPA	false	medical_kg_gold				target	1		false
t::d001::ENT_4BB5820DC3282B70940C	ENT_4BB5820DC3282B70940C	target_d001	DIET	diet habit(preference for fatty food)	false	medical_kg_gold				target	1		false
t::d001::ENT_4BBCD90E725B42BA7C11	ENT_4BBCD90E725B42BA7C11	target_d001	PROTEIN	SDH	false	medical_kg_gold				target	1		false
t::d001::ENT_4BDBB2C884BF4849F4CB	ENT_4BDBB2C884BF4849F4CB	target_d001	CELL	D cells	false	medical_kg_gold				target	1		false
t::d001::ENT_4BE430009A26590BEA4D	ENT_4BE430009A26590BEA4D	target_d001	GENE	SNP rs696217 of preproghrelin gene	false	medical_kg_gold				target	1		false
t::d001::ENT_4BF214EA88D7A6C5AED3	ENT_4BF214EA88D7A6C5AED3	target_d001	BIOLOGICAL_PROCESS	Abnormal adipocyte differetiation	false	medical_kg_gold				target	1		false
t::d001::ENT_4BFCFDD137CAEA297BAC	ENT_4BFCFDD137CAEA297BAC	target_d001	DISEASE	carpal tunnel syndrome	false	medical_kg_gold				target	1		false
t::d001::ENT_4BFDD649BDFADDA610CD	ENT_4BFDD649BDFADDA610CD	target_d001	DRUG	pioglitazone hydrochloride	false	medical_kg_gold				target	1		false
t::d001::ENT_4C1077B48A8228FE5F42	ENT_4C1077B48A8228FE5F42	target_d001	DISEASE	abnormal savda syndrome	false	medical_kg_gold				target	1		false
t::d001::ENT_4C1228B71FFB599B4216	ENT_4C1228B71FFB599B4216	target_d001	COMPOUND	Estrogen	false	medical_kg_gold				target	1		false
t::d001::ENT_4C12337ABBAA92A65B77	ENT_4C12337ABBAA92A65B77	target_d001	POPULATION	familial group	false	medical_kg_gold				target	1		false
t::d001::ENT_4C1CE725C48F41885FA1	ENT_4C1CE725C48F41885FA1	target_d001	RISK_FACTOR	family history with Type 2 Diabetes	false	medical_kg_gold				target	1		false
t::d001::ENT_4C3877EA303A2A7F5637	ENT_4C3877EA303A2A7F5637	target_d001	CLINICAL_OUTCOME	force in the lumbar paravertebral musculature	false	medical_kg_gold				target	1		false
t::d001::ENT_4C3AD40AA96861009DED	ENT_4C3AD40AA96861009DED	target_d001	DISEASE	renal lesions	false	medical_kg_gold				target	1		false
t::d001::ENT_4C3CFF9C29BB2A3249AD	ENT_4C3CFF9C29BB2A3249AD	target_d001	RISK_FACTOR	FTO gene variations	false	medical_kg_gold				target	1		false
t::d001::ENT_4C44E45CA64209E695D2	ENT_4C44E45CA64209E695D2	target_d001	DRUG	streptozocin	false	medical_kg_gold				target	1		false
t::d001::ENT_4C5090924758420CAC94	ENT_4C5090924758420CAC94	target_d001	COMPOUND	NO°	false	medical_kg_gold				target	1		false
t::d001::ENT_4C57C18CCE657A7BC0CE	ENT_4C57C18CCE657A7BC0CE	target_d001	BIOMARKER	serum betatrophin	false	medical_kg_gold				target	1		false
t::d001::ENT_4C5A21982C24A5D6EB56	ENT_4C5A21982C24A5D6EB56	target_d001	OTHER	voice recordings	false	medical_kg_gold				target	1		false
t::d001::ENT_4C5F57CB191A6B7F4755	ENT_4C5F57CB191A6B7F4755	target_d001	GENE	likely damaging HNF1A alleles	false	medical_kg_gold				target	1		false
t::d001::ENT_4C6D521D99C70CB8308D	ENT_4C6D521D99C70CB8308D	target_d001	COMPOUND	4-OH Ile	false	medical_kg_gold				target	1		false
t::d001::ENT_4C757AFBEEBF95B6F15C	ENT_4C757AFBEEBF95B6F15C	target_d001	INTERVENTION	lifestyle intervention	false	medical_kg_gold				target	1		false
t::d001::ENT_4C8FD8206F945A98A68D	ENT_4C8FD8206F945A98A68D	target_d001	GENE	+276TT homozygotes	false	medical_kg_gold				target	1		false
t::d001::ENT_4CA4AF7186846EAFD8A8	ENT_4CA4AF7186846EAFD8A8	target_d001	DISEASE	fracture	false	medical_kg_gold				target	1		false
t::d001::ENT_4CA9BD67ED63DE464BCD	ENT_4CA9BD67ED63DE464BCD	target_d001	TREATMENT	AT	false	medical_kg_gold				target	1		false
t::d001::ENT_4CBB2473692218EC11A1	ENT_4CBB2473692218EC11A1	target_d001	LAB_MEASUREMENT	FTI	false	medical_kg_gold				target	1		false
t::d001::ENT_4CBF91B567DA3A96BD4F	ENT_4CBF91B567DA3A96BD4F	target_d001	INTERVENTION	combined administration of pumpkin polysaccharides and puerarin	false	medical_kg_gold				target	1		false
t::d001::ENT_4CD127558C39C89E51B4	ENT_4CD127558C39C89E51B4	target_d001	PROTEIN	SVCAM-1 levels	false	medical_kg_gold				target	1		false
t::d001::ENT_4CE069372FC62304D4EB	ENT_4CE069372FC62304D4EB	target_d001	GENE	polymorphisms of glutathione-S-transferases	false	medical_kg_gold				target	1		false
t::d001::ENT_4CE755BEEDA9EB42CB1B	ENT_4CE755BEEDA9EB42CB1B	target_d001	METABOLITE	intramyocellular lipid (IMCL)	false	medical_kg_gold				target	1		false
t::d001::ENT_4CEE108F3D55BC19646E	ENT_4CEE108F3D55BC19646E	target_d001	DRUG	standard antidiabetic agents	false	medical_kg_gold				target	1		false
t::d001::ENT_4CF07B2CC8AA43F96AA8	ENT_4CF07B2CC8AA43F96AA8	target_d001	OTHER	rs7903146 C→T polymorphism	false	medical_kg_gold				target	1		false
t::d001::ENT_4CF70ECD818C2C4520CA	ENT_4CF70ECD818C2C4520CA	target_d001	LAB_MEASUREMENT	PEFR	false	medical_kg_gold				target	1		false
t::d001::ENT_4CFCC116032280F20639	ENT_4CFCC116032280F20639	target_d001	LIFESTYLE_FACTOR	Healthy lifestyle	false	medical_kg_gold				target	1		false
t::d001::ENT_4D0317BA8F5E3F50AFB5	ENT_4D0317BA8F5E3F50AFB5	target_d001	PHENOTYPE	neurodegeneration	false	medical_kg_gold				target	1		false
t::d001::ENT_4D06C45835C52312A387	ENT_4D06C45835C52312A387	target_d001	BIOLOGICAL_PROCESS	decreased enzymatic activity in the skeletal muscle	false	medical_kg_gold				target	1		false
t::d001::ENT_4D0D19D5DC1A2890CE98	ENT_4D0D19D5DC1A2890CE98	target_d001	OTHER	G/G genotype frequency	false	medical_kg_gold				target	1		false
t::d001::ENT_4D1152885DE643F9B3F7	ENT_4D1152885DE643F9B3F7	target_d001	GENE	MTNR1B genes expression	false	medical_kg_gold				target	1		false
t::d001::ENT_4D27786CA8FA818F4728	ENT_4D27786CA8FA818F4728	target_d001	LAB_MEASUREMENT	early dip in serum potassium concentrations	false	medical_kg_gold				target	1		false
t::d001::ENT_4D6265F2F048FF44845C	ENT_4D6265F2F048FF44845C	target_d001	PROTEIN	IL-1	false	medical_kg_gold				target	1		false
t::d001::ENT_4D66D41B6B4F1CA23C64	ENT_4D66D41B6B4F1CA23C64	target_d001	PHYSIOLOGICAL_PROCESS	reduced incretin effect	false	medical_kg_gold				target	1		false
t::d001::ENT_4D6E625CF0774EE864BA	ENT_4D6E625CF0774EE864BA	target_d001	PROTEIN	HMGB1	false	medical_kg_gold				target	1		false
t::d001::ENT_4D75B9CDA08F769A0C05	ENT_4D75B9CDA08F769A0C05	target_d001	PHENOTYPE	pancreatic beta cell dysfunction	false	medical_kg_gold				target	1		false
t::d001::ENT_4D8367FA027DF58E8B40	ENT_4D8367FA027DF58E8B40	target_d001	PROCEDURE	biliopancreatic diversion	false	medical_kg_gold				target	1		false
t::d001::ENT_4DB9B5355CCBF050518B	ENT_4DB9B5355CCBF050518B	target_d001	PHENOTYPE	metabolic dysregulation	false	medical_kg_gold				target	1		false
t::d001::ENT_4DC7DC25563552549CF6	ENT_4DC7DC25563552549CF6	target_d001	LIFESTYLE_FACTOR	energy intake excess	false	medical_kg_gold				target	1		false
t::d001::ENT_4DCB3B653A23B5D6DCCF	ENT_4DCB3B653A23B5D6DCCF	target_d001	LAB_MEASUREMENT	postprandial insulin	false	medical_kg_gold				target	1		false
t::d001::ENT_4DDFB66009EBBF9C656F	ENT_4DDFB66009EBBF9C656F	target_d001	GENE	mtDNA 3394 T→C	false	medical_kg_gold				target	1		false
t::d001::ENT_4E039803FE7505BB2050	ENT_4E039803FE7505BB2050	target_d001	OTHER	allele frequencies of CRP tag SNP rs1205	false	medical_kg_gold				target	1		false
t::d001::ENT_4E09AE2ADA1AA2D4BE57	ENT_4E09AE2ADA1AA2D4BE57	target_d001	RISK_FACTOR	Chinese Diabetes Risk Score (CDRS)	false	medical_kg_gold				target	1		false
t::d001::ENT_4E0CB29FAC971582B289	ENT_4E0CB29FAC971582B289	target_d001	OTHER	modified oral minimal model	false	medical_kg_gold				target	1		false
t::d001::ENT_4E149A58D90353B5EAA8	ENT_4E149A58D90353B5EAA8	target_d001	OTHER	Vascular damage	false	medical_kg_gold				target	1		false
t::d001::ENT_4E16690FBEA6E1483D7A	ENT_4E16690FBEA6E1483D7A	target_d001	PROTEIN	Normal levels of ghrelin and insulin hormones	false	medical_kg_gold				target	1		false
t::d001::ENT_4E1745C88710DEF341E2	ENT_4E1745C88710DEF341E2	target_d001	COMPOUND	androgen	false	medical_kg_gold				target	1		false
t::d001::ENT_4E248693243D96CC5D28	ENT_4E248693243D96CC5D28	target_d001	PHENOTYPE	disturbances in fatty acid metabolism	false	medical_kg_gold				target	1		false
t::d001::ENT_4E334E4AAB034897A75B	ENT_4E334E4AAB034897A75B	target_d001	OTHER	genotype GT and TT of 276 ADIPOQ gene	false	medical_kg_gold				target	1		false
t::d001::ENT_4E419862F1B604E9475B	ENT_4E419862F1B604E9475B	target_d001	SYMPTOM	dysphagia	false	medical_kg_gold				target	1		false
t::d001::ENT_4E43BC5205E7EB45512F	ENT_4E43BC5205E7EB45512F	target_d001	CLINICAL_OUTCOME	poor prognosis	false	medical_kg_gold				target	1		false
t::d001::ENT_4E64F984610DA479FD4E	ENT_4E64F984610DA479FD4E	target_d001	DISEASE	OSA	false	medical_kg_gold				target	1		false
t::d001::ENT_4E7B4B45CF6667364973	ENT_4E7B4B45CF6667364973	target_d001	PROCEDURE	Metabolite profiling study of fecal samples	false	medical_kg_gold				target	1		false
t::d001::ENT_4E7F43EBBBE0AC830C42	ENT_4E7F43EBBBE0AC830C42	target_d001	BIOMARKER	IL-17	false	medical_kg_gold				target	1		false
t::d001::ENT_4E847D8093AC21EEA08F	ENT_4E847D8093AC21EEA08F	target_d001	BIOMARKER	Plasminogen activator inhibitor-1 (PAI-1)	false	medical_kg_gold				target	1		false
t::d001::ENT_4E93DC1A7071D419A7B7	ENT_4E93DC1A7071D419A7B7	target_d001	METABOLITE	high cholesterol	false	medical_kg_gold				target	1		false
t::d001::ENT_4E987FBE0E86A552BF7B	ENT_4E987FBE0E86A552BF7B	target_d001	RISK_FACTOR	physical inactivity	false	medical_kg_gold				target	1		false
t::d001::ENT_4EA5B6D559832857381D	ENT_4EA5B6D559832857381D	target_d001	PROTEIN	FoxO1 expression	false	medical_kg_gold				target	1		false
t::d001::ENT_4EAEFDD840CB607E18A7	ENT_4EAEFDD840CB607E18A7	target_d001	BIOMARKER	plasma DD	false	medical_kg_gold				target	1		false
t::d001::ENT_4EB6759FFEADDC1A026C	ENT_4EB6759FFEADDC1A026C	target_d001	BIOMARKER	SFRP5 levels	false	medical_kg_gold				target	1		false
t::d001::ENT_4EC9ED27867B2A540ECC	ENT_4EC9ED27867B2A540ECC	target_d001	PROTEIN	plasma leptin	false	medical_kg_gold				target	1		false
t::d001::ENT_4ECB2FE34B5BEF565799	ENT_4ECB2FE34B5BEF565799	target_d001	PROTEIN	GADA	false	medical_kg_gold				target	1		false
t::d001::ENT_4ED69BC9CC0C91BD2DDB	ENT_4ED69BC9CC0C91BD2DDB	target_d001	GENE	many new gene sites	false	medical_kg_gold				target	1		false
t::d001::ENT_4EF37BEB64468F89F412	ENT_4EF37BEB64468F89F412	target_d001	BEHAVIOR	Avoidance	false	medical_kg_gold				target	1		false
t::d001::ENT_4EF6CA9AD00E0876C4C7	ENT_4EF6CA9AD00E0876C4C7	target_d001	PHENOTYPE	target organ injuries	false	medical_kg_gold				target	1		false
t::d001::ENT_4F1C9DFB7F3AB679CAA4	ENT_4F1C9DFB7F3AB679CAA4	target_d001	BIOMARKER	serum irisin	false	medical_kg_gold				target	1		false
t::d001::ENT_4F2B7313486C4F2EB162	ENT_4F2B7313486C4F2EB162	target_d001	METABOLITE	GLU	false	medical_kg_gold				target	1		false
t::d001::ENT_4F43738602DE756F641D	ENT_4F43738602DE756F641D	target_d001	PATHWAY	mTOR signaling pathway	false	medical_kg_gold				target	1		false
t::d001::ENT_4F637A7AA09E457241F0	ENT_4F637A7AA09E457241F0	target_d001	BIOMARKER	IRI	false	medical_kg_gold				target	1		false
t::d001::ENT_4F65793375378087737E	ENT_4F65793375378087737E	target_d001	DISEASE	LEAD	false	medical_kg_gold				target	1		false
t::d001::ENT_4F72DB9CB23B1925702E	ENT_4F72DB9CB23B1925702E	target_d001	LAB_MEASUREMENT	adiponectin levels	false	medical_kg_gold				target	1		false
t::d001::ENT_4F82A03B72F6A94CA1F8	ENT_4F82A03B72F6A94CA1F8	target_d001	CLINICAL_OUTCOME	prospective prognosis	false	medical_kg_gold				target	1		false
t::d001::ENT_4F9B421D83B20C700765	ENT_4F9B421D83B20C700765	target_d001	DRUG	shenmai Hualian solution	false	medical_kg_gold				target	1		false
t::d001::ENT_4F9BF1C2D97A56B17CC1	ENT_4F9BF1C2D97A56B17CC1	target_d001	BIOLOGICAL_PROCESS	disturbances of both α- and β-cell secretions	false	medical_kg_gold				target	1		false
t::d001::ENT_4FAEB2FEA6871CE0C9B6	ENT_4FAEB2FEA6871CE0C9B6	target_d001	DIET	eating fried foods	false	medical_kg_gold				target	1		false
t::d001::ENT_4FB1842EBB365F62C269	ENT_4FB1842EBB365F62C269	target_d001	PHENOTYPE	reduced insulin secretion	false	medical_kg_gold				target	1		false
t::d001::ENT_4FB1EF45AC2A074A5D52	ENT_4FB1EF45AC2A074A5D52	target_d001	BIOMARKER	hyper-sensitive C-reactive protein	false	medical_kg_gold				target	1		false
t::d001::ENT_4FC2EC8D7DD02925CDBE	ENT_4FC2EC8D7DD02925CDBE	target_d001	DISEASE	urinary tract infection	false	medical_kg_gold				target	1		false
t::d001::ENT_4FC509EF7398A5D84D58	ENT_4FC509EF7398A5D84D58	target_d001	GENE	two tag SNPs of HL gene	false	medical_kg_gold				target	1		false
t::d001::ENT_4FC78A5DCA68AC063CEB	ENT_4FC78A5DCA68AC063CEB	target_d001	EXERCISE	Increased physical activity	false	medical_kg_gold				target	1		false
t::d001::ENT_4FEA6CB9E0C1911619A4	ENT_4FEA6CB9E0C1911619A4	target_d001	POPULATION	Menschen in Deutschland	false	medical_kg_gold				target	1		false
t::d001::ENT_4FFDE5372F084D4BEA24	ENT_4FFDE5372F084D4BEA24	target_d001	LAB_MEASUREMENT	DBP	false	medical_kg_gold				target	1		false
t::d001::ENT_50018F5EFAD13799642F	ENT_50018F5EFAD13799642F	target_d001	DRUG	oral antidiabetic drugs	false	medical_kg_gold				target	1		false
t::d001::ENT_500865F73D0520531B9F	ENT_500865F73D0520531B9F	target_d001	LIFESTYLE_FACTOR	sedentary life style	false	medical_kg_gold				target	1		false
t::d001::ENT_5013B641E5C7C12F6AC8	ENT_5013B641E5C7C12F6AC8	target_d001	LAB_MEASUREMENT	corneal branch nerve fibre density of subbasal nerve plexus	false	medical_kg_gold				target	1		false
t::d001::ENT_504546DBD43132117CA1	ENT_504546DBD43132117CA1	target_d001	PHENOTYPE	the body's inability to respond to insulin normally	false	medical_kg_gold				target	1		false
t::d001::ENT_5046FDB349F996460E86	ENT_5046FDB349F996460E86	target_d001	BIOLOGICAL_PROCESS	Progressive decrease in the weight and functional reserve of β-cells	false	medical_kg_gold				target	1		false
t::d001::ENT_505053DC1C2F20881FDD	ENT_505053DC1C2F20881FDD	target_d001	TREATMENT	rosiglitazone plus metformin	false	medical_kg_gold				target	1		false
t::d001::ENT_5057DC4DD4CF235FE7A1	ENT_5057DC4DD4CF235FE7A1	target_d001	ENVIRONMENTAL_EXPOSURE	persistent organic pollutants (POP)	false	medical_kg_gold				target	1		false
t::d001::ENT_505CB443A6BECC68658A	ENT_505CB443A6BECC68658A	target_d001	PROTEIN	HSP70 antibody	false	medical_kg_gold				target	1		false
t::d001::ENT_5074219B115E1271C23D	ENT_5074219B115E1271C23D	target_d001	PROCEDURE	Cholecystectomy	false	medical_kg_gold				target	1		false
t::d001::ENT_5087461CDC11486CFFB4	ENT_5087461CDC11486CFFB4	target_d001	BIOMARKER	serum level of CA199	false	medical_kg_gold				target	1		false
t::d001::ENT_50878EF72C6B0E81D48C	ENT_50878EF72C6B0E81D48C	target_d001	NUTRIENT	trans fat	false	medical_kg_gold				target	1		false
t::d001::ENT_50A1A7DEDB686A90BB17	ENT_50A1A7DEDB686A90BB17	target_d001	BIOMARKER	Urine NAG/Cr	false	medical_kg_gold				target	1		false
t::d001::ENT_50AB9FF7839631E6B125	ENT_50AB9FF7839631E6B125	target_d001	PROTEIN	Interleukin 18 (IL18)	false	medical_kg_gold				target	1		false
t::d001::ENT_50B446DB88A38F524975	ENT_50B446DB88A38F524975	target_d001	DRUG	rosiglitazone	false	medical_kg_gold				target	1		false
t::d001::ENT_50BA3AE1F699FA41A0D4	ENT_50BA3AE1F699FA41A0D4	target_d001	GENE	PPARγ gene	false	medical_kg_gold				target	1		false
t::d001::ENT_50BF21A7F08BBB1BA4F5	ENT_50BF21A7F08BBB1BA4F5	target_d001	OTHER	AA genotype of EXT2 rs3740878	false	medical_kg_gold				target	1		false
t::d001::ENT_50CA02A2E54703618F5E	ENT_50CA02A2E54703618F5E	target_d001	OTHER	left hippocampus and parahippocampus	false	medical_kg_gold				target	1		false
t::d001::ENT_50DBA0FB3CD889C028C1	ENT_50DBA0FB3CD889C028C1	target_d001	DISEASE	abnormal thyroid function	false	medical_kg_gold				target	1		false
t::d001::ENT_50E80902E4D57002F1A2	ENT_50E80902E4D57002F1A2	target_d001	COMPOUND	Hydrogen peroxide	false	medical_kg_gold				target	1		false
t::d001::ENT_50ED52B3FA2DD61D3D9B	ENT_50ED52B3FA2DD61D3D9B	target_d001	OTHER	siete nuevas regiones	false	medical_kg_gold				target	1		false
t::d001::ENT_50EDD4E4953B35143199	ENT_50EDD4E4953B35143199	target_d001	METABOLITE	HDL-C	false	medical_kg_gold				target	1		false
t::d001::ENT_50F145ED159B87E050DC	ENT_50F145ED159B87E050DC	target_d001	OTHER	intensity and 11-point amplitude perturbation quotient shimmer (apq11)	false	medical_kg_gold				target	1		false
t::d001::ENT_50F23689357C13993A95	ENT_50F23689357C13993A95	target_d001	LAB_MEASUREMENT	serum concentrations of Ang-Ⅱ	false	medical_kg_gold				target	1		false
t::d001::ENT_5109003EC5A4E8662671	ENT_5109003EC5A4E8662671	target_d001	SYMPTOM	haemoptysis	false	medical_kg_gold				target	1		false
t::d001::ENT_511A7EDEDA53F069F33D	ENT_511A7EDEDA53F069F33D	target_d001	OTHER	LPL HindIII polymorphism	false	medical_kg_gold				target	1		false
t::d001::ENT_511B64801B29C42744C5	ENT_511B64801B29C42744C5	target_d001	PHENOTYPE	overweight or obesity	false	medical_kg_gold				target	1		false
t::d001::ENT_512575834F450588FA58	ENT_512575834F450588FA58	target_d001	CLINICAL_OUTCOME	exercise ability	false	medical_kg_gold				target	1		false
t::d001::ENT_512F070953AD7CAE7F73	ENT_512F070953AD7CAE7F73	target_d001	PROTEIN	STAT1	false	medical_kg_gold				target	1		false
t::d001::ENT_5132188F3EB3E1928D68	ENT_5132188F3EB3E1928D68	target_d001	BIOMARKER	NAA/Cr in bilateral hippocampus	false	medical_kg_gold				target	1		false
t::d001::ENT_5136075D83A860C2B5D5	ENT_5136075D83A860C2B5D5	target_d001	DRUG	Dracorhodin Perchlorate	false	medical_kg_gold				target	1		false
t::d001::ENT_5138ABE6901C134A60EF	ENT_5138ABE6901C134A60EF	target_d001	COMPOUND	Vit B12	false	medical_kg_gold				target	1		false
t::d001::ENT_5141B8817AF17D62AB9C	ENT_5141B8817AF17D62AB9C	target_d001	DRUG	canagliflozin	false	medical_kg_gold				target	1		false
t::d001::ENT_51459B1AF21ED7A3D9AD	ENT_51459B1AF21ED7A3D9AD	target_d001	METABOLITE	Serum level of CML	false	medical_kg_gold				target	1		false
t::d001::ENT_51551BDF7FA51DDC3296	ENT_51551BDF7FA51DDC3296	target_d001	INTERVENTION	Lifestyle interventions	false	medical_kg_gold				target	1		false
t::d001::ENT_515CC03331C25C95319A	ENT_515CC03331C25C95319A	target_d001	COMPOUND	free radicals	false	medical_kg_gold				target	1		false
t::d001::ENT_5165EBF8D0B5682B0788	ENT_5165EBF8D0B5682B0788	target_d001	BIOMARKER	Circulating betatrophine concentrations	false	medical_kg_gold				target	1		false
t::d001::ENT_516D8B380E1741EA4A08	ENT_516D8B380E1741EA4A08	target_d001	PHENOTYPE	vascular abnormalities	false	medical_kg_gold				target	1		false
t::d001::ENT_5177A2A99AB69289A431	ENT_5177A2A99AB69289A431	target_d001	PROTEIN	nerve growth factor	false	medical_kg_gold				target	1		false
t::d001::ENT_51A799A9324202E779D8	ENT_51A799A9324202E779D8	target_d001	LAB_MEASUREMENT	body mass index (BMI)	false	medical_kg_gold				target	1		false
t::d001::ENT_51BEAE08996BA25FD9D6	ENT_51BEAE08996BA25FD9D6	target_d001	BIOMARKER	AI	false	medical_kg_gold				target	1		false
t::d001::ENT_51CEAB6F97718C555A56	ENT_51CEAB6F97718C555A56	target_d001	BIOMARKER	serum level of IL17A	false	medical_kg_gold				target	1		false
t::d001::ENT_51D34AE4AD0B2A3D4F1D	ENT_51D34AE4AD0B2A3D4F1D	target_d001	PHYSIOLOGICAL_PROCESS	resolution and recanalization of DVT	false	medical_kg_gold				target	1		false
t::d001::ENT_51D8D6967ECCED039CDE	ENT_51D8D6967ECCED039CDE	target_d001	DISEASE	Sepsis	false	medical_kg_gold				target	1		false
t::d001::ENT_51DF11EDFE42EBCE9276	ENT_51DF11EDFE42EBCE9276	target_d001	POPULATION	patients with MS	false	medical_kg_gold				target	1		false
t::d001::ENT_51EE45DB68BD7004178D	ENT_51EE45DB68BD7004178D	target_d001	BIOLOGICAL_PROCESS	pathogenesis of malignant neoplasms	false	medical_kg_gold				target	1		false
t::d001::ENT_520D8912638BD7E29E33	ENT_520D8912638BD7E29E33	target_d001	COMPOUND	berberine	false	medical_kg_gold				target	1		false
t::d001::ENT_520DA7D4D1B73ED2F3D2	ENT_520DA7D4D1B73ED2F3D2	target_d001	PHENOTYPE	extent and severity of CAD	false	medical_kg_gold				target	1		false
t::d001::ENT_52122D50745D50367812	ENT_52122D50745D50367812	target_d001	OTHER	impaired insulin action	false	medical_kg_gold				target	1		false
t::d001::ENT_52147123BD5F9AB54D57	ENT_52147123BD5F9AB54D57	target_d001	DISEASE	thyroid dysfunction	false	medical_kg_gold				target	1		false
t::d001::ENT_52194C763662E307248E	ENT_52194C763662E307248E	target_d001	LAB_MEASUREMENT	PLT	false	medical_kg_gold				target	1		false
t::d001::ENT_521B78FEBDD797CE367D	ENT_521B78FEBDD797CE367D	target_d001	BIOMARKER	MMP-9	false	medical_kg_gold				target	1		false
t::d001::ENT_521E0CBA37DEA5B08169	ENT_521E0CBA37DEA5B08169	target_d001	LAB_MEASUREMENT	sympathetic skin response latency	false	medical_kg_gold				target	1		false
t::d001::ENT_52248581792044C5B705	ENT_52248581792044C5B705	target_d001	GENE	FTO	false	medical_kg_gold				target	1		false
t::d001::ENT_522B0766917A14BDBEA8	ENT_522B0766917A14BDBEA8	target_d001	PHENOTYPE	elevated blood pressure	false	medical_kg_gold				target	1		false
t::d001::ENT_522B0E26C6F1DD6E9432	ENT_522B0E26C6F1DD6E9432	target_d001	OTHER	incidence	false	medical_kg_gold				target	1		false
t::d001::ENT_5238980E5A785FC6E769	ENT_5238980E5A785FC6E769	target_d001	PROTEIN	PGC-1alpha	false	medical_kg_gold				target	1		false
t::d001::ENT_5238BC23D3C4275CE65A	ENT_5238BC23D3C4275CE65A	target_d001	LAB_MEASUREMENT	one-point pulse wave velocity	false	medical_kg_gold				target	1		false
t::d001::ENT_52525AD911AFC9BFCBB7	ENT_52525AD911AFC9BFCBB7	target_d001	BIOMARKER	decreased plasma level of omentin	false	medical_kg_gold				target	1		false
t::d001::ENT_526DC04BAF619E99216C	ENT_526DC04BAF619E99216C	target_d001	METABOLITE	FFA	false	medical_kg_gold				target	1		false
t::d001::ENT_526EA9C3F2696565CBD5	ENT_526EA9C3F2696565CBD5	target_d001	PHENOTYPE	small size at birth	false	medical_kg_gold				target	1		false
t::d001::ENT_527AADFFB30613ACF5EE	ENT_527AADFFB30613ACF5EE	target_d001	GENE	genes that encode the various AMPK subunits	false	medical_kg_gold				target	1		false
t::d001::ENT_52892270C62C368351C0	ENT_52892270C62C368351C0	target_d001	DISEASE	hypogonadism	false	medical_kg_gold				target	1		false
t::d001::ENT_5290415764F1475020EF	ENT_5290415764F1475020EF	target_d001	DRUG	GLP-1 agonists	false	medical_kg_gold				target	1		false
t::d001::ENT_5291111E23BA206D619B	ENT_5291111E23BA206D619B	target_d001	GENE	PDX-1 mRNA	false	medical_kg_gold				target	1		false
t::d001::ENT_52977BDB2C33647F5772	ENT_52977BDB2C33647F5772	target_d001	LIFESTYLE_FACTOR	persistent stress	false	medical_kg_gold				target	1		false
t::d001::ENT_52A0D1B53508DBF67105	ENT_52A0D1B53508DBF67105	target_d001	DISEASE	hyperuricemia	false	medical_kg_gold				target	1		false
t::d001::ENT_52C318F34DCE7EB43161	ENT_52C318F34DCE7EB43161	target_d001	OTHER	MI	false	medical_kg_gold				target	1		false
t::d001::ENT_52C9C606156B52BDAEA3	ENT_52C9C606156B52BDAEA3	target_d001	LAB_MEASUREMENT	serum bilirubin	false	medical_kg_gold				target	1		false
t::d001::ENT_52D474EA441890973E2B	ENT_52D474EA441890973E2B	target_d001	PROTEIN	plasma Fg	false	medical_kg_gold				target	1		false
t::d001::ENT_52E556D7B9149E711945	ENT_52E556D7B9149E711945	target_d001	PHYSIOLOGICAL_PROCESS	frequency of ARC neuronal discharges	false	medical_kg_gold				target	1		false
t::d001::ENT_52EABDB44222B859AA7E	ENT_52EABDB44222B859AA7E	target_d001	TISSUE	visceral adipose tissue	false	medical_kg_gold				target	1		false
t::d001::ENT_52EAE3E06B65AB57C58D	ENT_52EAE3E06B65AB57C58D	target_d001	PHYSIOLOGICAL_PROCESS	islet β-cell function	false	medical_kg_gold				target	1		false
t::d001::ENT_52F37B8C26A0F89F9883	ENT_52F37B8C26A0F89F9883	target_d001	DISEASE	non-diabetic renal diseases	false	medical_kg_gold				target	1		false
t::d001::ENT_5303B66A7888CA1A2A61	ENT_5303B66A7888CA1A2A61	target_d001	PROTEIN	FGF21	false	medical_kg_gold				target	1		false
t::d001::ENT_530B1C3626FABD3B35A8	ENT_530B1C3626FABD3B35A8	target_d001	GENE	the Ser447Ter polymorphism in the LPL gene	false	medical_kg_gold				target	1		false
t::d001::ENT_530FAE6A14A904A5EF39	ENT_530FAE6A14A904A5EF39	target_d001	DISEASE	CKD	false	medical_kg_gold				target	1		false
t::d001::ENT_532767C178D4890D31C4	ENT_532767C178D4890D31C4	target_d001	BIOLOGICAL_PROCESS	SIRT1 activation	false	medical_kg_gold				target	1		false
t::d001::ENT_5334823EABB5369CD349	ENT_5334823EABB5369CD349	target_d001	PROTEIN	urine Alb	false	medical_kg_gold				target	1		false
t::d001::ENT_533AE51B58AB7CD7D88A	ENT_533AE51B58AB7CD7D88A	target_d001	DIET	high-carbohydrate diet	false	medical_kg_gold				target	1		false
t::d001::ENT_5341F5B0CB0EFD10279E	ENT_5341F5B0CB0EFD10279E	target_d001	BIOMARKER	pro-BNP	false	medical_kg_gold				target	1		false
t::d001::ENT_53468BC341BABC19D011	ENT_53468BC341BABC19D011	target_d001	LAB_MEASUREMENT	right baPWV	false	medical_kg_gold				target	1		false
t::d001::ENT_53710D9619A0407E15A9	ENT_53710D9619A0407E15A9	target_d001	METABOLITE	higher branched chain amino acid levels	false	medical_kg_gold				target	1		false
t::d001::ENT_5386B975853D110960C0	ENT_5386B975853D110960C0	target_d001	POPULATION	population	false	medical_kg_gold				target	1		false
t::d001::ENT_5396D4F02BE52040C95C	ENT_5396D4F02BE52040C95C	target_d001	PHENOTYPE	Dyslipidemia	false	medical_kg_gold				target	1		false
t::d001::ENT_53996421081FC3BAF6E8	ENT_53996421081FC3BAF6E8	target_d001	GENE	SLC4A10	false	medical_kg_gold				target	1		false
t::d001::ENT_539C19C9EF415C97B642	ENT_539C19C9EF415C97B642	target_d001	LAB_MEASUREMENT	LAVIa	false	medical_kg_gold				target	1		false
t::d001::ENT_53A2FD122491CD050841	ENT_53A2FD122491CD050841	target_d001	LAB_MEASUREMENT	MPV	false	medical_kg_gold				target	1		false
t::d001::ENT_53ABFDF16D8D0810C352	ENT_53ABFDF16D8D0810C352	target_d001	OTHER	ZDSD rat	false	medical_kg_gold				target	1		false
t::d001::ENT_53B0971B3D7FC5FFEEFF	ENT_53B0971B3D7FC5FFEEFF	target_d001	OTHER	TG-lowering alleles involved in hepatic production of TG-rich lipoproteins (TM6SF2 and PNPLA3)	false	medical_kg_gold				target	1		false
t::d001::ENT_53BAADCB1A265FDD3BED	ENT_53BAADCB1A265FDD3BED	target_d001	LIFESTYLE_FACTOR	a gradual decreasing amount of physical activity and increasing consumption of calories and fat	false	medical_kg_gold				target	1		false
t::d001::ENT_53CE4BD1C993767938CD	ENT_53CE4BD1C993767938CD	target_d001	PHENOTYPE	increase of load pressure	false	medical_kg_gold				target	1		false
t::d001::ENT_53D2628AFFCB462BC71E	ENT_53D2628AFFCB462BC71E	target_d001	DRUG	low-dose streptozotocin	false	medical_kg_gold				target	1		false
t::d001::ENT_53DD0CF1030A467A1B8F	ENT_53DD0CF1030A467A1B8F	target_d001	PHENOTYPE	change of plasma secrete PLA2 activity	false	medical_kg_gold				target	1		false
t::d001::ENT_53E875071C1117E13CFE	ENT_53E875071C1117E13CFE	target_d001	DISEASE	primary obesity	false	medical_kg_gold				target	1		false
t::d001::ENT_53FA74DFA018C20BA71C	ENT_53FA74DFA018C20BA71C	target_d001	SYMPTOM	deep and thready pulse	false	medical_kg_gold				target	1		false
t::d001::ENT_54071E3BE326F65AC851	ENT_54071E3BE326F65AC851	target_d001	DISEASE	biliary fistula	false	medical_kg_gold				target	1		false
t::d001::ENT_54133F05E06D49D095BD	ENT_54133F05E06D49D095BD	target_d001	GENE	CC genotype	false	medical_kg_gold				target	1		false
t::d001::ENT_541BACD5A5F8676DCBFB	ENT_541BACD5A5F8676DCBFB	target_d001	DRUG	Naoxintong Capsule	false	medical_kg_gold				target	1		false
t::d001::ENT_5428356BC5A539FCEE59	ENT_5428356BC5A539FCEE59	target_d001	BIOMARKER	serum SCC level	false	medical_kg_gold				target	1		false
t::d001::ENT_54496DDDA40AFD5C7B75	ENT_54496DDDA40AFD5C7B75	target_d001	METABOLITE	testosterone	false	medical_kg_gold				target	1		false
t::d001::ENT_545BE0043C1BF89359A3	ENT_545BE0043C1BF89359A3	target_d001	GENE	AA genotype	false	medical_kg_gold				target	1		false
t::d001::ENT_5461B573DDEB76E3C886	ENT_5461B573DDEB76E3C886	target_d001	OTHER	Mutation at nt3714 A→G	false	medical_kg_gold				target	1		false
t::d001::ENT_5475DA37F1EA8878B414	ENT_5475DA37F1EA8878B414	target_d001	DRUG	Glucobay	false	medical_kg_gold				target	1		false
t::d001::ENT_548F51129DF1A203884D	ENT_548F51129DF1A203884D	target_d001	DISEASE	cardiac insufficiency	false	medical_kg_gold				target	1		false
t::d001::ENT_54901655743C7CCD49B1	ENT_54901655743C7CCD49B1	target_d001	OTHER	H3K23Ac	false	medical_kg_gold				target	1		false
t::d001::ENT_549E8D8901A093A78253	ENT_549E8D8901A093A78253	target_d001	PHYSIOLOGICAL_PROCESS	right ventricular function	false	medical_kg_gold				target	1		false
t::d001::ENT_549E8DF815644D9AF047	ENT_549E8DF815644D9AF047	target_d001	BIOLOGICAL_PROCESS	epigenetics	false	medical_kg_gold				target	1		false
t::d001::ENT_54A4A6FFB8D57391A402	ENT_54A4A6FFB8D57391A402	target_d001	PROTEIN	PEA15	false	medical_kg_gold				target	1		false
t::d001::ENT_54A93010614A8A785C4D	ENT_54A93010614A8A785C4D	target_d001	GENE	HMGA1 gene	false	medical_kg_gold				target	1		false
t::d001::ENT_54B37580500E2E849B55	ENT_54B37580500E2E849B55	target_d001	LIFESTYLE_FACTOR	lifestyle indicators	false	medical_kg_gold				target	1		false
t::d001::ENT_54C04B1CED6D6094D0D7	ENT_54C04B1CED6D6094D0D7	target_d001	OTHER	FABP2 gene polymorphism	false	medical_kg_gold				target	1		false
t::d001::ENT_54D56B9460FEE431569D	ENT_54D56B9460FEE431569D	target_d001	TREATMENT	Wound care and treatment with antibiotic combination, adalimumab and metformin	false	medical_kg_gold				target	1		false
t::d001::ENT_54D8FCBA8195EDF7C54D	ENT_54D8FCBA8195EDF7C54D	target_d001	DISEASE	micro and macro vascular diseases	false	medical_kg_gold				target	1		false
t::d001::ENT_5507380E1542DF36436A	ENT_5507380E1542DF36436A	target_d001	BIOMARKER	common G allele	false	medical_kg_gold				target	1		false
t::d001::ENT_55152D40B6373C030C1E	ENT_55152D40B6373C030C1E	target_d001	PHENOTYPE	inflammatory changes	false	medical_kg_gold				target	1		false
t::d001::ENT_552B6F0CB7409BF5BA21	ENT_552B6F0CB7409BF5BA21	target_d001	DISEASE	Hyperglycemic hyperosmolar nonketotic state	false	medical_kg_gold				target	1		false
t::d001::ENT_552BE8B95B639113F8D2	ENT_552BE8B95B639113F8D2	target_d001	POPULATION	aging population	false	medical_kg_gold				target	1		false
t::d001::ENT_552FF26B07D1210A4AED	ENT_552FF26B07D1210A4AED	target_d001	GENE	SLC30A8 gene polymorphism (rs13266634)	false	medical_kg_gold				target	1		false
t::d001::ENT_5531961234CA864A26EE	ENT_5531961234CA864A26EE	target_d001	TREATMENT	Huanglian Jiedu decoction combined with metformin	false	medical_kg_gold				target	1		false
t::d001::ENT_55366EEA01588FE9FF1D	ENT_55366EEA01588FE9FF1D	target_d001	OTHER	rs974456	false	medical_kg_gold				target	1		false
t::d001::ENT_5554CC5641610C329AAE	ENT_5554CC5641610C329AAE	target_d001	DIET	yetersiz ve dengesiz beslenme	false	medical_kg_gold				target	1		false
t::d001::ENT_555C66EABE43EFBA962C	ENT_555C66EABE43EFBA962C	target_d001	PROTEIN	circulatory acute response proteins and cytokines	false	medical_kg_gold				target	1		false
t::d001::ENT_557958C706F4ECDFA93B	ENT_557958C706F4ECDFA93B	target_d001	DRUG	alogliptin	false	medical_kg_gold				target	1		false
t::d001::ENT_5584C2CC0932D123D27F	ENT_5584C2CC0932D123D27F	target_d001	BIOLOGICAL_PROCESS	Apoptosis of peripheral blood leukocytes	false	medical_kg_gold				target	1		false
t::d001::ENT_55A8F7FE651935849701	ENT_55A8F7FE651935849701	target_d001	DRUG	second generation atypical antipsychotic drugs	false	medical_kg_gold				target	1		false
t::d001::ENT_55C0229677A2158FA097	ENT_55C0229677A2158FA097	target_d001	SYMPTOM	depression	false	medical_kg_gold				target	1		false
t::d001::ENT_55CCE2E9C85A2399C578	ENT_55CCE2E9C85A2399C578	target_d001	LAB_MEASUREMENT	serum ferritin concentration	false	medical_kg_gold				target	1		false
t::d001::ENT_55D662EF8D59C46819D2	ENT_55D662EF8D59C46819D2	target_d001	METABOLITE	sialic acid	false	medical_kg_gold				target	1		false
t::d001::ENT_55DDCA8A2E55D0C24B33	ENT_55DDCA8A2E55D0C24B33	target_d001	METABOLITE	HLD-C	false	medical_kg_gold				target	1		false
t::d001::ENT_55DF5F60F422191ECB10	ENT_55DF5F60F422191ECB10	target_d001	NUTRIENT	carotino	false	medical_kg_gold				target	1		false
t::d001::ENT_55E1F45981B947537089	ENT_55E1F45981B947537089	target_d001	PROTEIN	glutathione peroxidase	false	medical_kg_gold				target	1		false
t::d001::ENT_55E505C709CA894F4126	ENT_55E505C709CA894F4126	target_d001	DISEASE	acute and late vascular complications	false	medical_kg_gold				target	1		false
t::d001::ENT_55FBF38B279FDBBFFFE9	ENT_55FBF38B279FDBBFFFE9	target_d001	PROTEIN	C肽	false	medical_kg_gold				target	1		false
t::d001::ENT_5602196FC20947DFE06E	ENT_5602196FC20947DFE06E	target_d001	SYMPTOM	thirsty	false	medical_kg_gold				target	1		false
t::d001::ENT_56085D86FF5FE01EBAD5	ENT_56085D86FF5FE01EBAD5	target_d001	PROTEIN	SP	false	medical_kg_gold				target	1		false
t::d001::ENT_5613A81611F6C5403D5F	ENT_5613A81611F6C5403D5F	target_d001	INTERVENTION	systematic continuous health management	false	medical_kg_gold				target	1		false
t::d001::ENT_5621775EF4EE6AD0F0BF	ENT_5621775EF4EE6AD0F0BF	target_d001	OTHER	UCP3 mRNA expression of skeletal muscle	false	medical_kg_gold				target	1		false
t::d001::ENT_562236B9DA4E2B31B444	ENT_562236B9DA4E2B31B444	target_d001	LAB_MEASUREMENT	night systolic pressure	false	medical_kg_gold				target	1		false
t::d001::ENT_5646492442CD09DD5D48	ENT_5646492442CD09DD5D48	target_d001	CLINICAL_OUTCOME	health-related quality of life (HRQoL)	false	medical_kg_gold				target	1		false
t::d001::ENT_564EE7F68BEECB8E5FCB	ENT_564EE7F68BEECB8E5FCB	target_d001	OTHER	misfolded, aggregated form of this peptide	false	medical_kg_gold				target	1		false
t::d001::ENT_565F720B2C1CAC71D990	ENT_565F720B2C1CAC71D990	target_d001	DRUG	vitamin D	false	medical_kg_gold				target	1		false
t::d001::ENT_566D7FC2133C15EBD3DA	ENT_566D7FC2133C15EBD3DA	target_d001	PROTEIN	SS	false	medical_kg_gold				target	1		false
t::d001::ENT_566E8BE6AD21A3E850C0	ENT_566E8BE6AD21A3E850C0	target_d001	LAB_MEASUREMENT	LDL cholesterol (mg/dL)	false	medical_kg_gold				target	1		false
t::d001::ENT_5671981E82224EFB50FC	ENT_5671981E82224EFB50FC	target_d001	PROTEIN	plasma ghrelin	false	medical_kg_gold				target	1		false
t::d001::ENT_56809C9FE2D0DC83CCF6	ENT_56809C9FE2D0DC83CCF6	target_d001	POPULATION	people in the U.S.	false	medical_kg_gold				target	1		false
t::d001::ENT_56829CE80E70011AB81B	ENT_56829CE80E70011AB81B	target_d001	TREATMENT	glycemic control	false	medical_kg_gold				target	1		false
t::d001::ENT_568D88FCC6F71B628825	ENT_568D88FCC6F71B628825	target_d001	DISEASE	Acanthosis nigricans	false	medical_kg_gold				target	1		false
t::d001::ENT_568F1558B0625E40BFA3	ENT_568F1558B0625E40BFA3	target_d001	TREATMENT	treatment of HCV infection	false	medical_kg_gold				target	1		false
t::d001::ENT_56923E758DA8B3A6F3FA	ENT_56923E758DA8B3A6F3FA	target_d001	TREATMENT	Insulin glargine combined short-action insulin	false	medical_kg_gold				target	1		false
t::d001::ENT_569D3FE36D5855DEF551	ENT_569D3FE36D5855DEF551	target_d001	GENE	Asp9Asn, Asn291Ser and PvuⅡpolymorphisms in the LPL gene	false	medical_kg_gold				target	1		false
t::d001::ENT_56B1A929B89584D21F4A	ENT_56B1A929B89584D21F4A	target_d001	BEHAVIOR	quality and quantity of sleep	false	medical_kg_gold				target	1		false
t::d001::ENT_56B1B0971E114FBF8198	ENT_56B1B0971E114FBF8198	target_d001	DRUG	sulfonylurea	false	medical_kg_gold				target	1		false
t::d001::ENT_56B7CD77FE2036C58EFE	ENT_56B7CD77FE2036C58EFE	target_d001	TREATMENT	TCM	false	medical_kg_gold				target	1		false
t::d001::ENT_56B8358410F19DF098DD	ENT_56B8358410F19DF098DD	target_d001	OTHER	HDL cholesterol decreasing gene scores	false	medical_kg_gold				target	1		false
t::d001::ENT_56BA12DFA6BCB40E0154	ENT_56BA12DFA6BCB40E0154	target_d001	PHENOTYPE	accumulation of lipid intermediates	false	medical_kg_gold				target	1		false
t::d001::ENT_56C391AB844014583F53	ENT_56C391AB844014583F53	target_d001	DISEASE	psychosomatic disorder-related syndromes	false	medical_kg_gold				target	1		false
t::d001::ENT_56DCD80C6FE89B1C2B66	ENT_56DCD80C6FE89B1C2B66	target_d001	PROTEIN	TGF-β_1	false	medical_kg_gold				target	1		false
t::d001::ENT_56F4E42A8791CEC49BA7	ENT_56F4E42A8791CEC49BA7	target_d001	PROTEIN	soluble E-selectin	false	medical_kg_gold				target	1		false
t::d001::ENT_57020A6D9502FF268E1B	ENT_57020A6D9502FF268E1B	target_d001	ENVIRONMENTAL_EXPOSURE	exposure to environmental chemicals	false	medical_kg_gold				target	1		false
t::d001::ENT_57030222606C570A257B	ENT_57030222606C570A257B	target_d001	METABOLITE	Cu	false	medical_kg_gold				target	1		false
t::d001::ENT_570C0CDD0C9113F71209	ENT_570C0CDD0C9113F71209	target_d001	PHENOTYPE	fibrosis	false	medical_kg_gold				target	1		false
t::d001::ENT_57255A6FF725B19D6E39	ENT_57255A6FF725B19D6E39	target_d001	LAB_MEASUREMENT	QTc dispersion	false	medical_kg_gold				target	1		false
t::d001::ENT_574310349DFA26D1F63B	ENT_574310349DFA26D1F63B	target_d001	BIOLOGICAL_PROCESS	oxidative stress	false	medical_kg_gold				target	1		false
t::d001::ENT_5744E4032B6734FBF7D2	ENT_5744E4032B6734FBF7D2	target_d001	CELL	monocyte subsets	false	medical_kg_gold				target	1		false
t::d001::ENT_574A54C62393A2F54A31	ENT_574A54C62393A2F54A31	target_d001	LAB_MEASUREMENT	serum ADA level	false	medical_kg_gold				target	1		false
t::d001::ENT_5780BB4AEDD78668705D	ENT_5780BB4AEDD78668705D	target_d001	PROTEIN	serum visfatin	false	medical_kg_gold				target	1		false
t::d001::ENT_578489D8DE2506AAD97A	ENT_578489D8DE2506AAD97A	target_d001	PROTEIN	plasma chemerin	false	medical_kg_gold				target	1		false
t::d001::ENT_578B30CDCD36EEA6CE67	ENT_578B30CDCD36EEA6CE67	target_d001	OTHER	Adiponectin gene SNP + 276 T / G	false	medical_kg_gold				target	1		false
t::d001::ENT_578FF25E1B3BACCF5198	ENT_578FF25E1B3BACCF5198	target_d001	PHYSIOLOGICAL_PROCESS	first-phase and early-phase insulin secretion	false	medical_kg_gold				target	1		false
t::d001::ENT_57981C4C6D5750A162C7	ENT_57981C4C6D5750A162C7	target_d001	LAB_MEASUREMENT	QTcd	false	medical_kg_gold				target	1		false
t::d001::ENT_57A278C9F0BAF49AEFA1	ENT_57A278C9F0BAF49AEFA1	target_d001	PROTEIN	adiponectin receptors	false	medical_kg_gold				target	1		false
t::d001::ENT_57A3736F4801082D4FF4	ENT_57A3736F4801082D4FF4	target_d001	BIOMARKER	plasminogen activator inhibitor type-1	false	medical_kg_gold				target	1		false
t::d001::ENT_57B60F3BC2A45C3D0A05	ENT_57B60F3BC2A45C3D0A05	target_d001	PHENOTYPE	echo enhancement	false	medical_kg_gold				target	1		false
t::d001::ENT_57C3FD451504BC3A1F26	ENT_57C3FD451504BC3A1F26	target_d001	PROTEIN	fetuins	false	medical_kg_gold				target	1		false
t::d001::ENT_57FD03D7FB1954F961D7	ENT_57FD03D7FB1954F961D7	target_d001	OTHER	hematologic abnormalities	false	medical_kg_gold				target	1		false
t::d001::ENT_58016451D666153CD55C	ENT_58016451D666153CD55C	target_d001	INTERVENTION	self-empowerment	false	medical_kg_gold				target	1		false
t::d001::ENT_580A7BA3AC01EBB7F78F	ENT_580A7BA3AC01EBB7F78F	target_d001	BIOMARKER	amplitude density of P1 wave	false	medical_kg_gold				target	1		false
t::d001::ENT_58227EE6EEDFAA9D0B79	ENT_58227EE6EEDFAA9D0B79	target_d001	DISEASE	multi-vessel disease	false	medical_kg_gold				target	1		false
t::d001::ENT_5842AEB6B8F84953B001	ENT_5842AEB6B8F84953B001	target_d001	DISEASE	periodontal disease	false	medical_kg_gold				target	1		false
t::d001::ENT_5847D5CE9BAE16F0A43A	ENT_5847D5CE9BAE16F0A43A	target_d001	EXERCISE	physical exercises	false	medical_kg_gold				target	1		false
t::d001::ENT_5854AF24CFFCA0EAB1D2	ENT_5854AF24CFFCA0EAB1D2	target_d001	DISEASE	Candida infection	false	medical_kg_gold				target	1		false
t::d001::ENT_586BF26B2CB24DEE3F0B	ENT_586BF26B2CB24DEE3F0B	target_d001	PHENOTYPE	early loss of insulin secretion capacity	false	medical_kg_gold				target	1		false
t::d001::ENT_586FF2F8A77DB5394D0D	ENT_586FF2F8A77DB5394D0D	target_d001	BIOMARKER	alpha-fetoprotein (AFP)	false	medical_kg_gold				target	1		false
t::d001::ENT_5877C9C040BB921A4270	ENT_5877C9C040BB921A4270	target_d001	DISEASE	chronic obstructive pulmonary disease(COPD)	false	medical_kg_gold				target	1		false
t::d001::ENT_587BC71DD072E2547956	ENT_587BC71DD072E2547956	target_d001	GENE	SLC30A8 gene	false	medical_kg_gold				target	1		false
t::d001::ENT_587D3D395F705E15681D	ENT_587D3D395F705E15681D	target_d001	LAB_MEASUREMENT	meanInten	false	medical_kg_gold				target	1		false
t::d001::ENT_5884798D67A04E79F813	ENT_5884798D67A04E79F813	target_d001	POPULATION	South Asians	false	medical_kg_gold				target	1		false
t::d001::ENT_58926FBC4474ED4030E9	ENT_58926FBC4474ED4030E9	target_d001	PROTEIN	plasma visfatin level	false	medical_kg_gold				target	1		false
t::d001::ENT_58AECD24D8F78DF1F896	ENT_58AECD24D8F78DF1F896	target_d001	DRUG	Quyuhuatan decoction	false	medical_kg_gold				target	1		false
t::d001::ENT_58B9F60B10EDA7712FF5	ENT_58B9F60B10EDA7712FF5	target_d001	DIET	high carbohydrate intake	false	medical_kg_gold				target	1		false
t::d001::ENT_58BBDF17C069ADD8C4C2	ENT_58BBDF17C069ADD8C4C2	target_d001	LAB_MEASUREMENT	pulse wave conducting velocity (PWVβ)	false	medical_kg_gold				target	1		false
t::d001::ENT_58C1F2E9839D154EFFC9	ENT_58C1F2E9839D154EFFC9	target_d001	OTHER	Long-term glycemic control not depending on insulin	false	medical_kg_gold				target	1		false
t::d001::ENT_58C293E6A345837E81BE	ENT_58C293E6A345837E81BE	target_d001	OTHER	Yang deficiency	false	medical_kg_gold				target	1		false
t::d001::ENT_58D35406AD45790BFAA0	ENT_58D35406AD45790BFAA0	target_d001	PROTEIN	plasma vWF	false	medical_kg_gold				target	1		false
t::d001::ENT_58D41D11CA902DA2D80B	ENT_58D41D11CA902DA2D80B	target_d001	LAB_MEASUREMENT	blood Cu	false	medical_kg_gold				target	1		false
t::d001::ENT_58D7AB7D3E490F41D332	ENT_58D7AB7D3E490F41D332	target_d001	LIFESTYLE_FACTOR	absence of physical activity	false	medical_kg_gold				target	1		false
t::d001::ENT_58E1E457BD91E4FD06F3	ENT_58E1E457BD91E4FD06F3	target_d001	OTHER	Early detection of insulin resistance	false	medical_kg_gold				target	1		false
t::d001::ENT_58F4BCFB8DE34031D99D	ENT_58F4BCFB8DE34031D99D	target_d001	CLINICAL_OUTCOME	higher incidence of atherosclerotic plaque	false	medical_kg_gold				target	1		false
t::d001::ENT_58FB9BA080294FB85B59	ENT_58FB9BA080294FB85B59	target_d001	OTHER	KCNJ11 rs5219	false	medical_kg_gold				target	1		false
t::d001::ENT_58FC1CE68B73EFADB0A8	ENT_58FC1CE68B73EFADB0A8	target_d001	DISEASE	hepatitis C	false	medical_kg_gold				target	1		false
t::d001::ENT_590057FF8600F6A15685	ENT_590057FF8600F6A15685	target_d001	CLINICAL_OUTCOME	complications leading to early morbidity and mortality of patients	false	medical_kg_gold				target	1		false
t::d001::ENT_590576E31FD4C177216B	ENT_590576E31FD4C177216B	target_d001	BIOMARKER	soluble fibrinomonomer compound	false	medical_kg_gold				target	1		false
t::d001::ENT_59251271E42E492FC91E	ENT_59251271E42E492FC91E	target_d001	LAB_MEASUREMENT	AD	false	medical_kg_gold				target	1		false
t::d001::ENT_59378AF3854808A3F88C	ENT_59378AF3854808A3F88C	target_d001	METABOLITE	serum Fe	false	medical_kg_gold				target	1		false
t::d001::ENT_593B6B4F85DC1DA9E7BB	ENT_593B6B4F85DC1DA9E7BB	target_d001	POPULATION	population of Pakistan	false	medical_kg_gold				target	1		false
t::d001::ENT_59616C13A549566028E4	ENT_59616C13A549566028E4	target_d001	DISEASE	NASH	false	medical_kg_gold				target	1		false
t::d001::ENT_59666655A77DE66279AB	ENT_59666655A77DE66279AB	target_d001	OTHER	Clostridium leptum	false	medical_kg_gold				target	1		false
t::d001::ENT_5972D4C15AEA365DCB05	ENT_5972D4C15AEA365DCB05	target_d001	GENE	KCNJ11 (rs5219)	false	medical_kg_gold				target	1		false
t::d001::ENT_5972D98F25AA5FA4E800	ENT_5972D98F25AA5FA4E800	target_d001	BIOMARKER	RNFL thickness	false	medical_kg_gold				target	1		false
t::d001::ENT_597370F3ECC551C3198C	ENT_597370F3ECC551C3198C	target_d001	DRUG	fixed-dose glipizide/metformin	false	medical_kg_gold				target	1		false
t::d001::ENT_59844EE016C704AF8523	ENT_59844EE016C704AF8523	target_d001	DISEASE	MELAS	false	medical_kg_gold				target	1		false
t::d001::ENT_598ABF7864C9F20461AA	ENT_598ABF7864C9F20461AA	target_d001	DRUG	glibenclamide	false	medical_kg_gold				target	1		false
t::d001::ENT_598F62E75745DF1D60B5	ENT_598F62E75745DF1D60B5	target_d001	TREATMENT	PCA	false	medical_kg_gold				target	1		false
t::d001::ENT_599EB1B6637AB442844F	ENT_599EB1B6637AB442844F	target_d001	DISEASE	generalized anxiety disorder	false	medical_kg_gold				target	1		false
t::d001::ENT_59A1C6035E010E4887AA	ENT_59A1C6035E010E4887AA	target_d001	LIFESTYLE_FACTOR	smoking	false	medical_kg_gold				target	1		false
t::d001::ENT_59A7C3348CC4F9E0F9DF	ENT_59A7C3348CC4F9E0F9DF	target_d001	CLINICAL_OUTCOME	Beck Depression Inventory 2nd edition (BDI-II) scores	false	medical_kg_gold				target	1		false
t::d001::ENT_59B58DD4DE68FBCB95FD	ENT_59B58DD4DE68FBCB95FD	target_d001	CLINICAL_OUTCOME	cardiovascular events	false	medical_kg_gold				target	1		false
t::d001::ENT_59B978F768A6A0F15371	ENT_59B978F768A6A0F15371	target_d001	COMPOUND	pumpkin polysaccharides	false	medical_kg_gold				target	1		false
t::d001::ENT_59BFBD614056C72EF1EB	ENT_59BFBD614056C72EF1EB	target_d001	DISEASE	isolated systolic hypertension	false	medical_kg_gold				target	1		false
t::d001::ENT_59C2BC4DFD36D0B37539	ENT_59C2BC4DFD36D0B37539	target_d001	PHENOTYPE	lipid metabolic disturbance	false	medical_kg_gold				target	1		false
t::d001::ENT_59DCB4BF63B3AD213F5D	ENT_59DCB4BF63B3AD213F5D	target_d001	BIOMARKER	serum 25-hydroxyvitamin D level	false	medical_kg_gold				target	1		false
t::d001::ENT_59F4D7796E6B0A009901	ENT_59F4D7796E6B0A009901	target_d001	CLINICAL_OUTCOME	ICU (intensive care unit) stay time	false	medical_kg_gold				target	1		false
t::d001::ENT_59F5BCBC3B678DF2F993	ENT_59F5BCBC3B678DF2F993	target_d001	GENE	UCP3	false	medical_kg_gold				target	1		false
t::d001::ENT_59FDC94D9C673D490BE3	ENT_59FDC94D9C673D490BE3	target_d001	LAB_MEASUREMENT	PP	false	medical_kg_gold				target	1		false
t::d001::ENT_5A01098AF42110BF5A2B	ENT_5A01098AF42110BF5A2B	target_d001	METABOLITE	serum HDL cholesterol	false	medical_kg_gold				target	1		false
t::d001::ENT_5A1785B19704CCC14A33	ENT_5A1785B19704CCC14A33	target_d001	OTHER	rs2802288, rs8192678 and ageing	false	medical_kg_gold				target	1		false
t::d001::ENT_5A1DE613E6CDF13D88A0	ENT_5A1DE613E6CDF13D88A0	target_d001	POPULATION	DKD cases	false	medical_kg_gold				target	1		false
t::d001::ENT_5A395802082FA83363C9	ENT_5A395802082FA83363C9	target_d001	POPULATION	overweight and obese individuals	false	medical_kg_gold				target	1		false
t::d001::ENT_5A3A7A62C16048B0A2F2	ENT_5A3A7A62C16048B0A2F2	target_d001	BIOMARKER	C825T polymorphism of GN�3 gene	false	medical_kg_gold				target	1		false
t::d001::ENT_5A3AC810F4ACB7DA37D9	ENT_5A3AC810F4ACB7DA37D9	target_d001	OTHER	ZnT8 inhibition	false	medical_kg_gold				target	1		false
t::d001::ENT_5A421E60177261D59B65	ENT_5A421E60177261D59B65	target_d001	GENE	APOA5 -1131 allele C	false	medical_kg_gold				target	1		false
t::d001::ENT_5A460B2E50259C214B63	ENT_5A460B2E50259C214B63	target_d001	METABOLITE	plasma FFA	false	medical_kg_gold				target	1		false
t::d001::ENT_5A4957E00A60D48A1D0C	ENT_5A4957E00A60D48A1D0C	target_d001	DRUG	dipeptidyl peptidase-4 inhibitors	false	medical_kg_gold				target	1		false
t::d001::ENT_5A62B046C598F8DDDA14	ENT_5A62B046C598F8DDDA14	target_d001	PHENOTYPE	vascular endothelial injury	false	medical_kg_gold				target	1		false
t::d001::ENT_5A6BC3D435E4E0466DC6	ENT_5A6BC3D435E4E0466DC6	target_d001	PHENOTYPE	three-vessel lesion	false	medical_kg_gold				target	1		false
t::d001::ENT_5A6CFA91D8B8ED43A6D9	ENT_5A6CFA91D8B8ED43A6D9	target_d001	METABOLITE	serum ADMA level	false	medical_kg_gold				target	1		false
t::d001::ENT_5A6D76E98DDE5A719A9E	ENT_5A6D76E98DDE5A719A9E	target_d001	TREATMENT	Jinkui Shenqi Pill combined hypoglycemic drugs	false	medical_kg_gold				target	1		false
t::d001::ENT_5A7313097CA49C13DA86	ENT_5A7313097CA49C13DA86	target_d001	BIOMARKER	11-point amplitude perturbation quotient shimmer	false	medical_kg_gold				target	1		false
t::d001::ENT_5A7BEE2FBD0820DFBA3E	ENT_5A7BEE2FBD0820DFBA3E	target_d001	BIOMARKER	HbAlc	false	medical_kg_gold				target	1		false
t::d001::ENT_5A7FB3CAEE4DC821D235	ENT_5A7FB3CAEE4DC821D235	target_d001	DRUG	derivatives of fibroblast growth factor 21 (FGF-21)	false	medical_kg_gold				target	1		false
t::d001::ENT_5A850AA98D1E7DA74477	ENT_5A850AA98D1E7DA74477	target_d001	GENE	Leu72Met polymorphism of preproghrelin gene	false	medical_kg_gold				target	1		false
t::d001::ENT_5A8ABACB452CECE9FC45	ENT_5A8ABACB452CECE9FC45	target_d001	PROTEIN	PSA	false	medical_kg_gold				target	1		false
t::d001::ENT_5A8F1BA5D682067B2FD7	ENT_5A8F1BA5D682067B2FD7	target_d001	BEHAVIOR	maintenance of good psychological condition	false	medical_kg_gold				target	1		false
t::d001::ENT_5A9B79F99E48D4C2D1E7	ENT_5A9B79F99E48D4C2D1E7	target_d001	METABOLITE	glycine	false	medical_kg_gold				target	1		false
t::d001::ENT_5AB92914DFEC4A7C440E	ENT_5AB92914DFEC4A7C440E	target_d001	LAB_MEASUREMENT	serum APN levels	false	medical_kg_gold				target	1		false
t::d001::ENT_5AC0383A6577B6C0EBA5	ENT_5AC0383A6577B6C0EBA5	target_d001	TISSUE	keratoconjunctival epithelium	false	medical_kg_gold				target	1		false
t::d001::ENT_5AD93EE985D322975F29	ENT_5AD93EE985D322975F29	target_d001	DISEASE	O	false	medical_kg_gold				target	1		false
t::d001::ENT_5ADD1A5DF3F967A2E66C	ENT_5ADD1A5DF3F967A2E66C	target_d001	BIOMARKER	serum levels of Fetuin-A	false	medical_kg_gold				target	1		false
t::d001::ENT_5AEB4DABC600B90ED861	ENT_5AEB4DABC600B90ED861	target_d001	BIOMARKER	high sensitive C reactive protein	false	medical_kg_gold				target	1		false
t::d001::ENT_5AECD036835885F32358	ENT_5AECD036835885F32358	target_d001	METABOLITE	polyunsaturated fatty acids(PUFA)	false	medical_kg_gold				target	1		false
t::d001::ENT_5B0E66C3EE37ED87F7A7	ENT_5B0E66C3EE37ED87F7A7	target_d001	BIOMARKER	plasma chemerin levels	false	medical_kg_gold				target	1		false
t::d001::ENT_5B10E7D43F131825CACC	ENT_5B10E7D43F131825CACC	target_d001	TREATMENT	Lifestyle modification	false	medical_kg_gold				target	1		false
t::d001::ENT_5B1C0D39B0AED0CDB199	ENT_5B1C0D39B0AED0CDB199	target_d001	GENE	CRP tag SNP rs1205	false	medical_kg_gold				target	1		false
t::d001::ENT_5B340EA1A91F908EBB12	ENT_5B340EA1A91F908EBB12	target_d001	BIOMARKER	MMP-9 expression and activity	false	medical_kg_gold				target	1		false
t::d001::ENT_5B43C9D28903C611C99E	ENT_5B43C9D28903C611C99E	target_d001	OTHER	proteins or peptides folding incorrectly and aggregating into fibrils or plaques	false	medical_kg_gold				target	1		false
t::d001::ENT_5B51416010D21D15EB91	ENT_5B51416010D21D15EB91	target_d001	OTHER	S1 allele	false	medical_kg_gold				target	1		false
t::d001::ENT_5B74259DD1943AC99184	ENT_5B74259DD1943AC99184	target_d001	METABOLITE	plasma cortisol	false	medical_kg_gold				target	1		false
t::d001::ENT_5B7D4879857959DBB609	ENT_5B7D4879857959DBB609	target_d001	METABOLITE	TXB2	false	medical_kg_gold				target	1		false
t::d001::ENT_5B7DC1C8B7F965141C33	ENT_5B7DC1C8B7F965141C33	target_d001	SYMPTOM	vocal changes	false	medical_kg_gold				target	1		false
t::d001::ENT_5B802F372745E390623B	ENT_5B802F372745E390623B	target_d001	PHENOTYPE	loss of bone quantity	false	medical_kg_gold				target	1		false
t::d001::ENT_5B86B55EAE127AE6733D	ENT_5B86B55EAE127AE6733D	target_d001	BIOMARKER	STI	false	medical_kg_gold				target	1		false
t::d001::ENT_5B91DE3F7495102C1452	ENT_5B91DE3F7495102C1452	target_d001	COMPOUND	Total Ginsenoside	false	medical_kg_gold				target	1		false
t::d001::ENT_5B9B1A9A8E42E9EFC1C8	ENT_5B9B1A9A8E42E9EFC1C8	target_d001	PROTEIN	Nampt/Visfatin/PBEF	false	medical_kg_gold				target	1		false
t::d001::ENT_5BC0236FA1A41C3E3A3A	ENT_5BC0236FA1A41C3E3A3A	target_d001	PHENOTYPE	oxidative injury	false	medical_kg_gold				target	1		false
t::d001::ENT_5BC0B9FFDFFDA3D2D142	ENT_5BC0B9FFDFFDA3D2D142	target_d001	PHENOTYPE	nepravilnosti oblika nukleusa	false	medical_kg_gold				target	1		false
t::d001::ENT_5BD40DF3011E6618C786	ENT_5BD40DF3011E6618C786	target_d001	LAB_MEASUREMENT	bone mineral density of the tibial plateau	false	medical_kg_gold				target	1		false
t::d001::ENT_5BD96B17D6A5ECA52980	ENT_5BD96B17D6A5ECA52980	target_d001	PHYSIOLOGICAL_PROCESS	diastolic function	false	medical_kg_gold				target	1		false
t::d001::ENT_5BDCEDD0AF69213208E5	ENT_5BDCEDD0AF69213208E5	target_d001	OTHER	PPARγ2 gene Prol2Ala polymorphism	false	medical_kg_gold				target	1		false
t::d001::ENT_5BDEA6D3807EFDA9D561	ENT_5BDEA6D3807EFDA9D561	target_d001	OTHER	The R1587K polymorphism of ABCA1 gene	false	medical_kg_gold				target	1		false
t::d001::ENT_5BE14CD855ED67ADFC03	ENT_5BE14CD855ED67ADFC03	target_d001	PHENOTYPE	extreme heat with yin asthenia	false	medical_kg_gold				target	1		false
t::d001::ENT_5BE40C193039C0588CFC	ENT_5BE40C193039C0588CFC	target_d001	OTHER	accumulation of risk alleles	false	medical_kg_gold				target	1		false
t::d001::ENT_5BE552BF6B8940891986	ENT_5BE552BF6B8940891986	target_d001	PROTEIN	platelet glycoprotein	false	medical_kg_gold				target	1		false
t::d001::ENT_5BE611A8A74C703F4765	ENT_5BE611A8A74C703F4765	target_d001	OTHER	other SNPs	false	medical_kg_gold				target	1		false
t::d001::ENT_5BF13B543447CE731191	ENT_5BF13B543447CE731191	target_d001	NUTRIENT	added salt	false	medical_kg_gold				target	1		false
t::d001::ENT_5C05FC3B67EB58C18FAC	ENT_5C05FC3B67EB58C18FAC	target_d001	COMPOUND	polyunsaturated fatty acid	false	medical_kg_gold				target	1		false
t::d001::ENT_5C0A2C5BFD366A67FB4F	ENT_5C0A2C5BFD366A67FB4F	target_d001	OTHER	enrichment of MAs of fast but not slow evolutionary rate	false	medical_kg_gold				target	1		false
t::d001::ENT_5C1B244B9C32D6486269	ENT_5C1B244B9C32D6486269	target_d001	PROTEIN	interleukin-1β	false	medical_kg_gold				target	1		false
t::d001::ENT_5C1D163ADF0D51A5749A	ENT_5C1D163ADF0D51A5749A	target_d001	BIOMARKER	corneal branch nerve fibre density of subbasal nerve plexus	false	medical_kg_gold				target	1		false
t::d001::ENT_5C1F6BA60E57C65902E8	ENT_5C1F6BA60E57C65902E8	target_d001	OTHER	IRS-2基因3′-UTR的T4064→C突变	false	medical_kg_gold				target	1		false
t::d001::ENT_5C2EB50616DFAAE8503D	ENT_5C2EB50616DFAAE8503D	target_d001	EXERCISE	increasing physical activity	false	medical_kg_gold				target	1		false
t::d001::ENT_5C38C5CDC6DEDDB438A0	ENT_5C38C5CDC6DEDDB438A0	target_d001	PROTEIN	serum adipsin	false	medical_kg_gold				target	1		false
t::d001::ENT_5C501653FC500BC5D4B0	ENT_5C501653FC500BC5D4B0	target_d001	GENE	HLA	false	medical_kg_gold				target	1		false
t::d001::ENT_5C622CC97DFDF081D1F3	ENT_5C622CC97DFDF081D1F3	target_d001	DISEASE	impaired fasting glucose	false	medical_kg_gold				target	1		false
t::d001::ENT_5C62FA7C21244CC60A46	ENT_5C62FA7C21244CC60A46	target_d001	LAB_MEASUREMENT	gallbladder volume	false	medical_kg_gold				target	1		false
t::d001::ENT_5C72EC845A26F23F3C80	ENT_5C72EC845A26F23F3C80	target_d001	DISEASE	HT	false	medical_kg_gold				target	1		false
t::d001::ENT_5C775EBBAFE406027C0C	ENT_5C775EBBAFE406027C0C	target_d001	PROTEIN	Interleukin-18	false	medical_kg_gold				target	1		false
t::d001::ENT_5C7B8AE06BEA3E1D1B74	ENT_5C7B8AE06BEA3E1D1B74	target_d001	CLINICAL_OUTCOME	bilateral lesions on chest radiographs	false	medical_kg_gold				target	1		false
t::d001::ENT_5C82B81FBA388C66816C	ENT_5C82B81FBA388C66816C	target_d001	PHENOTYPE	impaired stability of renal cell membranes	false	medical_kg_gold				target	1		false
t::d001::ENT_5C84BB9DB3296A86EFCA	ENT_5C84BB9DB3296A86EFCA	target_d001	BEHAVIOR	self-care behaviors	false	medical_kg_gold				target	1		false
t::d001::ENT_5C851430FC3EE72C2E6B	ENT_5C851430FC3EE72C2E6B	target_d001	BIOMARKER	SF and hepcidin	false	medical_kg_gold				target	1		false
t::d001::ENT_5C8AD512C910A0E6DDB0	ENT_5C8AD512C910A0E6DDB0	target_d001	GENE	allele T	false	medical_kg_gold				target	1		false
t::d001::ENT_5C8C41845B9C61219C47	ENT_5C8C41845B9C61219C47	target_d001	DISEASE	COVID-19 [SARS-CoV-2] infection	false	medical_kg_gold				target	1		false
t::d001::ENT_5C8D1BCBAC091FF5E7DC	ENT_5C8D1BCBAC091FF5E7DC	target_d001	PROTEIN	PC	false	medical_kg_gold				target	1		false
t::d001::ENT_5C9BA02A68F6ECC9E184	ENT_5C9BA02A68F6ECC9E184	target_d001	CELL	insulin producing cells	false	medical_kg_gold				target	1		false
t::d001::ENT_5CA1E71B0C7F020AB939	ENT_5CA1E71B0C7F020AB939	target_d001	BIOMARKER	UMP excretion level	false	medical_kg_gold				target	1		false
t::d001::ENT_5CB117671A7644A3A204	ENT_5CB117671A7644A3A204	target_d001	GENE	PSMA6 –8C/G polymorphism	false	medical_kg_gold				target	1		false
t::d001::ENT_5CB23039DD0816FBB7B2	ENT_5CB23039DD0816FBB7B2	target_d001	PROTEIN	CD4	false	medical_kg_gold				target	1		false
t::d001::ENT_5CB53B850BF44F568702	ENT_5CB53B850BF44F568702	target_d001	PROTEIN	RBP4	false	medical_kg_gold				target	1		false
t::d001::ENT_5CBBC4948F313BBEE0BF	ENT_5CBBC4948F313BBEE0BF	target_d001	PHENOTYPE	Oxidative stress	false	medical_kg_gold				target	1		false
t::d001::ENT_5CD1E34A0ECC234DF3D1	ENT_5CD1E34A0ECC234DF3D1	target_d001	PHENOTYPE	high TC	false	medical_kg_gold				target	1		false
t::d001::ENT_5CDB5BE6980E9BF59763	ENT_5CDB5BE6980E9BF59763	target_d001	DISEASE	Lawrence-Moon-Barde-Biedl syndrome	false	medical_kg_gold				target	1		false
t::d001::ENT_5CE059E920FB7AFEF294	ENT_5CE059E920FB7AFEF294	target_d001	PROTEIN	IFN-γ level	false	medical_kg_gold				target	1		false
t::d001::ENT_5CF989349BC91D3B314A	ENT_5CF989349BC91D3B314A	target_d001	PATHWAY	signal pathway of Ang-1,Ang-2 and Tie-2 and VEGF	false	medical_kg_gold				target	1		false
t::d001::ENT_5CFCEC675BE68AEC9C0E	ENT_5CFCEC675BE68AEC9C0E	target_d001	GENE	ATP Binding Cassette Transporter A1 (ABCA1) gene polymorphisms	false	medical_kg_gold				target	1		false
t::d001::ENT_5D07BF1306F52CB15F53	ENT_5D07BF1306F52CB15F53	target_d001	PHENOTYPE	hypertensive	false	medical_kg_gold				target	1		false
t::d001::ENT_5D134F5B1498D0A99638	ENT_5D134F5B1498D0A99638	target_d001	DISEASE	Cognitive impairment	false	medical_kg_gold				target	1		false
t::d001::ENT_5D16AB5FE77674EBBE18	ENT_5D16AB5FE77674EBBE18	target_d001	DISEASE	osteoporosis	false	medical_kg_gold				target	1		false
t::d001::ENT_5D25D9E5A602D659D7E0	ENT_5D25D9E5A602D659D7E0	target_d001	DISEASE	diabetic retinopathy	false	medical_kg_gold				target	1		false
t::d001::ENT_5D2ABBF5CB7885A80F5F	ENT_5D2ABBF5CB7885A80F5F	target_d001	PHYSIOLOGICAL_PROCESS	peripheral resistance to insulin	false	medical_kg_gold				target	1		false
t::d001::ENT_5D40080E5588919C1AF6	ENT_5D40080E5588919C1AF6	target_d001	DIET	absorbing too much fat	false	medical_kg_gold				target	1		false
t::d001::ENT_5D4436121C2B20DBD1D7	ENT_5D4436121C2B20DBD1D7	target_d001	PHYSIOLOGICAL_PROCESS	intestinal immune maturation	false	medical_kg_gold				target	1		false
t::d001::ENT_5D44AB57ADC2F95BF9F9	ENT_5D44AB57ADC2F95BF9F9	target_d001	OTHER	common variation in the TNDM region	false	medical_kg_gold				target	1		false
t::d001::ENT_5D523B5A8625DCA1B007	ENT_5D523B5A8625DCA1B007	target_d001	PROTEIN	Betatrophin	false	medical_kg_gold				target	1		false
t::d001::ENT_5D537275A4CE7A1A627C	ENT_5D537275A4CE7A1A627C	target_d001	OTHER	frequency genotype TT	false	medical_kg_gold				target	1		false
t::d001::ENT_5D57A064934A81F84E5B	ENT_5D57A064934A81F84E5B	target_d001	EXERCISE	frequent exercise	false	medical_kg_gold				target	1		false
t::d001::ENT_5D5D12331024CA37D2DB	ENT_5D5D12331024CA37D2DB	target_d001	BIOMARKER	ISI	false	medical_kg_gold				target	1		false
t::d001::ENT_5D64510CF350CEEE16AE	ENT_5D64510CF350CEEE16AE	target_d001	BIOMARKER	serum ADMA concentration	false	medical_kg_gold				target	1		false
t::d001::ENT_5D6D05543196F4F9CA20	ENT_5D6D05543196F4F9CA20	target_d001	RISK_FACTOR	potential drug-drug interactions	false	medical_kg_gold				target	1		false
t::d001::ENT_5D7747FFB4A8CD6C1EAA	ENT_5D7747FFB4A8CD6C1EAA	target_d001	INTERVENTION	Placement of the duodenal-jejunal bypass liner (DJBL)	false	medical_kg_gold				target	1		false
t::d001::ENT_5D98785C67646F414781	ENT_5D98785C67646F414781	target_d001	METABOLITE	VLDLcholesterol	false	medical_kg_gold				target	1		false
t::d001::ENT_5DA9A3AE95A8F4202EC4	ENT_5DA9A3AE95A8F4202EC4	target_d001	DISEASE	metabolic disorder	false	medical_kg_gold				target	1		false
t::d001::ENT_5DAA248C050CDD864F15	ENT_5DAA248C050CDD864F15	target_d001	SYMPTOM	edema	false	medical_kg_gold				target	1		false
t::d001::ENT_5DACA3BA91F83E0481C8	ENT_5DACA3BA91F83E0481C8	target_d001	CLINICAL_OUTCOME	10 year CHD risk	false	medical_kg_gold				target	1		false
t::d001::ENT_5DAE7682CCF7909E751A	ENT_5DAE7682CCF7909E751A	target_d001	PROTEIN	IFNγ	false	medical_kg_gold				target	1		false
t::d001::ENT_5DE13B59AD4B8EE5CA00	ENT_5DE13B59AD4B8EE5CA00	target_d001	COMPOUND	3,5-di-C-methyl-D-glucose	false	medical_kg_gold				target	1		false
t::d001::ENT_5DE33DA3CDB7509DD2A2	ENT_5DE33DA3CDB7509DD2A2	target_d001	LAB_MEASUREMENT	SAD	false	medical_kg_gold				target	1		false
t::d001::ENT_5DF9BEB1F3C07BBB594F	ENT_5DF9BEB1F3C07BBB594F	target_d001	DRUG	miglitol	false	medical_kg_gold				target	1		false
t::d001::ENT_5DFAA11E7F55EB601BA4	ENT_5DFAA11E7F55EB601BA4	target_d001	DRUG	insulin glargine combined with acarbose	false	medical_kg_gold				target	1		false
t::d001::ENT_5DFDB6E58D134A3AA5EB	ENT_5DFDB6E58D134A3AA5EB	target_d001	PHYSIOLOGICAL_PROCESS	subtle physiological changes in the vocal apparatus	false	medical_kg_gold				target	1		false
t::d001::ENT_5E0E0AB64B58FD7DEAB1	ENT_5E0E0AB64B58FD7DEAB1	target_d001	BIOMARKER	K 17 RAPD polymorphic mappings	false	medical_kg_gold				target	1		false
t::d001::ENT_5E1643D89D901E9C2976	ENT_5E1643D89D901E9C2976	target_d001	DISEASE	depression	false	medical_kg_gold				target	1		false
t::d001::ENT_5E18B0E1B56B2E18FE53	ENT_5E18B0E1B56B2E18FE53	target_d001	DIET	fructose consumption	false	medical_kg_gold				target	1		false
t::d001::ENT_5E1A3240ED2635AB8D2B	ENT_5E1A3240ED2635AB8D2B	target_d001	DISEASE	thrombosis	false	medical_kg_gold				target	1		false
t::d001::ENT_5E2EAE23635F5F7D4FF2	ENT_5E2EAE23635F5F7D4FF2	target_d001	BIOMARKER	HDL	false	medical_kg_gold				target	1		false
t::d001::ENT_5E2F4C37ABEE580BE142	ENT_5E2F4C37ABEE580BE142	target_d001	DRUG	radix astragali cassia twigs Five Decoction	false	medical_kg_gold				target	1		false
t::d001::ENT_5E384244B12F3AD33E5B	ENT_5E384244B12F3AD33E5B	target_d001	INTERVENTION	targeted long-term lifestyle intervention programmes	false	medical_kg_gold				target	1		false
t::d001::ENT_5E4B97B24898D8CD86FC	ENT_5E4B97B24898D8CD86FC	target_d001	POPULATION	adult patients	false	medical_kg_gold				target	1		false
t::d001::ENT_5E574A7972D97F93827D	ENT_5E574A7972D97F93827D	target_d001	GENE	SNP276 in the adiponectin gene	false	medical_kg_gold				target	1		false
t::d001::ENT_5E6111A61C4153DA03DA	ENT_5E6111A61C4153DA03DA	target_d001	LAB_MEASUREMENT	IL-6 expression in tears	false	medical_kg_gold				target	1		false
t::d001::ENT_5E807B49E14A624E35A4	ENT_5E807B49E14A624E35A4	target_d001	PROTEIN	serum C-reactive protein (CRP)	false	medical_kg_gold				target	1		false
t::d001::ENT_5E86CFD0C28738609D76	ENT_5E86CFD0C28738609D76	target_d001	PHYSIOLOGICAL_PROCESS	function of β -cell	false	medical_kg_gold				target	1		false
t::d001::ENT_5E973CA72C5A38A097B4	ENT_5E973CA72C5A38A097B4	target_d001	PHENOTYPE	postprandial hyperglycemia	false	medical_kg_gold				target	1		false
t::d001::ENT_5E9A8BAB3E5E0D961C0C	ENT_5E9A8BAB3E5E0D961C0C	target_d001	TREATMENT	Drug for invigorating blood circulation and eliminating stasis	false	medical_kg_gold				target	1		false
t::d001::ENT_5EA46CA4724531DF1AB9	ENT_5EA46CA4724531DF1AB9	target_d001	PROTEIN	sE-S	false	medical_kg_gold				target	1		false
t::d001::ENT_5EA7003014029C390D41	ENT_5EA7003014029C390D41	target_d001	LAB_MEASUREMENT	T1/2 ascend	false	medical_kg_gold				target	1		false
t::d001::ENT_5EC5DA64D530DB89ECBB	ENT_5EC5DA64D530DB89ECBB	target_d001	OTHER	K121Q polymorphism of PC-1 gene	false	medical_kg_gold				target	1		false
t::d001::ENT_5ED3B5D6459E49F951E3	ENT_5ED3B5D6459E49F951E3	target_d001	BIOMARKER	fibronectin expression	false	medical_kg_gold				target	1		false
t::d001::ENT_5EDE94878EF44378FC4D	ENT_5EDE94878EF44378FC4D	target_d001	DRUG	oral hypoglycemic drugs	false	medical_kg_gold				target	1		false
t::d001::ENT_5EE4E5443CA0A577455C	ENT_5EE4E5443CA0A577455C	target_d001	LAB_MEASUREMENT	bone mineral density of femoral neck	false	medical_kg_gold				target	1		false
t::d001::ENT_5EEC18D5C8A8CD522DE2	ENT_5EEC18D5C8A8CD522DE2	target_d001	BIOMARKER	expression of GLP-1R	false	medical_kg_gold				target	1		false
t::d001::ENT_5EF0DB2E051FF819E16C	ENT_5EF0DB2E051FF819E16C	target_d001	PROTEIN	JNK-1	false	medical_kg_gold				target	1		false
t::d001::ENT_5F06D3AAF59743452C07	ENT_5F06D3AAF59743452C07	target_d001	DISEASE	amyotrophic lateral sclerosis (ALS)	false	medical_kg_gold				target	1		false
t::d001::ENT_5F09512A9A13CDB42505	ENT_5F09512A9A13CDB42505	target_d001	COMPOUND	HDL2b	false	medical_kg_gold				target	1		false
t::d001::ENT_5F0D3FAFE537DA0D72E1	ENT_5F0D3FAFE537DA0D72E1	target_d001	PROCEDURE	gastric bypass surgery	false	medical_kg_gold				target	1		false
t::d001::ENT_5F114583936A223F8549	ENT_5F114583936A223F8549	target_d001	PROTEIN	Caspase-1	false	medical_kg_gold				target	1		false
t::d001::ENT_5F173C6EA13F5BE5A110	ENT_5F173C6EA13F5BE5A110	target_d001	LAB_MEASUREMENT	localabsoluteJitter	false	medical_kg_gold				target	1		false
t::d001::ENT_5F37CFFAC6F4144B91DA	ENT_5F37CFFAC6F4144B91DA	target_d001	LAB_MEASUREMENT	elasticity modulus (Ep)	false	medical_kg_gold				target	1		false
t::d001::ENT_5F39B0057FE4680A8D04	ENT_5F39B0057FE4680A8D04	target_d001	PROCEDURE	Roux-en-Y gastric bypass	false	medical_kg_gold				target	1		false
t::d001::ENT_5F3F3AC35CC55680EC15	ENT_5F3F3AC35CC55680EC15	target_d001	OTHER	intestinal microbiota alterations	false	medical_kg_gold				target	1		false
t::d001::ENT_5F4EE831107F4418060E	ENT_5F4EE831107F4418060E	target_d001	CLINICAL_OUTCOME	acute and chronic complications	false	medical_kg_gold				target	1		false
t::d001::ENT_5F52D46CEA76B8D06278	ENT_5F52D46CEA76B8D06278	target_d001	PHENOTYPE	relative insulin decrease	false	medical_kg_gold				target	1		false
t::d001::ENT_5F55EE306456190D4C0C	ENT_5F55EE306456190D4C0C	target_d001	DISEASE	infection	false	medical_kg_gold				target	1		false
t::d001::ENT_5F59BCDABAAEBABDB8DF	ENT_5F59BCDABAAEBABDB8DF	target_d001	GENE	Arg51Gln polymorphism in ghrelin gene	false	medical_kg_gold				target	1		false
t::d001::ENT_5F7292591C287C039C36	ENT_5F7292591C287C039C36	target_d001	ORGAN	oral cavity	false	medical_kg_gold				target	1		false
t::d001::ENT_5F73F1E939BCFF6B64FE	ENT_5F73F1E939BCFF6B64FE	target_d001	OTHER	MKR mouse	false	medical_kg_gold				target	1		false
t::d001::ENT_5F75AF540CDBEAC299A6	ENT_5F75AF540CDBEAC299A6	target_d001	INTERVENTION	ADVANCE Blood Pressure Lowering Trial	false	medical_kg_gold				target	1		false
t::d001::ENT_5F7B4FC83FAFAE0C22CB	ENT_5F7B4FC83FAFAE0C22CB	target_d001	GENE	MC4R	false	medical_kg_gold				target	1		false
t::d001::ENT_5F7DCE3348E571CAADAB	ENT_5F7DCE3348E571CAADAB	target_d001	RISK_FACTOR	overcrowding	false	medical_kg_gold				target	1		false
t::d001::ENT_5F853329FDE22DB30837	ENT_5F853329FDE22DB30837	target_d001	OTHER	Gly972Arg polymorphism of the IRS 1 gene	false	medical_kg_gold				target	1		false
t::d001::ENT_5F855070CD5F804AAE84	ENT_5F855070CD5F804AAE84	target_d001	PHENOTYPE	lower extremity arterial stenosis	false	medical_kg_gold				target	1		false
t::d001::ENT_5F88B89DCD1C9E6CD122	ENT_5F88B89DCD1C9E6CD122	target_d001	DRUG	Detemir	false	medical_kg_gold				target	1		false
t::d001::ENT_5F955CB109608C19EB31	ENT_5F955CB109608C19EB31	target_d001	METABOLITE	estradiol	false	medical_kg_gold				target	1		false
t::d001::ENT_5F9A3849E5063E244C8E	ENT_5F9A3849E5063E244C8E	target_d001	PHYSIOLOGICAL_PROCESS	secretary function of β-cell	false	medical_kg_gold				target	1		false
t::d001::ENT_5FA23B19F67935DC488D	ENT_5FA23B19F67935DC488D	target_d001	DRUG	Novolin 30R	false	medical_kg_gold				target	1		false
t::d001::ENT_5FB09FFEE35CB25E3F42	ENT_5FB09FFEE35CB25E3F42	target_d001	GENE	L-selectin P213S polymorphism	false	medical_kg_gold				target	1		false
t::d001::ENT_5FB90B643372AC6E090B	ENT_5FB90B643372AC6E090B	target_d001	DISEASE	dyslipidemias	false	medical_kg_gold				target	1		false
t::d001::ENT_5FBE5EEEF17E1162A947	ENT_5FBE5EEEF17E1162A947	target_d001	OTHER	HSLi6(CA)n of HSL gene	false	medical_kg_gold				target	1		false
t::d001::ENT_5FCC70144E1CEC81B92F	ENT_5FCC70144E1CEC81B92F	target_d001	PROTEIN	TGFβ1	false	medical_kg_gold				target	1		false
t::d001::ENT_5FCE2C26D064D4136E9F	ENT_5FCE2C26D064D4136E9F	target_d001	OTHER	Pro12Ala polymorphism	false	medical_kg_gold				target	1		false
t::d001::ENT_5FF23F0E84809E1E0977	ENT_5FF23F0E84809E1E0977	target_d001	LAB_MEASUREMENT	intraocular pressure	false	medical_kg_gold				target	1		false
t::d001::ENT_5FF93508BD7679BC59F8	ENT_5FF93508BD7679BC59F8	target_d001	PROTEIN	islet amyloid polypeptide	false	medical_kg_gold				target	1		false
t::d001::ENT_6000176D409F73994D3C	ENT_6000176D409F73994D3C	target_d001	OTHER	Heart rate (beats/min)	false	medical_kg_gold				target	1		false
t::d001::ENT_60080F8643F35D749AB1	ENT_60080F8643F35D749AB1	target_d001	LIFESTYLE_FACTOR	Livsstilsendringer	false	medical_kg_gold				target	1		false
t::d001::ENT_601A6B4DE4A673857981	ENT_601A6B4DE4A673857981	target_d001	OTHER	the mutation of Pro387Leu in the PTP-1B gene	false	medical_kg_gold				target	1		false
t::d001::ENT_601ECC9433F6D98E22CD	ENT_601ECC9433F6D98E22CD	target_d001	NUTRIENT	selenium supplementation	false	medical_kg_gold				target	1		false
t::d001::ENT_602D58D904F659B98272	ENT_602D58D904F659B98272	target_d001	DISEASE	Adenocarcinoma	false	medical_kg_gold				target	1		false
t::d001::ENT_60471A578ACD9488F688	ENT_60471A578ACD9488F688	target_d001	OTHER	variation of adiponectin gene	false	medical_kg_gold				target	1		false
t::d001::ENT_604ED32917F1692F2D3E	ENT_604ED32917F1692F2D3E	target_d001	SYMPTOM	shock	false	medical_kg_gold				target	1		false
t::d001::ENT_606C03C8D6562118DB5B	ENT_606C03C8D6562118DB5B	target_d001	GENE	INSR N1/N2 polymorphisms	false	medical_kg_gold				target	1		false
t::d001::ENT_607DBF360CE5D88D573B	ENT_607DBF360CE5D88D573B	target_d001	METABOLITE	BG	false	medical_kg_gold				target	1		false
t::d001::ENT_609E29AC47DDC68C0461	ENT_609E29AC47DDC68C0461	target_d001	GENE	GSTM1+ х GSTP1 105Val/Val	false	medical_kg_gold				target	1		false
t::d001::ENT_60A4D9A932EA7CB238A8	ENT_60A4D9A932EA7CB238A8	target_d001	TREATMENT	Bariatric/metabolic surgery	false	medical_kg_gold				target	1		false
t::d001::ENT_60AF48EC97D6E0CE5BBB	ENT_60AF48EC97D6E0CE5BBB	target_d001	DISEASE	subclinical cerebral stroke	false	medical_kg_gold				target	1		false
t::d001::ENT_60B8DAC4A69CB307C962	ENT_60B8DAC4A69CB307C962	target_d001	GENE	Gly971Arg variant of the IRS 1 gene	false	medical_kg_gold				target	1		false
t::d001::ENT_60BB20D1BFC00287C3B7	ENT_60BB20D1BFC00287C3B7	target_d001	DISEASE	BS	false	medical_kg_gold				target	1		false
t::d001::ENT_60C50339630B54FCB750	ENT_60C50339630B54FCB750	target_d001	PROCEDURE	腹腔镜RYGB手术	false	medical_kg_gold				target	1		false
t::d001::ENT_60CFE212075ADEE368E5	ENT_60CFE212075ADEE368E5	target_d001	LAB_MEASUREMENT	spikes in blood sugar levels	false	medical_kg_gold				target	1		false
t::d001::ENT_60EEA1D904B008529803	ENT_60EEA1D904B008529803	target_d001	COMPOUND	Persistent organic pollutants	false	medical_kg_gold				target	1		false
t::d001::ENT_60F75D91DE1EB8034D8F	ENT_60F75D91DE1EB8034D8F	target_d001	BIOMARKER	血清C肽水平	false	medical_kg_gold				target	1		false
t::d001::ENT_6105B25C73AFF33721AF	ENT_6105B25C73AFF33721AF	target_d001	METABOLITE	glutathione (reduced)	false	medical_kg_gold				target	1		false
t::d001::ENT_610A1D4A5BC50F734755	ENT_610A1D4A5BC50F734755	target_d001	OTHER	obesity- associated diseases	false	medical_kg_gold				target	1		false
t::d001::ENT_610AFFCB9958AE8FE149	ENT_610AFFCB9958AE8FE149	target_d001	PATHWAY	Apelin/APJ system	false	medical_kg_gold				target	1		false
t::d001::ENT_61183FEE6C66DE44EA55	ENT_61183FEE6C66DE44EA55	target_d001	NUTRIENT	saturated fatty acids	false	medical_kg_gold				target	1		false
t::d001::ENT_611C7C3799F301F97FB2	ENT_611C7C3799F301F97FB2	target_d001	BIOMARKER	serum magnesium	false	medical_kg_gold				target	1		false
t::d001::ENT_612204654FBC4ABBEB6A	ENT_612204654FBC4ABBEB6A	target_d001	PROTEIN	APN	false	medical_kg_gold				target	1		false
t::d001::ENT_612D95A102233211FC49	ENT_612D95A102233211FC49	target_d001	OTHER	counterinsular hormones	false	medical_kg_gold				target	1		false
t::d001::ENT_613191E1AA47C4CD0F6C	ENT_613191E1AA47C4CD0F6C	target_d001	BIOMARKER	fasting plasma glucose	false	medical_kg_gold				target	1		false
t::d001::ENT_6149D3E93AEA58F908BC	ENT_6149D3E93AEA58F908BC	target_d001	GENE	LP-PLA2 mRNA	false	medical_kg_gold				target	1		false
t::d001::ENT_614AC9DAFFF3F5FFA83C	ENT_614AC9DAFFF3F5FFA83C	target_d001	PHENOTYPE	coagulation disturbance	false	medical_kg_gold				target	1		false
t::d001::ENT_61615E41DD7033DD30FD	ENT_61615E41DD7033DD30FD	target_d001	DISEASE	Dyslipidemia	false	medical_kg_gold				target	1		false
t::d001::ENT_61699AD816DD5FA5E26E	ENT_61699AD816DD5FA5E26E	target_d001	METABOLITE	low density lipoprotein (LDL)	false	medical_kg_gold				target	1		false
t::d001::ENT_617B273B3943F29FDC4C	ENT_617B273B3943F29FDC4C	target_d001	CLINICAL_OUTCOME	glycaemic control	false	medical_kg_gold				target	1		false
t::d001::ENT_6191471BD84893715B1F	ENT_6191471BD84893715B1F	target_d001	PROTEIN	PTP1B	false	medical_kg_gold				target	1		false
t::d001::ENT_61A7DBFEAF9F547E5CEE	ENT_61A7DBFEAF9F547E5CEE	target_d001	PROTEIN	thromodulin	false	medical_kg_gold				target	1		false
t::d001::ENT_61AF016D6044C9D005DC	ENT_61AF016D6044C9D005DC	target_d001	BIOMARKER	HRV	false	medical_kg_gold				target	1		false
t::d001::ENT_61B0CDF95C832BDC84BC	ENT_61B0CDF95C832BDC84BC	target_d001	PHYSIOLOGICAL_PROCESS	platelet activity	false	medical_kg_gold				target	1		false
t::d001::ENT_61B856BC506A1B2904E8	ENT_61B856BC506A1B2904E8	target_d001	BIOMARKER	WSR	false	medical_kg_gold				target	1		false
t::d001::ENT_61C44E96E5899030FC99	ENT_61C44E96E5899030FC99	target_d001	BIOMARKER	incongruence between PBI and actual BMI	false	medical_kg_gold				target	1		false
t::d001::ENT_61D7DB42A295BA94F32A	ENT_61D7DB42A295BA94F32A	target_d001	DRUG	PSN842	false	medical_kg_gold				target	1		false
t::d001::ENT_61DD5DEF69EFFE796B82	ENT_61DD5DEF69EFFE796B82	target_d001	PROTEIN	MIF	false	medical_kg_gold				target	1		false
t::d001::ENT_61E152C98298D98A25FC	ENT_61E152C98298D98A25FC	target_d001	TREATMENT	Gastrointestinal metabolic surgery	false	medical_kg_gold				target	1		false
t::d001::ENT_61F443C2281AB1A85289	ENT_61F443C2281AB1A85289	target_d001	BIOMARKER	serum TT level	false	medical_kg_gold				target	1		false
t::d001::ENT_61F9FEA49134FE6A5204	ENT_61F9FEA49134FE6A5204	target_d001	DRUG	glipizide plus metformin	false	medical_kg_gold				target	1		false
t::d001::ENT_61FE2CD046D9AB24E375	ENT_61FE2CD046D9AB24E375	target_d001	EXERCISE	Baduanjin	false	medical_kg_gold				target	1		false
t::d001::ENT_6200D7BE5F587FEC0D5F	ENT_6200D7BE5F587FEC0D5F	target_d001	BIOMARKER	haplotype GACA	false	medical_kg_gold				target	1		false
t::d001::ENT_6201FCA99DB078A798C9	ENT_6201FCA99DB078A798C9	target_d001	DISEASE	hyperlipemia	false	medical_kg_gold				target	1		false
t::d001::ENT_6220065FE7D7071AF5F0	ENT_6220065FE7D7071AF5F0	target_d001	DISEASE	hyperhomocysteinemia	false	medical_kg_gold				target	1		false
t::d001::ENT_62337E554B39FB16A6AF	ENT_62337E554B39FB16A6AF	target_d001	DISEASE	non-alcoholic fatty liver disease (NAFLD)	false	medical_kg_gold				target	1		false
t::d001::ENT_62375774B80CC661C491	ENT_62375774B80CC661C491	target_d001	GENE	MTHFR gene	false	medical_kg_gold				target	1		false
t::d001::ENT_6240C8ECAC3A30DED41B	ENT_6240C8ECAC3A30DED41B	target_d001	DRUG	CB1 antagonists	false	medical_kg_gold				target	1		false
t::d001::ENT_6264FAE78F2D9D1B4265	ENT_6264FAE78F2D9D1B4265	target_d001	PHYSIOLOGICAL_PROCESS	normal blood pressure day and night rhythm	false	medical_kg_gold				target	1		false
t::d001::ENT_626AE464D722548CB857	ENT_626AE464D722548CB857	target_d001	LAB_MEASUREMENT	D	false	medical_kg_gold				target	1		false
t::d001::ENT_626FDF50C49E5A6D2658	ENT_626FDF50C49E5A6D2658	target_d001	OTHER	rs10889007 (301A>T)	false	medical_kg_gold				target	1		false
t::d001::ENT_627AAF3A2A29501DAF1C	ENT_627AAF3A2A29501DAF1C	target_d001	LAB_MEASUREMENT	cumulative scores	false	medical_kg_gold				target	1		false
t::d001::ENT_627E2040EB08BE28F035	ENT_627E2040EB08BE28F035	target_d001	OTHER	polymorphism of STRA 6 gene SNP (rs736118)	false	medical_kg_gold				target	1		false
t::d001::ENT_6284F017D9201C6CFC31	ENT_6284F017D9201C6CFC31	target_d001	DRUG	sodium-glucose cotransporter 2 (SGLT-2) inhibitors	false	medical_kg_gold				target	1		false
t::d001::ENT_62895A7B4EA82EF07CBB	ENT_62895A7B4EA82EF07CBB	target_d001	PROTEIN	catalase(CAT) concentration	false	medical_kg_gold				target	1		false
t::d001::ENT_629C66718427C6B0FB8C	ENT_629C66718427C6B0FB8C	target_d001	EXERCISE	Aerobic exercise intervention after three meals	false	medical_kg_gold				target	1		false
t::d001::ENT_62A4380C76132F18C267	ENT_62A4380C76132F18C267	target_d001	CLINICAL_OUTCOME	morbidity	false	medical_kg_gold				target	1		false
t::d001::ENT_62A67B2A5976F863EE6B	ENT_62A67B2A5976F863EE6B	target_d001	PHENOTYPE	circadian variation in the onset of AMI	false	medical_kg_gold				target	1		false
t::d001::ENT_62A9BC2DBA8B278B39D1	ENT_62A9BC2DBA8B278B39D1	target_d001	DISEASE	left ventricular hypertrophy	false	medical_kg_gold				target	1		false
t::d001::ENT_62AEF49A85DCECE1D613	ENT_62AEF49A85DCECE1D613	target_d001	PROTEIN	serum ucOC	false	medical_kg_gold				target	1		false
t::d001::ENT_62AFFE64F34C4399B5DC	ENT_62AFFE64F34C4399B5DC	target_d001	TREATMENT	insulin glargine combined with insulin lispro	false	medical_kg_gold				target	1		false
t::d001::ENT_62BBE20E1CCCBFA02660	ENT_62BBE20E1CCCBFA02660	target_d001	OTHER	E23K in K(IR)6.2	false	medical_kg_gold				target	1		false
t::d001::ENT_62C26D4B5989EF12A7B8	ENT_62C26D4B5989EF12A7B8	target_d001	DRUG	repaglinide+metformin	false	medical_kg_gold				target	1		false
t::d001::ENT_62E96FF97F4A30971758	ENT_62E96FF97F4A30971758	target_d001	LAB_MEASUREMENT	pulsatility index of the basilar artery	false	medical_kg_gold				target	1		false
t::d001::ENT_631835E8E11D3A08EFB4	ENT_631835E8E11D3A08EFB4	target_d001	GENE	Adiponectin T allele	false	medical_kg_gold				target	1		false
t::d001::ENT_633B32580513CC77C782	ENT_633B32580513CC77C782	target_d001	OTHER	liver Qi stagnation	false	medical_kg_gold				target	1		false
t::d001::ENT_634C8120D6AC902CCA46	ENT_634C8120D6AC902CCA46	target_d001	DISEASE	Alzheimer’s disease (AD)	false	medical_kg_gold				target	1		false
t::d001::ENT_634FFA5A9CE14B3DA939	ENT_634FFA5A9CE14B3DA939	target_d001	DRUG	Beta blockers	false	medical_kg_gold				target	1		false
t::d001::ENT_6350F20F42C0A460C523	ENT_6350F20F42C0A460C523	target_d001	OTHER	G/Т genotype of 276 ADIPOQ gene	false	medical_kg_gold				target	1		false
t::d001::ENT_63584FADE46BED7EE2D2	ENT_63584FADE46BED7EE2D2	target_d001	BIOMARKER	MMP-2	false	medical_kg_gold				target	1		false
t::d001::ENT_63648A5B8A910C5D0439	ENT_63648A5B8A910C5D0439	target_d001	GENE	MnSOD gene	false	medical_kg_gold				target	1		false
t::d001::ENT_6371C8FAA0386CCD0132	ENT_6371C8FAA0386CCD0132	target_d001	GENE	CDKN2A / B gene rs10811661 polymorphisms	false	medical_kg_gold				target	1		false
t::d001::ENT_6377A591231729E81AF0	ENT_6377A591231729E81AF0	target_d001	BIOMARKER	Plasma ghrelin levels	false	medical_kg_gold				target	1		false
t::d001::ENT_637F64B7376791BA8C9F	ENT_637F64B7376791BA8C9F	target_d001	POPULATION	Native American children and adolescents	false	medical_kg_gold				target	1		false
t::d001::ENT_6383A5A7D50B615DD676	ENT_6383A5A7D50B615DD676	target_d001	METABOLITE	cortisol	false	medical_kg_gold				target	1		false
t::d001::ENT_638DABB1984544841C84	ENT_638DABB1984544841C84	target_d001	BIOMARKER	plasma omentin-1 levels	false	medical_kg_gold				target	1		false
t::d001::ENT_63959F0B2882BA2A6E2C	ENT_63959F0B2882BA2A6E2C	target_d001	INTERVENTION	targeting of deregulated ' disallowed genes'	false	medical_kg_gold				target	1		false
t::d001::ENT_639B705B8002A19F089A	ENT_639B705B8002A19F089A	target_d001	PROTEIN	CTRP6	false	medical_kg_gold				target	1		false
t::d001::ENT_639DBD5811F67D9D2C7C	ENT_639DBD5811F67D9D2C7C	target_d001	PROTEIN	IκBα	false	medical_kg_gold				target	1		false
t::d001::ENT_639E442720C486C256EC	ENT_639E442720C486C256EC	target_d001	OTHER	abnormality at a single residue in the amino acid sequence of hepatic nuclear factor-1 a	false	medical_kg_gold				target	1		false
t::d001::ENT_63BA3DEB8E2C7C73F337	ENT_63BA3DEB8E2C7C73F337	target_d001	DISEASE	periodontitis	false	medical_kg_gold				target	1		false
t::d001::ENT_63CA0A99E0D9FB0F9AAE	ENT_63CA0A99E0D9FB0F9AAE	target_d001	POPULATION	boys	false	medical_kg_gold				target	1		false
t::d001::ENT_63CE998BA18392007C7D	ENT_63CE998BA18392007C7D	target_d001	PROCEDURE	Surgical way of treating morbid obesity	false	medical_kg_gold				target	1		false
t::d001::ENT_63D07712ED53204C6954	ENT_63D07712ED53204C6954	target_d001	METABOLITE	Mn	false	medical_kg_gold				target	1		false
t::d001::ENT_63D24E09ED4864C5B255	ENT_63D24E09ED4864C5B255	target_d001	PHENOTYPE	left ventricular systolic dysfunction	false	medical_kg_gold				target	1		false
t::d001::ENT_63DE5C46C6D97B35A4DF	ENT_63DE5C46C6D97B35A4DF	target_d001	BEHAVIOR	physical inactivity	false	medical_kg_gold				target	1		false
t::d001::ENT_63E2491A2132B30E513C	ENT_63E2491A2132B30E513C	target_d001	DISEASE	impaired glucose tolerance combined with impaired fasting glucose	false	medical_kg_gold				target	1		false
t::d001::ENT_63E2ACA378ACA2661DD8	ENT_63E2ACA378ACA2661DD8	target_d001	PATHWAY	fatty acid metabolism and glycolysis	false	medical_kg_gold				target	1		false
t::d001::ENT_63E980A66397F5A36115	ENT_63E980A66397F5A36115	target_d001	OTHER	TCgenotype	false	medical_kg_gold				target	1		false
t::d001::ENT_63FA5610A7A2ED907DD3	ENT_63FA5610A7A2ED907DD3	target_d001	DISEASE	cardiac injury	false	medical_kg_gold				target	1		false
t::d001::ENT_63FB35C82A32A661AFFF	ENT_63FB35C82A32A661AFFF	target_d001	DISEASE	Hypothyroidism	false	medical_kg_gold				target	1		false
t::d001::ENT_640BE68FB4DC95917581	ENT_640BE68FB4DC95917581	target_d001	METABOLITE	tyrosine	false	medical_kg_gold				target	1		false
t::d001::ENT_642E1034F611AEB848E8	ENT_642E1034F611AEB848E8	target_d001	DISEASE	chronic kidney disease (CKD) stage 3 or higher	false	medical_kg_gold				target	1		false
t::d001::ENT_64464D10BCC288929ED2	ENT_64464D10BCC288929ED2	target_d001	LAB_MEASUREMENT	Mg?? level	false	medical_kg_gold				target	1		false
t::d001::ENT_644B2524BB30417ACA52	ENT_644B2524BB30417ACA52	target_d001	PROCEDURE	oral glucose tolerance tests	false	medical_kg_gold				target	1		false
t::d001::ENT_644F62BF31C94DB0D316	ENT_644F62BF31C94DB0D316	target_d001	BIOMARKER	TC/HDL-C	false	medical_kg_gold				target	1		false
t::d001::ENT_647FC515E334C15F9101	ENT_647FC515E334C15F9101	target_d001	BEHAVIOR	do no drink alcohol	false	medical_kg_gold				target	1		false
t::d001::ENT_649608EEB5B5D98AF9E7	ENT_649608EEB5B5D98AF9E7	target_d001	OTHER	A14693G mutation	false	medical_kg_gold				target	1		false
t::d001::ENT_64A510989737A5118172	ENT_64A510989737A5118172	target_d001	GENE	A等位基因	false	medical_kg_gold				target	1		false
t::d001::ENT_64AE30B542FAE18F4DD7	ENT_64AE30B542FAE18F4DD7	target_d001	PHENOTYPE	learning and memory deficiency	false	medical_kg_gold				target	1		false
t::d001::ENT_64B8389ED80C638D6AB5	ENT_64B8389ED80C638D6AB5	target_d001	TREATMENT	Glargine combined Repaglinide	false	medical_kg_gold				target	1		false
t::d001::ENT_64C752587CD311CE7AA4	ENT_64C752587CD311CE7AA4	target_d001	LIFESTYLE_FACTOR	sedentary lifestyle	false	medical_kg_gold				target	1		false
t::d001::ENT_64C82116EF889D10EEC9	ENT_64C82116EF889D10EEC9	target_d001	PHENOTYPE	fracture	false	medical_kg_gold				target	1		false
t::d001::ENT_64CC3EFB3B376ADDB4F9	ENT_64CC3EFB3B376ADDB4F9	target_d001	DISEASE	DA	false	medical_kg_gold				target	1		false
t::d001::ENT_64D98E52F66517EAD74F	ENT_64D98E52F66517EAD74F	target_d001	METABOLITE	P	false	medical_kg_gold				target	1		false
t::d001::ENT_64EF17893DEEBA891CAD	ENT_64EF17893DEEBA891CAD	target_d001	PROTEIN	serum apelin	false	medical_kg_gold				target	1		false
t::d001::ENT_64F29FBE257E41FCEFF7	ENT_64F29FBE257E41FCEFF7	target_d001	PHENOTYPE	obesity without increased circulating FFA	false	medical_kg_gold				target	1		false
t::d001::ENT_65020B3BB0A624D6E9A9	ENT_65020B3BB0A624D6E9A9	target_d001	RISK_FACTOR	high low-density lipoprotein cholesterol	false	medical_kg_gold				target	1		false
t::d001::ENT_650E300ED556F987426F	ENT_650E300ED556F987426F	target_d001	OTHER	Pro12Ala polymorphism of PPAR-γ	false	medical_kg_gold				target	1		false
t::d001::ENT_6520B83142EF233DE033	ENT_6520B83142EF233DE033	target_d001	DRUG	Sitagliptin	false	medical_kg_gold				target	1		false
t::d001::ENT_6523F0D2553AAC5DB037	ENT_6523F0D2553AAC5DB037	target_d001	BIOLOGICAL_PROCESS	Impaired fibrinolysis	false	medical_kg_gold				target	1		false
t::d001::ENT_6537170C2703AC4ACBED	ENT_6537170C2703AC4ACBED	target_d001	PHYSIOLOGICAL_PROCESS	Endo-predominant prolongation of the action potential duration	false	medical_kg_gold				target	1		false
t::d001::ENT_654A06B0A047071BBB24	ENT_654A06B0A047071BBB24	target_d001	GENE	CDKAL1 gene rs7756992 polymorphism	false	medical_kg_gold				target	1		false
t::d001::ENT_654D0A749800FB08FE2C	ENT_654D0A749800FB08FE2C	target_d001	INTERVENTION	Weight management	false	medical_kg_gold				target	1		false
t::d001::ENT_655264E806C515854061	ENT_655264E806C515854061	target_d001	DISEASE	primary hepatic carcinoma	false	medical_kg_gold				target	1		false
t::d001::ENT_656368BF8D9128A8CCEF	ENT_656368BF8D9128A8CCEF	target_d001	SYMPTOM	Atypical symptoms	false	medical_kg_gold				target	1		false
t::d001::ENT_6565B93E625C8D09F7DE	ENT_6565B93E625C8D09F7DE	target_d001	LAB_MEASUREMENT	nuclear diameter	false	medical_kg_gold				target	1		false
t::d001::ENT_6566B3886220652BCB69	ENT_6566B3886220652BCB69	target_d001	POPULATION	elderly	false	medical_kg_gold				target	1		false
t::d001::ENT_657CE71FD02ACABE7B6B	ENT_657CE71FD02ACABE7B6B	target_d001	PHENOTYPE	decrease in adiponectin	false	medical_kg_gold				target	1		false
t::d001::ENT_657DD04C649379686AEF	ENT_657DD04C649379686AEF	target_d001	PROTEIN	insulin receptor	false	medical_kg_gold				target	1		false
t::d001::ENT_657FA5CAC6F7F835C279	ENT_657FA5CAC6F7F835C279	target_d001	PROTEIN	caspase - 3	false	medical_kg_gold				target	1		false
t::d001::ENT_659A4C490F6433220EEF	ENT_659A4C490F6433220EEF	target_d001	OTHER	CT/TT genotype of rs7903146	false	medical_kg_gold				target	1		false
t::d001::ENT_65A0ADD0C22CF8AFCCFC	ENT_65A0ADD0C22CF8AFCCFC	target_d001	METABOLITE	blood fat	false	medical_kg_gold				target	1		false
t::d001::ENT_65A2236FCEB476C5CA36	ENT_65A2236FCEB476C5CA36	target_d001	GENE	SIRT3	false	medical_kg_gold				target	1		false
t::d001::ENT_65A86EC427BF42C89034	ENT_65A86EC427BF42C89034	target_d001	METABOLITE	total cholesterol	false	medical_kg_gold				target	1		false
t::d001::ENT_65A9C724B05D2A1BDA52	ENT_65A9C724B05D2A1BDA52	target_d001	PHENOTYPE	lipid metabolic disorder	false	medical_kg_gold				target	1		false
t::d001::ENT_65C03A6C843F0470F90A	ENT_65C03A6C843F0470F90A	target_d001	INTERVENTION	DPP-4 inhibition	false	medical_kg_gold				target	1		false
t::d001::ENT_65D777E08B38B0E2244D	ENT_65D777E08B38B0E2244D	target_d001	PROTEIN	FGH	false	medical_kg_gold				target	1		false
t::d001::ENT_65E77D8764777350D333	ENT_65E77D8764777350D333	target_d001	BEHAVIOR	lack of physical exercises	false	medical_kg_gold				target	1		false
t::d001::ENT_65E95BB594DCE68A73E4	ENT_65E95BB594DCE68A73E4	target_d001	TREATMENT	non-drug treatment and application of dimethyldiguanide	false	medical_kg_gold				target	1		false
t::d001::ENT_65EDD694FFBD7B45CCB3	ENT_65EDD694FFBD7B45CCB3	target_d001	COMPOUND	carnosine	false	medical_kg_gold				target	1		false
t::d001::ENT_6602A7E19B2F0EDB4DF4	ENT_6602A7E19B2F0EDB4DF4	target_d001	BIOMARKER	PCR	false	medical_kg_gold				target	1		false
t::d001::ENT_661B0A335AE5BCAFD3D5	ENT_661B0A335AE5BCAFD3D5	target_d001	BIOMARKER	urinary 8-OHdG	false	medical_kg_gold				target	1		false
t::d001::ENT_661C6D94AE4B30762F00	ENT_661C6D94AE4B30762F00	target_d001	RISK_FACTOR	waist circumference	false	medical_kg_gold				target	1		false
t::d001::ENT_661DD099D6C5E6667E73	ENT_661DD099D6C5E6667E73	target_d001	TREATMENT	Roux-en-Y gastric bypass	false	medical_kg_gold				target	1		false
t::d001::ENT_66205C191C65B01897F4	ENT_66205C191C65B01897F4	target_d001	METABOLITE	MG	false	medical_kg_gold				target	1		false
t::d001::ENT_6626170648085C484FC4	ENT_6626170648085C484FC4	target_d001	PROTEIN	p53 positive	false	medical_kg_gold				target	1		false
t::d001::ENT_662E9F282432E8DA9856	ENT_662E9F282432E8DA9856	target_d001	PATHWAY	arginine biosynthesis	false	medical_kg_gold				target	1		false
t::d001::ENT_664B2D308534069DA222	ENT_664B2D308534069DA222	target_d001	OTHER	Rare and less common SNPs	false	medical_kg_gold				target	1		false
t::d001::ENT_664E16D841D6FC7BD5E5	ENT_664E16D841D6FC7BD5E5	target_d001	CLINICAL_OUTCOME	wide lesions on chest radiographs	false	medical_kg_gold				target	1		false
t::d001::ENT_666333C5EA9A542DE302	ENT_666333C5EA9A542DE302	target_d001	BIOMARKER	pitch	false	medical_kg_gold				target	1		false
t::d001::ENT_666B28D90D5071967419	ENT_666B28D90D5071967419	target_d001	DIET	High consumption of trans fat	false	medical_kg_gold				target	1		false
t::d001::ENT_667525441B75CED30E5A	ENT_667525441B75CED30E5A	target_d001	SYMPTOM	cough	false	medical_kg_gold				target	1		false
t::d001::ENT_6688E063735C2BA7BB7C	ENT_6688E063735C2BA7BB7C	target_d001	PROTEIN	GSH-Px	false	medical_kg_gold				target	1		false
t::d001::ENT_668B2A2B6F8B0CC3F29D	ENT_668B2A2B6F8B0CC3F29D	target_d001	GENE	SUMO4 gene M55V polymorphism	false	medical_kg_gold				target	1		false
t::d001::ENT_66B24E2C24779AFD20BF	ENT_66B24E2C24779AFD20BF	target_d001	PROCEDURE	Microinvasive bariatric operations	false	medical_kg_gold				target	1		false
t::d001::ENT_66BCD3B9D0F4EFA5164E	ENT_66BCD3B9D0F4EFA5164E	target_d001	COMPOUND	WS and TFG extracts	false	medical_kg_gold				target	1		false
t::d001::ENT_66BE6A1527EF5F99DCD6	ENT_66BE6A1527EF5F99DCD6	target_d001	LAB_MEASUREMENT	T score values	false	medical_kg_gold				target	1		false
t::d001::ENT_66BECCFA83CA0D768B1A	ENT_66BECCFA83CA0D768B1A	target_d001	GENE	Apo-E genetic polymorphism	false	medical_kg_gold				target	1		false
t::d001::ENT_66C1B37B2F78531A4916	ENT_66C1B37B2F78531A4916	target_d001	OTHER	CRP tag SNP rs1205	false	medical_kg_gold				target	1		false
t::d001::ENT_66C659E718B65F3B23CB	ENT_66C659E718B65F3B23CB	target_d001	OTHER	caveolae	false	medical_kg_gold				target	1		false
t::d001::ENT_66CBDC9412590B74376A	ENT_66CBDC9412590B74376A	target_d001	LAB_MEASUREMENT	respiratory quotient	false	medical_kg_gold				target	1		false
t::d001::ENT_66D48D01793B0F6F0FB2	ENT_66D48D01793B0F6F0FB2	target_d001	LAB_MEASUREMENT	serum adiponectin	false	medical_kg_gold				target	1		false
t::d001::ENT_66E14A8F3084E3805A0D	ENT_66E14A8F3084E3805A0D	target_d001	RISK_FACTOR	cardiovascular risk factor	false	medical_kg_gold				target	1		false
t::d001::ENT_66E89E253F2C739662C1	ENT_66E89E253F2C739662C1	target_d001	GENE	Visfatin gene	false	medical_kg_gold				target	1		false
t::d001::ENT_66EB75C93FD54230C29C	ENT_66EB75C93FD54230C29C	target_d001	METABOLITE	2h postprandial blood glucose	false	medical_kg_gold				target	1		false
t::d001::ENT_66F560A1E8A46CD044F7	ENT_66F560A1E8A46CD044F7	target_d001	DISEASE	dementias	false	medical_kg_gold				target	1		false
t::d001::ENT_66FD071836B7DA55ABC7	ENT_66FD071836B7DA55ABC7	target_d001	ENVIRONMENTAL_EXPOSURE	stress	false	medical_kg_gold				target	1		false
t::d001::ENT_67019EF0E60E7352B028	ENT_67019EF0E60E7352B028	target_d001	RISK_FACTOR	the overweight and the obesity	false	medical_kg_gold				target	1		false
t::d001::ENT_6702E15949D5477182E9	ENT_6702E15949D5477182E9	target_d001	OTHER	science, education, cultural and health profession	false	medical_kg_gold				target	1		false
t::d001::ENT_6703163025E576CC012F	ENT_6703163025E576CC012F	target_d001	LAB_MEASUREMENT	cardiac troponin-I (cTNI)	false	medical_kg_gold				target	1		false
t::d001::ENT_6719FADB7757298D5A90	ENT_6719FADB7757298D5A90	target_d001	METABOLITE	plasma ADMA	false	medical_kg_gold				target	1		false
t::d001::ENT_671F44CA489C1FB0082B	ENT_671F44CA489C1FB0082B	target_d001	BIOMARKER	HOMA-IR	false	medical_kg_gold				target	1		false
t::d001::ENT_672E6A3CF2D3BCE6181C	ENT_672E6A3CF2D3BCE6181C	target_d001	PHENOTYPE	dysfunction of the pathway	false	medical_kg_gold				target	1		false
t::d001::ENT_673CD3F282E255D4074E	ENT_673CD3F282E255D4074E	target_d001	PHENOTYPE	abnormal-morphology nerve fibres in mid-stroma	false	medical_kg_gold				target	1		false
t::d001::ENT_674AAFC55FDA8689679F	ENT_674AAFC55FDA8689679F	target_d001	BIOMARKER	fractalkine	false	medical_kg_gold				target	1		false
t::d001::ENT_6761BA4CECECB7720217	ENT_6761BA4CECECB7720217	target_d001	INTERVENTION	ZHIJI health management	false	medical_kg_gold				target	1		false
t::d001::ENT_677561F7DE2F5BB23454	ENT_677561F7DE2F5BB23454	target_d001	RISK_FACTOR	IRS-1 codon 804 GCG polymorphism	false	medical_kg_gold				target	1		false
t::d001::ENT_6784DBBD4FC4E368EBFB	ENT_6784DBBD4FC4E368EBFB	target_d001	LAB_MEASUREMENT	S	false	medical_kg_gold				target	1		false
t::d001::ENT_67B11407378973A9DE16	ENT_67B11407378973A9DE16	target_d001	DISEASE	multiple stenosis or vascular occlusion	false	medical_kg_gold				target	1		false
t::d001::ENT_67BAE5651C315A04D398	ENT_67BAE5651C315A04D398	target_d001	RISK_FACTOR	Parental history	false	medical_kg_gold				target	1		false
t::d001::ENT_67BBFDDA0675A9C4B0F4	ENT_67BBFDDA0675A9C4B0F4	target_d001	METABOLITE	hyperuricemia	false	medical_kg_gold				target	1		false
t::d001::ENT_67C29110C2BB11B17CC5	ENT_67C29110C2BB11B17CC5	target_d001	OTHER	T2DM risk score model	false	medical_kg_gold				target	1		false
t::d001::ENT_67C6787CF9C3A9323492	ENT_67C6787CF9C3A9323492	target_d001	BIOMARKER	serum hs-CRP cocentration	false	medical_kg_gold				target	1		false
t::d001::ENT_67C6E6E0735019A3AAA9	ENT_67C6E6E0735019A3AAA9	target_d001	RISK_FACTOR	history of pregnant big baby	false	medical_kg_gold				target	1		false
t::d001::ENT_67C8B1B38DD02A7E5181	ENT_67C8B1B38DD02A7E5181	target_d001	GENE	T/T genotype of SNP45 in the adiponectin gene	false	medical_kg_gold				target	1		false
t::d001::ENT_67CE4A702CDAD525520C	ENT_67CE4A702CDAD525520C	target_d001	OTHER	high-glucose and high-fat diet combined with low-dose streptozotocin	false	medical_kg_gold				target	1		false
t::d001::ENT_67D96A1484024B9CFAAE	ENT_67D96A1484024B9CFAAE	target_d001	PHENOTYPE	deficient insulin secretion	false	medical_kg_gold				target	1		false
t::d001::ENT_67E35EF94995C53AD524	ENT_67E35EF94995C53AD524	target_d001	PROTEIN	vascular endothelial growth factor (VEGF)	false	medical_kg_gold				target	1		false
t::d001::ENT_67EF43D864A0CDE3B50F	ENT_67EF43D864A0CDE3B50F	target_d001	PROTEIN	IL-37	false	medical_kg_gold				target	1		false
t::d001::ENT_67F9F8DFDDC5D35C5657	ENT_67F9F8DFDDC5D35C5657	target_d001	LAB_MEASUREMENT	FBS	false	medical_kg_gold				target	1		false
t::d001::ENT_680B658561F1762DC437	ENT_680B658561F1762DC437	target_d001	PHENOTYPE	LV geometry	false	medical_kg_gold				target	1		false
t::d001::ENT_68133512EEE4D5F9C726	ENT_68133512EEE4D5F9C726	target_d001	DISEASE	benign paroxysmal positional vertigo	false	medical_kg_gold				target	1		false
t::d001::ENT_681F9D4D0888D0CC0A5D	ENT_681F9D4D0888D0CC0A5D	target_d001	PROTEIN	VCAM-1	false	medical_kg_gold				target	1		false
t::d001::ENT_6827DD1445FC0E376A28	ENT_6827DD1445FC0E376A28	target_d001	LAB_MEASUREMENT	T-AOC	false	medical_kg_gold				target	1		false
t::d001::ENT_683288E30B56A8E8F3E1	ENT_683288E30B56A8E8F3E1	target_d001	BIOMARKER	abnormal lipid in blood	false	medical_kg_gold				target	1		false
t::d001::ENT_6847653C170191A1069F	ENT_6847653C170191A1069F	target_d001	BIOMARKER	Interleukin 18 concentration	false	medical_kg_gold				target	1		false
t::d001::ENT_684E45F7594D84B41722	ENT_684E45F7594D84B41722	target_d001	DISEASE	HS	false	medical_kg_gold				target	1		false
t::d001::ENT_6859B31A981851161A07	ENT_6859B31A981851161A07	target_d001	LIFESTYLE_FACTOR	Change of lifestyle	false	medical_kg_gold				target	1		false
t::d001::ENT_686932F556F1F3BA761B	ENT_686932F556F1F3BA761B	target_d001	OTHER	yeast-like fungi	false	medical_kg_gold				target	1		false
t::d001::ENT_68745A66DB55DCFC5B10	ENT_68745A66DB55DCFC5B10	target_d001	DRUG	Jintangning capsule	false	medical_kg_gold				target	1		false
t::d001::ENT_689860172818E2BE7A99	ENT_689860172818E2BE7A99	target_d001	DISEASE	coronary disease	false	medical_kg_gold				target	1		false
t::d001::ENT_68A728CB98B8C89BA6F6	ENT_68A728CB98B8C89BA6F6	target_d001	BIOMARKER	aTPO	false	medical_kg_gold				target	1		false
t::d001::ENT_68A78C08FC8B77999518	ENT_68A78C08FC8B77999518	target_d001	CELL	B cell	false	medical_kg_gold				target	1		false
t::d001::ENT_68B1616B70CF449CDE9A	ENT_68B1616B70CF449CDE9A	target_d001	COMPOUND	Melatonin	false	medical_kg_gold				target	1		false
t::d001::ENT_68B2CA37FDC0D0BD580E	ENT_68B2CA37FDC0D0BD580E	target_d001	PROTEIN	hepatitis B e antibody	false	medical_kg_gold				target	1		false
t::d001::ENT_68F12EC15F65C8CDBAFB	ENT_68F12EC15F65C8CDBAFB	target_d001	LAB_MEASUREMENT	N9 peak latency	false	medical_kg_gold				target	1		false
t::d001::ENT_68FDFF80413261A39EA3	ENT_68FDFF80413261A39EA3	target_d001	PHENOTYPE	endothelial damages	false	medical_kg_gold				target	1		false
t::d001::ENT_690213439B804A073FA7	ENT_690213439B804A073FA7	target_d001	NUTRIENT	high dietary fats	false	medical_kg_gold				target	1		false
t::d001::ENT_690D3EBBB0BC50E393AF	ENT_690D3EBBB0BC50E393AF	target_d001	LAB_MEASUREMENT	QTc	false	medical_kg_gold				target	1		false
t::d001::ENT_69193A9DD2A58AF72F99	ENT_69193A9DD2A58AF72F99	target_d001	BIOMARKER	Elevated serum CA242	false	medical_kg_gold				target	1		false
t::d001::ENT_6919E4271A1944F7E6D9	ENT_6919E4271A1944F7E6D9	target_d001	BIOMARKER	PS	false	medical_kg_gold				target	1		false
t::d001::ENT_691CD0CDA1794C87D8A3	ENT_691CD0CDA1794C87D8A3	target_d001	TREATMENT	laparoscopic sleeve gastrectomy	false	medical_kg_gold				target	1		false
t::d001::ENT_692C8E47CF07D42FDBED	ENT_692C8E47CF07D42FDBED	target_d001	SYMPTOM	gastrointestinal symptoms	false	medical_kg_gold				target	1		false
t::d001::ENT_697B789D3557101090A2	ENT_697B789D3557101090A2	target_d001	OTHER	Gut Bacteria	false	medical_kg_gold				target	1		false
t::d001::ENT_697BA66ECB6E04D1F11E	ENT_697BA66ECB6E04D1F11E	target_d001	PHYSIOLOGICAL_PROCESS	platelets activity	false	medical_kg_gold				target	1		false
t::d001::ENT_6982611C5FD780AC11CE	ENT_6982611C5FD780AC11CE	target_d001	DISEASE	diffuse or complicated lesions of coronary arteries	false	medical_kg_gold				target	1		false
t::d001::ENT_698478C4063C5C47B2CD	ENT_698478C4063C5C47B2CD	target_d001	LAB_MEASUREMENT	BG	false	medical_kg_gold				target	1		false
t::d001::ENT_698C158DB40C8853B953	ENT_698C158DB40C8853B953	target_d001	PHENOTYPE	one z-score increase in BMI between 2 and 11 years	false	medical_kg_gold				target	1		false
t::d001::ENT_6996501DF35A8B2AE111	ENT_6996501DF35A8B2AE111	target_d001	OTHER	insulin release defects and peripheral resistance	false	medical_kg_gold				target	1		false
t::d001::ENT_6998E1B0C210C029D9D2	ENT_6998E1B0C210C029D9D2	target_d001	GENE	TT	false	medical_kg_gold				target	1		false
t::d001::ENT_69A330872F52C06ACEC8	ENT_69A330872F52C06ACEC8	target_d001	OTHER	rs858521	false	medical_kg_gold				target	1		false
t::d001::ENT_69B7A3B7566912786B49	ENT_69B7A3B7566912786B49	target_d001	GENE	PLA2G6 gene	false	medical_kg_gold				target	1		false
t::d001::ENT_69C1C1A4F8D0EF98C251	ENT_69C1C1A4F8D0EF98C251	target_d001	LAB_MEASUREMENT	superior RNFLT	false	medical_kg_gold				target	1		false
t::d001::ENT_69CC1764D427D7363B85	ENT_69CC1764D427D7363B85	target_d001	PROCEDURE	Billroth Ⅱ	false	medical_kg_gold				target	1		false
t::d001::ENT_69D3E31C8E4CD304D8AC	ENT_69D3E31C8E4CD304D8AC	target_d001	OTHER	MTHFR gene C677T polymorphism	false	medical_kg_gold				target	1		false
t::d001::ENT_69DA2926998233B3DD3C	ENT_69DA2926998233B3DD3C	target_d001	PROTEIN	Kv4.2 protein	false	medical_kg_gold				target	1		false
t::d001::ENT_69E07600E8996971C92F	ENT_69E07600E8996971C92F	target_d001	PHENOTYPE	harmony between hands and eyes	false	medical_kg_gold				target	1		false
t::d001::ENT_69E0DCDA3E1166D5643E	ENT_69E0DCDA3E1166D5643E	target_d001	BIOLOGICAL_PROCESS	reduction in insulin action on its targets	false	medical_kg_gold				target	1		false
t::d001::ENT_69E1A6F3CDE267A5DBD1	ENT_69E1A6F3CDE267A5DBD1	target_d001	DRUG	NovoMix 30	false	medical_kg_gold				target	1		false
t::d001::ENT_69F174456F0A61D4DEEF	ENT_69F174456F0A61D4DEEF	target_d001	METABOLITE	FT3	false	medical_kg_gold				target	1		false
t::d001::ENT_69F2EE5EC898F633B4EB	ENT_69F2EE5EC898F633B4EB	target_d001	RISK_FACTOR	being overweight	false	medical_kg_gold				target	1		false
t::d001::ENT_6A05103B2FE1E810E4B2	ENT_6A05103B2FE1E810E4B2	target_d001	DRUG	medication	false	medical_kg_gold				target	1		false
t::d001::ENT_6A073797E046557D6187	ENT_6A073797E046557D6187	target_d001	DISEASE	maculopathy	false	medical_kg_gold				target	1		false
t::d001::ENT_6A0D2BEEC4F10A82E8A6	ENT_6A0D2BEEC4F10A82E8A6	target_d001	LAB_MEASUREMENT	maximal hepatic uptake	false	medical_kg_gold				target	1		false
t::d001::ENT_6A0F43C0F044B1136EF4	ENT_6A0F43C0F044B1136EF4	target_d001	BIOMARKER	serum CA19-9 levels	false	medical_kg_gold				target	1		false
t::d001::ENT_6A1D21342ECFBD56A077	ENT_6A1D21342ECFBD56A077	target_d001	RISK_FACTOR	gender	false	medical_kg_gold				target	1		false
t::d001::ENT_6A20F72661625DBA4E4D	ENT_6A20F72661625DBA4E4D	target_d001	GENE	iNOS mRNA	false	medical_kg_gold				target	1		false
t::d001::ENT_6A241B2F9FD48D22E234	ENT_6A241B2F9FD48D22E234	target_d001	BEHAVIOR	self-monitoring of healthy eating and exercise	false	medical_kg_gold				target	1		false
t::d001::ENT_6A2A81B8EE6C82D92B0D	ENT_6A2A81B8EE6C82D92B0D	target_d001	DISEASE	hyperglycemia	false	medical_kg_gold				target	1		false
t::d001::ENT_6A2F7FC8752814AADC24	ENT_6A2F7FC8752814AADC24	target_d001	CLINICAL_OUTCOME	oral health status	false	medical_kg_gold				target	1		false
t::d001::ENT_6A38AEAAEBA3A89863EB	ENT_6A38AEAAEBA3A89863EB	target_d001	LAB_MEASUREMENT	the number of cells with micronuclei	false	medical_kg_gold				target	1		false
t::d001::ENT_6A46116829BDE56B50E6	ENT_6A46116829BDE56B50E6	target_d001	PATHWAY	JNK signaling pathway	false	medical_kg_gold				target	1		false
t::d001::ENT_6A4D30902ADA35249753	ENT_6A4D30902ADA35249753	target_d001	LAB_MEASUREMENT	slowest heart rate	false	medical_kg_gold				target	1		false
t::d001::ENT_6A6355B1A2142C24C876	ENT_6A6355B1A2142C24C876	target_d001	BIOMARKER	HDL-C	false	medical_kg_gold				target	1		false
t::d001::ENT_6A6B5ECC95F6EA71D38C	ENT_6A6B5ECC95F6EA71D38C	target_d001	LAB_MEASUREMENT	HbA1c≥6.5%	false	medical_kg_gold				target	1		false
t::d001::ENT_6A6C14995C1B8E9DE387	ENT_6A6C14995C1B8E9DE387	target_d001	GENE	SLC30A8	false	medical_kg_gold				target	1		false
t::d001::ENT_6A74B60F6D528AABBF68	ENT_6A74B60F6D528AABBF68	target_d001	BIOMARKER	ventricular septal (RVLPSS)	false	medical_kg_gold				target	1		false
t::d001::ENT_6A7CCE64F94CE76FD510	ENT_6A7CCE64F94CE76FD510	target_d001	DRUG	Co-Lingzhijiangtang Capsule	false	medical_kg_gold				target	1		false
t::d001::ENT_6A828AC44CA335E073A9	ENT_6A828AC44CA335E073A9	target_d001	GENE	P allele	false	medical_kg_gold				target	1		false
t::d001::ENT_6A9B1A7DEBFAD24644C8	ENT_6A9B1A7DEBFAD24644C8	target_d001	LIFESTYLE_FACTOR	Pathyakara Aahara and Vihara accomplished with Yoga and Naturopathic procedures	false	medical_kg_gold				target	1		false
t::d001::ENT_6AA0002011BE3F91599F	ENT_6AA0002011BE3F91599F	target_d001	PHENOTYPE	Hyperglycemia	false	medical_kg_gold				target	1		false
t::d001::ENT_6AA3BE7074A6B94AD480	ENT_6AA3BE7074A6B94AD480	target_d001	GENE	C allele of rs13266634C/T	false	medical_kg_gold				target	1		false
t::d001::ENT_6AA8E6B507A6899ED6BF	ENT_6AA8E6B507A6899ED6BF	target_d001	PHYSIOLOGICAL_PROCESS	s-cell function	false	medical_kg_gold				target	1		false
t::d001::ENT_6AA8F727764A4A886B64	ENT_6AA8F727764A4A886B64	target_d001	PROTEIN	BGP	false	medical_kg_gold				target	1		false
t::d001::ENT_6AAB8817C0D835ACAA03	ENT_6AAB8817C0D835ACAA03	target_d001	PHYSIOLOGICAL_PROCESS	bone formation	false	medical_kg_gold				target	1		false
t::d001::ENT_6AB27918353F6417C329	ENT_6AB27918353F6417C329	target_d001	LIFESTYLE_FACTOR	alcoholism	false	medical_kg_gold				target	1		false
t::d001::ENT_6AB6010E25F0433BC4F1	ENT_6AB6010E25F0433BC4F1	target_d001	OTHER	(CA)15 allele	false	medical_kg_gold				target	1		false
t::d001::ENT_6AD3CBEEB9DE247F482F	ENT_6AD3CBEEB9DE247F482F	target_d001	OTHER	KCTD15-rs11084753	false	medical_kg_gold				target	1		false
t::d001::ENT_6AE431241999E2C79705	ENT_6AE431241999E2C79705	target_d001	ENVIRONMENTAL_EXPOSURE	residential distance from a major highway	false	medical_kg_gold				target	1		false
t::d001::ENT_6AE9743AF787BB4FA3FB	ENT_6AE9743AF787BB4FA3FB	target_d001	ENVIRONMENTAL_EXPOSURE	Environmental factors	false	medical_kg_gold				target	1		false
t::d001::ENT_6AECD51C0F59BAF810C0	ENT_6AECD51C0F59BAF810C0	target_d001	DRUG	insulin glargine	false	medical_kg_gold				target	1		false
t::d001::ENT_6B08628852FB43475C09	ENT_6B08628852FB43475C09	target_d001	DISEASE	osteoporotic fractures	false	medical_kg_gold				target	1		false
t::d001::ENT_6B2076CC75793D4C553F	ENT_6B2076CC75793D4C553F	target_d001	PROTEIN	TGFβ(1)	false	medical_kg_gold				target	1		false
t::d001::ENT_6B272B91D00A71CA7721	ENT_6B272B91D00A71CA7721	target_d001	OTHER	the absence of CCL5 and its receptor CCR5	false	medical_kg_gold				target	1		false
t::d001::ENT_6B2ABED5F288FB3B4082	ENT_6B2ABED5F288FB3B4082	target_d001	LAB_MEASUREMENT	total marks of coronary artery disease	false	medical_kg_gold				target	1		false
t::d001::ENT_6B3C434AEC90EC75129A	ENT_6B3C434AEC90EC75129A	target_d001	BIOMARKER	plasma resistin	false	medical_kg_gold				target	1		false
t::d001::ENT_6B4425645605AF7CE13B	ENT_6B4425645605AF7CE13B	target_d001	PHENOTYPE	Endothelium dysfunction	false	medical_kg_gold				target	1		false
t::d001::ENT_6B4E6953972322064466	ENT_6B4E6953972322064466	target_d001	PROTEIN	apolipoprotein AI	false	medical_kg_gold				target	1		false
t::d001::ENT_6B74B08F4B8ED92062B7	ENT_6B74B08F4B8ED92062B7	target_d001	LAB_MEASUREMENT	serum concentrations of TGF-α	false	medical_kg_gold				target	1		false
t::d001::ENT_6B81324B2CF28646E3FF	ENT_6B81324B2CF28646E3FF	target_d001	OTHER	pitch, pitch SD, and relative average pertubation jitter	false	medical_kg_gold				target	1		false
t::d001::ENT_6B881EA12ED5C5599B1C	ENT_6B881EA12ED5C5599B1C	target_d001	PROTEIN	hepcidin	false	medical_kg_gold				target	1		false
t::d001::ENT_6B95E29E6A3855693339	ENT_6B95E29E6A3855693339	target_d001	TREATMENT	Combination of Tangmaikang and alendronate	false	medical_kg_gold				target	1		false
t::d001::ENT_6B9EAC56678FFBF2B58D	ENT_6B9EAC56678FFBF2B58D	target_d001	PROCEDURE	Gastric bypass operation	false	medical_kg_gold				target	1		false
t::d001::ENT_6BA5AD6E8A21930136D4	ENT_6BA5AD6E8A21930136D4	target_d001	DISEASE	vascular complications of diabetes	false	medical_kg_gold				target	1		false
t::d001::ENT_6BA723EDF4CA56A78FD7	ENT_6BA723EDF4CA56A78FD7	target_d001	BIOMARKER	plasma D-dimer concentration	false	medical_kg_gold				target	1		false
t::d001::ENT_6BAFA2D0A6D21A74C88A	ENT_6BAFA2D0A6D21A74C88A	target_d001	DISEASE	gestational diabetes	false	medical_kg_gold				target	1		false
t::d001::ENT_6BB956FF4A254C20F0E3	ENT_6BB956FF4A254C20F0E3	target_d001	LAB_MEASUREMENT	post prandial plasma glucose	false	medical_kg_gold				target	1		false
t::d001::ENT_6BBC09EEAD0E8687197A	ENT_6BBC09EEAD0E8687197A	target_d001	OTHER	CC genotype of rs2237897 site	false	medical_kg_gold				target	1		false
t::d001::ENT_6BE53B954957EBBEBD69	ENT_6BE53B954957EBBEBD69	target_d001	DISEASE	HHS	false	medical_kg_gold				target	1		false
t::d001::ENT_6BF3BCFFDE38BB42B74D	ENT_6BF3BCFFDE38BB42B74D	target_d001	PROTEIN	CD 63	false	medical_kg_gold				target	1		false
t::d001::ENT_6BFBC0D430EDD735B501	ENT_6BFBC0D430EDD735B501	target_d001	PHENOTYPE	compensatory hyperinsulinemia	false	medical_kg_gold				target	1		false
t::d001::ENT_6C033663A8FA8BC781A4	ENT_6C033663A8FA8BC781A4	target_d001	PHENOTYPE	fast-acetylator genotypes	false	medical_kg_gold				target	1		false
t::d001::ENT_6C1064D6721F50CFA25C	ENT_6C1064D6721F50CFA25C	target_d001	BIOMARKER	serum adiponectin levels	false	medical_kg_gold				target	1		false
t::d001::ENT_6C128FA378A8E0924FA5	ENT_6C128FA378A8E0924FA5	target_d001	PROTEIN	PHD3	false	medical_kg_gold				target	1		false
t::d001::ENT_6C18B017AF763173105B	ENT_6C18B017AF763173105B	target_d001	OTHER	depression, anxiety, eating disorders, and decreasing cognitive function	false	medical_kg_gold				target	1		false
t::d001::ENT_6C20869067F504391A4D	ENT_6C20869067F504391A4D	target_d001	LAB_MEASUREMENT	albumin	false	medical_kg_gold				target	1		false
t::d001::ENT_6C212984A9F849E9E7E7	ENT_6C212984A9F849E9E7E7	target_d001	DISEASE	community-acquired pneumonia	false	medical_kg_gold				target	1		false
t::d001::ENT_6C28152DBE8EC83A1AFC	ENT_6C28152DBE8EC83A1AFC	target_d001	OTHER	HP	false	medical_kg_gold				target	1		false
t::d001::ENT_6C29A2042F0EBE66D861	ENT_6C29A2042F0EBE66D861	target_d001	DRUG	Qingre-Jiangzhuo prescription	false	medical_kg_gold				target	1		false
t::d001::ENT_6C2EC1829ECCE0562653	ENT_6C2EC1829ECCE0562653	target_d001	PHYSIOLOGICAL_PROCESS	autonomic nervous function	false	medical_kg_gold				target	1		false
t::d001::ENT_6C3DDAC7B8F03342B7EF	ENT_6C3DDAC7B8F03342B7EF	target_d001	PHENOTYPE	increased femoral artery stiffness	false	medical_kg_gold				target	1		false
t::d001::ENT_6C447283545AF4C8C76E	ENT_6C447283545AF4C8C76E	target_d001	METABOLITE	HDL cholesterol	false	medical_kg_gold				target	1		false
t::d001::ENT_6C4EA2C9E8064673D72D	ENT_6C4EA2C9E8064673D72D	target_d001	DIET	balanced diet plan	false	medical_kg_gold				target	1		false
t::d001::ENT_6C5127D213EB529D51F8	ENT_6C5127D213EB529D51F8	target_d001	DISEASE	carotid stenosis	false	medical_kg_gold				target	1		false
t::d001::ENT_6C5DB78CC58DCB869CA4	ENT_6C5DB78CC58DCB869CA4	target_d001	TREATMENT	Early detection and management	false	medical_kg_gold				target	1		false
t::d001::ENT_6C71F7A914309DADD06E	ENT_6C71F7A914309DADD06E	target_d001	GENE	SNPs C-482T and T-455C of apoC-Ⅲ	false	medical_kg_gold				target	1		false
t::d001::ENT_6C795EB2E52A944EA992	ENT_6C795EB2E52A944EA992	target_d001	TREATMENT	initiation of RAS-suppressing therapy with an ACEI or ARB	false	medical_kg_gold				target	1		false
t::d001::ENT_6C79B73644CC74610806	ENT_6C79B73644CC74610806	target_d001	RISK_FACTOR	age over 40 years	false	medical_kg_gold				target	1		false
t::d001::ENT_6C7D84C3CD567AB26D75	ENT_6C7D84C3CD567AB26D75	target_d001	PHYSIOLOGICAL_PROCESS	insulin secretion deficiency	false	medical_kg_gold				target	1		false
t::d001::ENT_6C7EC7439572FFF2066B	ENT_6C7EC7439572FFF2066B	target_d001	PROTEIN	i NOS	false	medical_kg_gold				target	1		false
t::d001::ENT_6C896B777C244CA2EEAB	ENT_6C896B777C244CA2EEAB	target_d001	NUTRIENT	added sugar	false	medical_kg_gold				target	1		false
t::d001::ENT_6C8D3C66344F63EF1A0D	ENT_6C8D3C66344F63EF1A0D	target_d001	LAB_MEASUREMENT	Ep	false	medical_kg_gold				target	1		false
t::d001::ENT_6C908C0FB8B845CE4DAA	ENT_6C908C0FB8B845CE4DAA	target_d001	POPULATION	Siblings of type 2 diabetics	false	medical_kg_gold				target	1		false
t::d001::ENT_6C98C8EF0AF955ED42F5	ENT_6C98C8EF0AF955ED42F5	target_d001	DISEASE	IGR	false	medical_kg_gold				target	1		false
t::d001::ENT_6CBA8E30EABBDE9B1B80	ENT_6CBA8E30EABBDE9B1B80	target_d001	BEHAVIOR	Sleep restriction	false	medical_kg_gold				target	1		false
t::d001::ENT_6CC6AB8FF300498263F4	ENT_6CC6AB8FF300498263F4	target_d001	OTHER	polygenic inheritance	false	medical_kg_gold				target	1		false
t::d001::ENT_6CCBD13D810FDD87A559	ENT_6CCBD13D810FDD87A559	target_d001	PHENOTYPE	abnormalities of lipids metablism	false	medical_kg_gold				target	1		false
t::d001::ENT_6CDAC79B886F806A0B82	ENT_6CDAC79B886F806A0B82	target_d001	PHENOTYPE	decreased vital capacity	false	medical_kg_gold				target	1		false
t::d001::ENT_6CE0A4C0A419D83CD395	ENT_6CE0A4C0A419D83CD395	target_d001	TREATMENT	SQJTT combined with gliquidone	false	medical_kg_gold				target	1		false
t::d001::ENT_6CE43C14A60E07DE794D	ENT_6CE43C14A60E07DE794D	target_d001	OTHER	allele A	false	medical_kg_gold				target	1		false
t::d001::ENT_6CEFA2C607F1C0FAAEB0	ENT_6CEFA2C607F1C0FAAEB0	target_d001	PHENOTYPE	endothelial dysfunction	false	medical_kg_gold				target	1		false
t::d001::ENT_6D040E1A48807483AC33	ENT_6D040E1A48807483AC33	target_d001	PROTEIN	SOST	false	medical_kg_gold				target	1		false
t::d001::ENT_6D0D66E618EA54CE264D	ENT_6D0D66E618EA54CE264D	target_d001	PHYSIOLOGICAL_PROCESS	reduced aortic endothelium-dependent vasodilation function	false	medical_kg_gold				target	1		false
t::d001::ENT_6D1AA10619F7B9688A6F	ENT_6D1AA10619F7B9688A6F	target_d001	OTHER	rs16861194	false	medical_kg_gold				target	1		false
t::d001::ENT_6D360690BFC26CF5A801	ENT_6D360690BFC26CF5A801	target_d001	GENE	TFAP2B	false	medical_kg_gold				target	1		false
t::d001::ENT_6D44A8013A73E766192A	ENT_6D44A8013A73E766192A	target_d001	OTHER	INSR gene NsiⅠpolymorphism of exon 8	false	medical_kg_gold				target	1		false
t::d001::ENT_6D4DDC6221CFFDC979F0	ENT_6D4DDC6221CFFDC979F0	target_d001	PROTEIN	GPI-PLD	false	medical_kg_gold				target	1		false
t::d001::ENT_6D5793EB84607AC9F28B	ENT_6D5793EB84607AC9F28B	target_d001	METABOLITE	8-isoprostaglandin F2α	false	medical_kg_gold				target	1		false
t::d001::ENT_6D5987D0EB0DC03EF306	ENT_6D5987D0EB0DC03EF306	target_d001	PROTEIN	Asprosin	false	medical_kg_gold				target	1		false
t::d001::ENT_6D67A4E2E22493FF3379	ENT_6D67A4E2E22493FF3379	target_d001	OTHER	T/T genotype	false	medical_kg_gold				target	1		false
t::d001::ENT_6D6C7F0B1FF43BDDC4CE	ENT_6D6C7F0B1FF43BDDC4CE	target_d001	POPULATION	49 subjects	false	medical_kg_gold				target	1		false
t::d001::ENT_6D7194AA97FE8B323746	ENT_6D7194AA97FE8B323746	target_d001	DIET	high-glucose-high-fat diet	false	medical_kg_gold				target	1		false
t::d001::ENT_6DA8724DF78A4EADEC5A	ENT_6DA8724DF78A4EADEC5A	target_d001	BIOLOGICAL_PROCESS	metabolism of glucose and lipid	false	medical_kg_gold				target	1		false
t::d001::ENT_6DAA902FBA64DA6465AF	ENT_6DAA902FBA64DA6465AF	target_d001	TREATMENT	repaglinide combined with metformin	false	medical_kg_gold				target	1		false
t::d001::ENT_6DB7CE633F7E2A80AC7B	ENT_6DB7CE633F7E2A80AC7B	target_d001	DISEASE	COVID-19	false	medical_kg_gold				target	1		false
t::d001::ENT_6DC81491E37971EC669B	ENT_6DC81491E37971EC669B	target_d001	RISK_FACTOR	waist circumference combined with blood pressure and triglyceride	false	medical_kg_gold				target	1		false
t::d001::ENT_6DD1C948CDF916ADF0BF	ENT_6DD1C948CDF916ADF0BF	target_d001	DISEASE	rHT	false	medical_kg_gold				target	1		false
t::d001::ENT_6DD88424B09E4B2D82CA	ENT_6DD88424B09E4B2D82CA	target_d001	CLINICAL_OUTCOME	risk of distant metastases	false	medical_kg_gold				target	1		false
t::d001::ENT_6DE586C24D3C7E248FA0	ENT_6DE586C24D3C7E248FA0	target_d001	LAB_MEASUREMENT	Urinary NAG	false	medical_kg_gold				target	1		false
t::d001::ENT_6DE8CD2C379F3219DB35	ENT_6DE8CD2C379F3219DB35	target_d001	OTHER	polymorphism in PPARγ2 gene	false	medical_kg_gold				target	1		false
t::d001::ENT_6DED3F2EFD5EE0EC9CA2	ENT_6DED3F2EFD5EE0EC9CA2	target_d001	BIOLOGICAL_PROCESS	insulin secretory dysfunction	false	medical_kg_gold				target	1		false
t::d001::ENT_6DF8B422989E429FF366	ENT_6DF8B422989E429FF366	target_d001	PHYSIOLOGICAL_PROCESS	relaxation of aortic rings to low concentration of Ach	false	medical_kg_gold				target	1		false
t::d001::ENT_6E014597EF6B9FE74EC8	ENT_6E014597EF6B9FE74EC8	target_d001	TREATMENT	vitamin D supplementation	false	medical_kg_gold				target	1		false
t::d001::ENT_6E077289FE48DB36233C	ENT_6E077289FE48DB36233C	target_d001	DISEASE	long term VA	false	medical_kg_gold				target	1		false
t::d001::ENT_6E42E404D55087F60F22	ENT_6E42E404D55087F60F22	target_d001	PROTEIN	PEDF	false	medical_kg_gold				target	1		false
t::d001::ENT_6E4B31F1BB54EABD75D4	ENT_6E4B31F1BB54EABD75D4	target_d001	GENE	Gly40Ser variation in the GCG R gene	false	medical_kg_gold				target	1		false
t::d001::ENT_6E525251D66AC0739E77	ENT_6E525251D66AC0739E77	target_d001	CELL	NK cells	false	medical_kg_gold				target	1		false
t::d001::ENT_6E5A457CECD98B259277	ENT_6E5A457CECD98B259277	target_d001	PROTEIN	S-TSH	false	medical_kg_gold				target	1		false
t::d001::ENT_6E76E4BC569DB5CD08FA	ENT_6E76E4BC569DB5CD08FA	target_d001	OTHER	Faecalibacterium	false	medical_kg_gold				target	1		false
t::d001::ENT_6E7866CAED1942D6595F	ENT_6E7866CAED1942D6595F	target_d001	PHYSIOLOGICAL_PROCESS	vasopressin-induced antidiuresis	false	medical_kg_gold				target	1		false
t::d001::ENT_6E9318442F78D8F9BC04	ENT_6E9318442F78D8F9BC04	target_d001	METABOLITE	serum magnesium	false	medical_kg_gold				target	1		false
t::d001::ENT_6E9CBE36AB7A64331A54	ENT_6E9CBE36AB7A64331A54	target_d001	LIFESTYLE_FACTOR	Work stress	false	medical_kg_gold				target	1		false
t::d001::ENT_6E9D4CACA11F62B1AA8D	ENT_6E9D4CACA11F62B1AA8D	target_d001	DISEASE	PVD	false	medical_kg_gold				target	1		false
t::d001::ENT_6EA00DEC16F6C36A697E	ENT_6EA00DEC16F6C36A697E	target_d001	PROCEDURE	LRYGB	false	medical_kg_gold				target	1		false
t::d001::ENT_6EA5FB355FBB50F55824	ENT_6EA5FB355FBB50F55824	target_d001	PROCEDURE	insulin pump	false	medical_kg_gold				target	1		false
t::d001::ENT_6EC300D06C598058A3FA	ENT_6EC300D06C598058A3FA	target_d001	OTHER	human gut microbiota	false	medical_kg_gold				target	1		false
t::d001::ENT_6ECF5EEBD1B265D0CF12	ENT_6ECF5EEBD1B265D0CF12	target_d001	DIET	taking more bean food and meat	false	medical_kg_gold				target	1		false
t::d001::ENT_6ED36B0E5045EE848A73	ENT_6ED36B0E5045EE848A73	target_d001	BIOLOGICAL_PROCESS	apoptosis of liver and islet cells	false	medical_kg_gold				target	1		false
t::d001::ENT_6ED3BCDAE90F6BD213C3	ENT_6ED3BCDAE90F6BD213C3	target_d001	DISEASE	高血压	false	medical_kg_gold				target	1		false
t::d001::ENT_6EE31D52AF0E227AD327	ENT_6EE31D52AF0E227AD327	target_d001	POPULATION	migrant people	false	medical_kg_gold				target	1		false
t::d001::ENT_6EFAB75A74AD69CBB502	ENT_6EFAB75A74AD69CBB502	target_d001	OTHER	mutated T allelic gene	false	medical_kg_gold				target	1		false
t::d001::ENT_6F0BC98E00BF8DE46E6D	ENT_6F0BC98E00BF8DE46E6D	target_d001	GENE	C408A	false	medical_kg_gold				target	1		false
t::d001::ENT_6F0CFF3CC3CE7C339613	ENT_6F0CFF3CC3CE7C339613	target_d001	POPULATION	Patients with both of the manifestations	false	medical_kg_gold				target	1		false
t::d001::ENT_6F0EFDA3FC69EFB6D1B0	ENT_6F0EFDA3FC69EFB6D1B0	target_d001	GENE	ApoE gene polymorphism	false	medical_kg_gold				target	1		false
t::d001::ENT_6F0F5E25D0C29DDB23A8	ENT_6F0F5E25D0C29DDB23A8	target_d001	GENE	T allele	false	medical_kg_gold				target	1		false
t::d001::ENT_6F1F5B8EDEAD45C13D33	ENT_6F1F5B8EDEAD45C13D33	target_d001	OTHER	D	false	medical_kg_gold				target	1		false
t::d001::ENT_6F24040D911EBE0EA624	ENT_6F24040D911EBE0EA624	target_d001	PROTEIN	bFGF	false	medical_kg_gold				target	1		false
t::d001::ENT_6F64494827F1EC153B5E	ENT_6F64494827F1EC153B5E	target_d001	CELL	NKT cells	false	medical_kg_gold				target	1		false
t::d001::ENT_6F6BF6BED019A4AB3114	ENT_6F6BF6BED019A4AB3114	target_d001	OTHER	IL-1RN*II allele	false	medical_kg_gold				target	1		false
t::d001::ENT_6F7BF84A3DFE1C7D4055	ENT_6F7BF84A3DFE1C7D4055	target_d001	LAB_MEASUREMENT	serum level of Ⅳ-C LN	false	medical_kg_gold				target	1		false
t::d001::ENT_6F8566D990642436CE84	ENT_6F8566D990642436CE84	target_d001	DRUG	fuxinpuli	false	medical_kg_gold				target	1		false
t::d001::ENT_6F9303BC378E1D296A30	ENT_6F9303BC378E1D296A30	target_d001	INTERVENTION	mass screening examinations	false	medical_kg_gold				target	1		false
t::d001::ENT_6FAF713E26CDAA294CCF	ENT_6FAF713E26CDAA294CCF	target_d001	DISEASE	AF	false	medical_kg_gold				target	1		false
t::d001::ENT_6FB97127E11FA3E37B23	ENT_6FB97127E11FA3E37B23	target_d001	OTHER	MC4R-rs17782313	false	medical_kg_gold				target	1		false
t::d001::ENT_6FC7E58464076F34C7A7	ENT_6FC7E58464076F34C7A7	target_d001	OTHER	T/T homozygotes	false	medical_kg_gold				target	1		false
t::d001::ENT_6FC9BD0490910DC42CD6	ENT_6FC9BD0490910DC42CD6	target_d001	DISEASE	AR	false	medical_kg_gold				target	1		false
t::d001::ENT_6FD2CDF9FFD90A630836	ENT_6FD2CDF9FFD90A630836	target_d001	CLINICAL_OUTCOME	high cardiovascular and renal risk	false	medical_kg_gold				target	1		false
t::d001::ENT_6FD7569FAE44F1EEAC65	ENT_6FD7569FAE44F1EEAC65	target_d001	PHYSIOLOGICAL_PROCESS	β cell function	false	medical_kg_gold				target	1		false
t::d001::ENT_6FDC241DA6A68DC9B874	ENT_6FDC241DA6A68DC9B874	target_d001	OTHER	16 compound combinations	false	medical_kg_gold				target	1		false
t::d001::ENT_6FE22FC6EADA8C66AA07	ENT_6FE22FC6EADA8C66AA07	target_d001	PROCEDURE	voice analysis	false	medical_kg_gold				target	1		false
t::d001::ENT_6FE2B780C1892523B18C	ENT_6FE2B780C1892523B18C	target_d001	GENE	PTP-1B gene	false	medical_kg_gold				target	1		false
t::d001::ENT_6FFB45687EFBB2721AD4	ENT_6FFB45687EFBB2721AD4	target_d001	BIOMARKER	AFP	false	medical_kg_gold				target	1		false
t::d001::ENT_6FFFEFF11A5E1437A46D	ENT_6FFFEFF11A5E1437A46D	target_d001	DISEASE	metabolic disorders	false	medical_kg_gold				target	1		false
t::d001::ENT_70040C38AE7E7B3F8163	ENT_70040C38AE7E7B3F8163	target_d001	DISEASE	umbilical incisional hernia	false	medical_kg_gold				target	1		false
t::d001::ENT_70058216E23B09E1F305	ENT_70058216E23B09E1F305	target_d001	GENE	TLR4 gene Asp299Gly and Thr399Ile mutations	false	medical_kg_gold				target	1		false
t::d001::ENT_7006661F78EAD5D39DD3	ENT_7006661F78EAD5D39DD3	target_d001	PHENOTYPE	metabolic and neuromuscular changes	false	medical_kg_gold				target	1		false
t::d001::ENT_7011E3962E5BED5BF275	ENT_7011E3962E5BED5BF275	target_d001	TREATMENT	solution focused approach	false	medical_kg_gold				target	1		false
t::d001::ENT_70239CBAD79D7A9919C6	ENT_70239CBAD79D7A9919C6	target_d001	RISK_FACTOR	hyperlipidemia history	false	medical_kg_gold				target	1		false
t::d001::ENT_705F54883BEF797DAA21	ENT_705F54883BEF797DAA21	target_d001	NUTRIENT	K2	false	medical_kg_gold				target	1		false
t::d001::ENT_7079707606A5F15D4D1A	ENT_7079707606A5F15D4D1A	target_d001	OTHER	VDR (BsmI) gene polymorphism genotype	false	medical_kg_gold				target	1		false
t::d001::ENT_70877A37BA5F598E649D	ENT_70877A37BA5F598E649D	target_d001	OTHER	PPARGC1A rs8192678(A)	false	medical_kg_gold				target	1		false
t::d001::ENT_708BB0004E5DF59B6453	ENT_708BB0004E5DF59B6453	target_d001	BIOMARKER	HbA 1c	false	medical_kg_gold				target	1		false
t::d001::ENT_709289ACB3EAA0BA0FFF	ENT_709289ACB3EAA0BA0FFF	target_d001	GENE	TT genotype	false	medical_kg_gold				target	1		false
t::d001::ENT_7092CA88443502CCF623	ENT_7092CA88443502CCF623	target_d001	BIOLOGICAL_PROCESS	apoptosis of β cells	false	medical_kg_gold				target	1		false
t::d001::ENT_70A244DAFCBDB140D3BB	ENT_70A244DAFCBDB140D3BB	target_d001	DRUG	antibiotics	false	medical_kg_gold				target	1		false
t::d001::ENT_70A8D4EBC816DEBDB6FD	ENT_70A8D4EBC816DEBDB6FD	target_d001	GENE	PvuⅡ polymorphism of LPL gene	false	medical_kg_gold				target	1		false
t::d001::ENT_70BEC2F818A84D10E4E8	ENT_70BEC2F818A84D10E4E8	target_d001	LAB_MEASUREMENT	endocardial longitudinal PSS	false	medical_kg_gold				target	1		false
t::d001::ENT_70C1DEE109E94755BDD7	ENT_70C1DEE109E94755BDD7	target_d001	DISEASE	blood lipid disorders	false	medical_kg_gold				target	1		false
t::d001::ENT_70C2B93E72CFE3881892	ENT_70C2B93E72CFE3881892	target_d001	LAB_MEASUREMENT	serum Mg	false	medical_kg_gold				target	1		false
t::d001::ENT_70DA43B1F976DE994BF7	ENT_70DA43B1F976DE994BF7	target_d001	OTHER	Enterococcus	false	medical_kg_gold				target	1		false
t::d001::ENT_70E376603BB6F506DAD0	ENT_70E376603BB6F506DAD0	target_d001	PROTEIN	GPR40	false	medical_kg_gold				target	1		false
t::d001::ENT_70EBC0F7FB689D685447	ENT_70EBC0F7FB689D685447	target_d001	OTHER	Fungi	false	medical_kg_gold				target	1		false
t::d001::ENT_70EE0410C7DCD7E4B995	ENT_70EE0410C7DCD7E4B995	target_d001	BIOMARKER	Beta-cell function	false	medical_kg_gold				target	1		false
t::d001::ENT_70EE1ED089CF2C1F0D32	ENT_70EE1ED089CF2C1F0D32	target_d001	LAB_MEASUREMENT	increased level of inflammatory markers	false	medical_kg_gold				target	1		false
t::d001::ENT_70EED1CDF3BFFD7CF95E	ENT_70EED1CDF3BFFD7CF95E	target_d001	BIOMARKER	Mitochondrial DNA polymorphisms	false	medical_kg_gold				target	1		false
t::d001::ENT_70F68161B0B1DB263CD7	ENT_70F68161B0B1DB263CD7	target_d001	COMPOUND	decreased levels of melatonin	false	medical_kg_gold				target	1		false
t::d001::ENT_710432B001F3092247DC	ENT_710432B001F3092247DC	target_d001	RISK_FACTOR	history of gestational diabetes mellitus	false	medical_kg_gold				target	1		false
t::d001::ENT_7106DE5AAA39847DDD03	ENT_7106DE5AAA39847DDD03	target_d001	LAB_MEASUREMENT	cell density of posterior stroma	false	medical_kg_gold				target	1		false
t::d001::ENT_710DB2459BDC89B40D72	ENT_710DB2459BDC89B40D72	target_d001	POPULATION	children	false	medical_kg_gold				target	1		false
t::d001::ENT_71167036799CB7F18E92	ENT_71167036799CB7F18E92	target_d001	GENE	Adiponectin genes	false	medical_kg_gold				target	1		false
t::d001::ENT_7117AFF4650647F43B26	ENT_7117AFF4650647F43B26	target_d001	BIOMARKER	serum Cys C levels	false	medical_kg_gold				target	1		false
t::d001::ENT_71330A1AA549EFC17FF9	ENT_71330A1AA549EFC17FF9	target_d001	PHENOTYPE	Metabolism abnormality of plasma lipid, glucose, pressure, insulin	false	medical_kg_gold				target	1		false
t::d001::ENT_713DB4BA1B64817C5FE4	ENT_713DB4BA1B64817C5FE4	target_d001	COMPOUND	Endogenous digoxin	false	medical_kg_gold				target	1		false
t::d001::ENT_7149CCBCFEB2453F499B	ENT_7149CCBCFEB2453F499B	target_d001	COMPOUND	DPd	false	medical_kg_gold				target	1		false
t::d001::ENT_71679213E1C94C3464CA	ENT_71679213E1C94C3464CA	target_d001	LAB_MEASUREMENT	RBC CICR	false	medical_kg_gold				target	1		false
t::d001::ENT_71844055A0DBA9945427	ENT_71844055A0DBA9945427	target_d001	OTHER	pumpkin polysaccharides and puerarin combination	false	medical_kg_gold				target	1		false
t::d001::ENT_718C225EFFF3F5DCD1AE	ENT_718C225EFFF3F5DCD1AE	target_d001	DRUG	Jinkui Shenqi Pill	false	medical_kg_gold				target	1		false
t::d001::ENT_718C5434EDABB6F96740	ENT_718C5434EDABB6F96740	target_d001	OTHER	mutations of INS R gene in exon 17	false	medical_kg_gold				target	1		false
t::d001::ENT_7190C61FE93436DF673C	ENT_7190C61FE93436DF673C	target_d001	OTHER	epidemic proportions	false	medical_kg_gold				target	1		false
t::d001::ENT_7196E7A17AC6D8429E28	ENT_7196E7A17AC6D8429E28	target_d001	PROTEIN	NLRP3	false	medical_kg_gold				target	1		false
t::d001::ENT_719862A99CE06231CE2E	ENT_719862A99CE06231CE2E	target_d001	PHENOTYPE	β-cell failure	false	medical_kg_gold				target	1		false
t::d001::ENT_71B3156BB409556E744E	ENT_71B3156BB409556E744E	target_d001	DIET	dietary glycemic load	false	medical_kg_gold				target	1		false
t::d001::ENT_71B499CF79B3B09B2452	ENT_71B499CF79B3B09B2452	target_d001	PROTEIN	AT II	false	medical_kg_gold				target	1		false
t::d001::ENT_71BC3EFBB7A0832FF593	ENT_71BC3EFBB7A0832FF593	target_d001	PHENOTYPE	extra weight	false	medical_kg_gold				target	1		false
t::d001::ENT_71C4614404738B987EBA	ENT_71C4614404738B987EBA	target_d001	OTHER	IL17A gene polymorphism rs 2275913	false	medical_kg_gold				target	1		false
t::d001::ENT_71CCEADC3063B6F272A7	ENT_71CCEADC3063B6F272A7	target_d001	PHENOTYPE	cognitive dysfunction	false	medical_kg_gold				target	1		false
t::d001::ENT_71D1A6681C939B8C3463	ENT_71D1A6681C939B8C3463	target_d001	CLINICAL_OUTCOME	aspirin resistance in patients of acute cerebral infarction	false	medical_kg_gold				target	1		false
t::d001::ENT_71E3300F9FBD6B3BA840	ENT_71E3300F9FBD6B3BA840	target_d001	GENE	variants in TCF7L2	false	medical_kg_gold				target	1		false
t::d001::ENT_71E4521A37F9FED8F9AD	ENT_71E4521A37F9FED8F9AD	target_d001	DIET	healthy diet	false	medical_kg_gold				target	1		false
t::d001::ENT_71FC3C022CB8FB7F7CA0	ENT_71FC3C022CB8FB7F7CA0	target_d001	OTHER	annual income	false	medical_kg_gold				target	1		false
t::d001::ENT_7232445D8BE6790D439C	ENT_7232445D8BE6790D439C	target_d001	BIOMARKER	BNP	false	medical_kg_gold				target	1		false
t::d001::ENT_723BE657D341972507CE	ENT_723BE657D341972507CE	target_d001	PROTEIN	PTX3	false	medical_kg_gold				target	1		false
t::d001::ENT_7247B420FE1EDF35F1CC	ENT_7247B420FE1EDF35F1CC	target_d001	PHYSIOLOGICAL_PROCESS	platelet activation	false	medical_kg_gold				target	1		false
t::d001::ENT_7247E741DB91B06E4DF0	ENT_7247E741DB91B06E4DF0	target_d001	COMPOUND	malondialdehyde	false	medical_kg_gold				target	1		false
t::d001::ENT_725D25C07D3D6BCF04D0	ENT_725D25C07D3D6BCF04D0	target_d001	GENE	HLA-DQA1*0104 allele	false	medical_kg_gold				target	1		false
t::d001::ENT_726A76368547A8AB32A3	ENT_726A76368547A8AB32A3	target_d001	PHENOTYPE	insulin opposition	false	medical_kg_gold				target	1		false
t::d001::ENT_72795899A2282CEF0894	ENT_72795899A2282CEF0894	target_d001	DISEASE	HBV-derived cirrhosis	false	medical_kg_gold				target	1		false
t::d001::ENT_7298534B07E247A0A9F4	ENT_7298534B07E247A0A9F4	target_d001	SYMPTOM	toxicity symptoms	false	medical_kg_gold				target	1		false
t::d001::ENT_729EE28361B471EC14F4	ENT_729EE28361B471EC14F4	target_d001	OTHER	polymorphisms of leptin receptor gene 3057 G/A	false	medical_kg_gold				target	1		false
t::d001::ENT_72C3CCD28B0C78683D63	ENT_72C3CCD28B0C78683D63	target_d001	LAB_MEASUREMENT	BMD of proximal femur	false	medical_kg_gold				target	1		false
t::d001::ENT_72D8D4E2F1E70D955FB5	ENT_72D8D4E2F1E70D955FB5	target_d001	PROTEIN	plasma apelin-12	false	medical_kg_gold				target	1		false
t::d001::ENT_72DBEE8F2CD7D8381286	ENT_72DBEE8F2CD7D8381286	target_d001	BIOMARKER	SOS	false	medical_kg_gold				target	1		false
t::d001::ENT_72EB51E905639EF3CD8A	ENT_72EB51E905639EF3CD8A	target_d001	DRUG	Statins	false	medical_kg_gold				target	1		false
t::d001::ENT_731790737769997F29B0	ENT_731790737769997F29B0	target_d001	BIOMARKER	CC	false	medical_kg_gold				target	1		false
t::d001::ENT_7334D52822A6E88C6AC6	ENT_7334D52822A6E88C6AC6	target_d001	METABOLITE	FT_3	false	medical_kg_gold				target	1		false
t::d001::ENT_73353954C208DF8DDFF3	ENT_73353954C208DF8DDFF3	target_d001	GENE	TCF2-SNP4 rs1016991	false	medical_kg_gold				target	1		false
t::d001::ENT_733583C1EE00D474FCDF	ENT_733583C1EE00D474FCDF	target_d001	BIOMARKER	miRNA 192	false	medical_kg_gold				target	1		false
t::d001::ENT_733EDF2428C49CB94698	ENT_733EDF2428C49CB94698	target_d001	GENE	PAI-1 alleles and genotypes	false	medical_kg_gold				target	1		false
t::d001::ENT_7346ED85869FAB858AFF	ENT_7346ED85869FAB858AFF	target_d001	METABOLITE	DA	false	medical_kg_gold				target	1		false
t::d001::ENT_737BE9B61D18899CA1E4	ENT_737BE9B61D18899CA1E4	target_d001	OTHER	genetic changes	false	medical_kg_gold				target	1		false
t::d001::ENT_7391FD48B8DBEB4F4D19	ENT_7391FD48B8DBEB4F4D19	target_d001	GENE	Three differentially expressed genes	false	medical_kg_gold				target	1		false
t::d001::ENT_73929EB46EB8AE78C013	ENT_73929EB46EB8AE78C013	target_d001	DISEASE	hypertension(SBP)	false	medical_kg_gold				target	1		false
t::d001::ENT_73955B1DDB8BB56C5125	ENT_73955B1DDB8BB56C5125	target_d001	BIOMARKER	bone-specific alkaline phosphatase	false	medical_kg_gold				target	1		false
t::d001::ENT_739FC73FE9FA8F6AB717	ENT_739FC73FE9FA8F6AB717	target_d001	RISK_FACTOR	DM history	false	medical_kg_gold				target	1		false
t::d001::ENT_73A1DA450712DD440F2C	ENT_73A1DA450712DD440F2C	target_d001	PROTEIN	serum RBP4	false	medical_kg_gold				target	1		false
t::d001::ENT_73AB1C51544B20A9D514	ENT_73AB1C51544B20A9D514	target_d001	PHENOTYPE	impaired ATP production	false	medical_kg_gold				target	1		false
t::d001::ENT_73B408AF195883AEF56A	ENT_73B408AF195883AEF56A	target_d001	CLINICAL_OUTCOME	glycemic and lipid control	false	medical_kg_gold				target	1		false
t::d001::ENT_73B9C3515D6286A6EF5D	ENT_73B9C3515D6286A6EF5D	target_d001	ENVIRONMENTAL_EXPOSURE	residing in rural areas	false	medical_kg_gold				target	1		false
t::d001::ENT_73BB73DB70E65BCD392E	ENT_73BB73DB70E65BCD392E	target_d001	BIOMARKER	UCP2 G/G genotype	false	medical_kg_gold				target	1		false
t::d001::ENT_73C30E2C067E2EB22F27	ENT_73C30E2C067E2EB22F27	target_d001	DISEASE	MetS	false	medical_kg_gold				target	1		false
t::d001::ENT_73CCED93D4F5A725C740	ENT_73CCED93D4F5A725C740	target_d001	PROTEIN	CTX-Ⅰ	false	medical_kg_gold				target	1		false
t::d001::ENT_73DA653C520607BC5122	ENT_73DA653C520607BC5122	target_d001	BIOMARKER	hepatitis B surface antibody	false	medical_kg_gold				target	1		false
t::d001::ENT_73EF17D49AB6DF3C7A60	ENT_73EF17D49AB6DF3C7A60	target_d001	TREATMENT	weight management via improved physical activity and diet	false	medical_kg_gold				target	1		false
t::d001::ENT_74095B70C7965E4207A5	ENT_74095B70C7965E4207A5	target_d001	DRUG	orlistat	false	medical_kg_gold				target	1		false
t::d001::ENT_741D44D4DE99A63E3115	ENT_741D44D4DE99A63E3115	target_d001	PROTEIN	serum resistin level	false	medical_kg_gold				target	1		false
t::d001::ENT_74229F42EC9CBA4AA7B4	ENT_74229F42EC9CBA4AA7B4	target_d001	DISEASE	pneumonia complicating by virus infection	false	medical_kg_gold				target	1		false
t::d001::ENT_74386F0E81F9E2AAB2F6	ENT_74386F0E81F9E2AAB2F6	target_d001	DISEASE	hypomobility syndrome	false	medical_kg_gold				target	1		false
t::d001::ENT_743B2F7447732BD6B679	ENT_743B2F7447732BD6B679	target_d001	DRUG	luseogliflozin	false	medical_kg_gold				target	1		false
t::d001::ENT_743F216ADF7C74B46E27	ENT_743F216ADF7C74B46E27	target_d001	OTHER	compensatory capabilities of the microcirculatory bed of the upper limbs	false	medical_kg_gold				target	1		false
t::d001::ENT_745F736237FACEF8C698	ENT_745F736237FACEF8C698	target_d001	DISEASE	HCV	false	medical_kg_gold				target	1		false
t::d001::ENT_746ED48B8D5152EF7077	ENT_746ED48B8D5152EF7077	target_d001	BIOLOGICAL_PROCESS	expression of ClC-3 protein	false	medical_kg_gold				target	1		false
t::d001::ENT_7471275233D59C71A981	ENT_7471275233D59C71A981	target_d001	DISEASE	pelvic lymph node metastasis	false	medical_kg_gold				target	1		false
t::d001::ENT_7472EC8D2252C7CE6EC7	ENT_7472EC8D2252C7CE6EC7	target_d001	PROCEDURE	laparoscopic gastric bypass	false	medical_kg_gold				target	1		false
t::d001::ENT_74782FFC2976D02A2922	ENT_74782FFC2976D02A2922	target_d001	LAB_MEASUREMENT	TC/HDLcholesterol ratio	false	medical_kg_gold				target	1		false
t::d001::ENT_7497A82F1382DFE0DED2	ENT_7497A82F1382DFE0DED2	target_d001	PROCEDURE	LBG	false	medical_kg_gold				target	1		false
t::d001::ENT_74AA023B8710000150F5	ENT_74AA023B8710000150F5	target_d001	PROTEIN	serum levels of the visfatin	false	medical_kg_gold				target	1		false
t::d001::ENT_74AAD43BD4EBFACB6825	ENT_74AAD43BD4EBFACB6825	target_d001	DRUG	Jieyu Huoxue Decoction	false	medical_kg_gold				target	1		false
t::d001::ENT_74C69793F29CD6FBC97F	ENT_74C69793F29CD6FBC97F	target_d001	INTERVENTION	lifestyle changes involving weight loss and exercise	false	medical_kg_gold				target	1		false
t::d001::ENT_74CA7F7CCF08AFEB0C86	ENT_74CA7F7CCF08AFEB0C86	target_d001	PHENOTYPE	plaques	false	medical_kg_gold				target	1		false
t::d001::ENT_74CE07307B530F4F8E84	ENT_74CE07307B530F4F8E84	target_d001	CLINICAL_OUTCOME	cardioprotection by sufentanil postconditioning against ischemia-reperfusion injury	false	medical_kg_gold				target	1		false
t::d001::ENT_74DA3EA4A5B82F2F05D9	ENT_74DA3EA4A5B82F2F05D9	target_d001	BIOMARKER	concentrations of IL-1RA, TGF-β1, GDF-15	false	medical_kg_gold				target	1		false
t::d001::ENT_74DBB54E486D9FE4E3B9	ENT_74DBB54E486D9FE4E3B9	target_d001	PROCEDURE	ileal transposition	false	medical_kg_gold				target	1		false
t::d001::ENT_74DDDC0D34CB91CAEE52	ENT_74DDDC0D34CB91CAEE52	target_d001	OTHER	asymptomatic hepatitis B virus carrier	false	medical_kg_gold				target	1		false
t::d001::ENT_74FDAF86F8CBD097648A	ENT_74FDAF86F8CBD097648A	target_d001	METABOLITE	serum 25 hydroxyvitamin D level	false	medical_kg_gold				target	1		false
t::d001::ENT_750430B4933601C47513	ENT_750430B4933601C47513	target_d001	DRUG	glipizide	false	medical_kg_gold				target	1		false
t::d001::ENT_7507BD11F26CD8A52F19	ENT_7507BD11F26CD8A52F19	target_d001	PHENOTYPE	fasting hyperproinsulinemia	false	medical_kg_gold				target	1		false
t::d001::ENT_75086BC8ED2A30900F7C	ENT_75086BC8ED2A30900F7C	target_d001	PROTEIN	IL-18	false	medical_kg_gold				target	1		false
t::d001::ENT_750D6D1CAB8A92F58931	ENT_750D6D1CAB8A92F58931	target_d001	OTHER	elevated blood glucose levels	false	medical_kg_gold				target	1		false
t::d001::ENT_750ED9E9FAD2D180BDD3	ENT_750ED9E9FAD2D180BDD3	target_d001	DISEASE	subclinical celiac disease	false	medical_kg_gold				target	1		false
t::d001::ENT_751BE204D8ABCEC9AE5C	ENT_751BE204D8ABCEC9AE5C	target_d001	DRUG	iptakalim	false	medical_kg_gold				target	1		false
t::d001::ENT_752F8F2A78BF5ACF9ABC	ENT_752F8F2A78BF5ACF9ABC	target_d001	GENE	C-reactive protein gene variation	false	medical_kg_gold				target	1		false
t::d001::ENT_75366339A2108EBA7AE3	ENT_75366339A2108EBA7AE3	target_d001	CLINICAL_OUTCOME	lymph node metastasis rate	false	medical_kg_gold				target	1		false
t::d001::ENT_753BD330E40950BFB14D	ENT_753BD330E40950BFB14D	target_d001	LAB_MEASUREMENT	velocities of OA	false	medical_kg_gold				target	1		false
t::d001::ENT_753E79E223D0D1C33778	ENT_753E79E223D0D1C33778	target_d001	BIOLOGICAL_PROCESS	poremećenom sekrecijom insulina	false	medical_kg_gold				target	1		false
t::d001::ENT_754CDE90FF5A56FA322E	ENT_754CDE90FF5A56FA322E	target_d001	DISEASE	MI	false	medical_kg_gold				target	1		false
t::d001::ENT_755885271472AA80754F	ENT_755885271472AA80754F	target_d001	BIOMARKER	carotid intima-media thickness	false	medical_kg_gold				target	1		false
t::d001::ENT_755CF8A33B86B48A6943	ENT_755CF8A33B86B48A6943	target_d001	DRUG	1,25-(OH)2D3	false	medical_kg_gold				target	1		false
t::d001::ENT_75622303713F8CE2CC0F	ENT_75622303713F8CE2CC0F	target_d001	PROTEIN	plasma PGRN level	false	medical_kg_gold				target	1		false
t::d001::ENT_756B2BFC7E9E3D107605	ENT_756B2BFC7E9E3D107605	target_d001	LAB_MEASUREMENT	pitch	false	medical_kg_gold				target	1		false
t::d001::ENT_756F86DB502309CF8433	ENT_756F86DB502309CF8433	target_d001	OTHER	NONHSAT140069	false	medical_kg_gold				target	1		false
t::d001::ENT_75814B59D615E56211EC	ENT_75814B59D615E56211EC	target_d001	GENE	Mutation at nt3714 A→G	false	medical_kg_gold				target	1		false
t::d001::ENT_75824226B93ADA1BEFFF	ENT_75824226B93ADA1BEFFF	target_d001	DISEASE	end-stage renal insufficiency	false	medical_kg_gold				target	1		false
t::d001::ENT_7585BD9A87FBB2F0456B	ENT_7585BD9A87FBB2F0456B	target_d001	BIOMARKER	expression of PDX-1	false	medical_kg_gold				target	1		false
t::d001::ENT_758827B508EB4D07B776	ENT_758827B508EB4D07B776	target_d001	DISEASE	neurocognitive disorders	false	medical_kg_gold				target	1		false
t::d001::ENT_758BCD0B23A973539BF1	ENT_758BCD0B23A973539BF1	target_d001	TREATMENT	multiple subcutaneous insulin injections (MDI)	false	medical_kg_gold				target	1		false
t::d001::ENT_759DBED3565A8544678B	ENT_759DBED3565A8544678B	target_d001	BIOMARKER	serum ferritin concentration	false	medical_kg_gold				target	1		false
t::d001::ENT_75A353B455ACCF34BBEC	ENT_75A353B455ACCF34BBEC	target_d001	OTHER	colorectal	false	medical_kg_gold				target	1		false
t::d001::ENT_75A66E7845D3977940D9	ENT_75A66E7845D3977940D9	target_d001	NUTRIENT	serum FA	false	medical_kg_gold				target	1		false
t::d001::ENT_75AA53A39822E03A3505	ENT_75AA53A39822E03A3505	target_d001	OTHER	renal length	false	medical_kg_gold				target	1		false
t::d001::ENT_75BF14329EF5AF242BA3	ENT_75BF14329EF5AF242BA3	target_d001	RISK_FACTOR	programmed metabolic syndrome	false	medical_kg_gold				target	1		false
t::d001::ENT_75C62790FBE722BB3E34	ENT_75C62790FBE722BB3E34	target_d001	PROTEIN	Bcl-2	false	medical_kg_gold				target	1		false
t::d001::ENT_75CE34E0262CCA611E2C	ENT_75CE34E0262CCA611E2C	target_d001	PHENOTYPE	wall thicknesses	false	medical_kg_gold				target	1		false
t::d001::ENT_75EA147D6B4B1C06228E	ENT_75EA147D6B4B1C06228E	target_d001	DRUG	human insulin	false	medical_kg_gold				target	1		false
t::d001::ENT_75F8DAEB563A6CDF9A41	ENT_75F8DAEB563A6CDF9A41	target_d001	SYMPTOM	neurologic symptoms	false	medical_kg_gold				target	1		false
t::d001::ENT_7600DE8885EF30B78791	ENT_7600DE8885EF30B78791	target_d001	PHENOTYPE	serious peripheral insulin resistance	false	medical_kg_gold				target	1		false
t::d001::ENT_7606F1A2F7464637D947	ENT_7606F1A2F7464637D947	target_d001	OTHER	394A-482G-528A haplotype	false	medical_kg_gold				target	1		false
t::d001::ENT_760745E5E377363CFB70	ENT_760745E5E377363CFB70	target_d001	LAB_MEASUREMENT	blood glucose excursion	false	medical_kg_gold				target	1		false
t::d001::ENT_7615AF52B0EF265CAA81	ENT_7615AF52B0EF265CAA81	target_d001	BIOMARKER	low-density lipoprotein (LDL)-cholesterol	false	medical_kg_gold				target	1		false
t::d001::ENT_761C488900A46F63E355	ENT_761C488900A46F63E355	target_d001	DISEASE	PC	false	medical_kg_gold				target	1		false
t::d001::ENT_761D2593739894F9C93D	ENT_761D2593739894F9C93D	target_d001	GENE	TCF7L2 gene	false	medical_kg_gold				target	1		false
t::d001::ENT_7630C52F43018BEEA306	ENT_7630C52F43018BEEA306	target_d001	POPULATION	students	false	medical_kg_gold				target	1		false
t::d001::ENT_763AA8C03EBFA759CD9C	ENT_763AA8C03EBFA759CD9C	target_d001	BIOLOGICAL_PROCESS	inflammatory reaction	false	medical_kg_gold				target	1		false
t::d001::ENT_763DECB2009CFE80F3F3	ENT_763DECB2009CFE80F3F3	target_d001	OTHER	blood stasis	false	medical_kg_gold				target	1		false
t::d001::ENT_764B9F375D554B0D3442	ENT_764B9F375D554B0D3442	target_d001	BIOMARKER	磷脂酶A2	false	medical_kg_gold				target	1		false
t::d001::ENT_766BFE6B0E5C9A87E98E	ENT_766BFE6B0E5C9A87E98E	target_d001	OTHER	rs858518-rs3760213-rs1799941-rs6257 haplotype TCGC	false	medical_kg_gold				target	1		false
t::d001::ENT_76796DA5636AB2D7EFAB	ENT_76796DA5636AB2D7EFAB	target_d001	POPULATION	residents in Yinchuan area	false	medical_kg_gold				target	1		false
t::d001::ENT_76881C307E0C7FDB119D	ENT_76881C307E0C7FDB119D	target_d001	DISEASE	schizophrenia	false	medical_kg_gold				target	1		false
t::d001::ENT_768C1D36FFEF26525428	ENT_768C1D36FFEF26525428	target_d001	LAB_MEASUREMENT	increasing serum potassium concentration	false	medical_kg_gold				target	1		false
t::d001::ENT_768CDB6E8DA09FA60682	ENT_768CDB6E8DA09FA60682	target_d001	PROTEIN	CaMKII	false	medical_kg_gold				target	1		false
t::d001::ENT_768E874191AEEA54D1FB	ENT_768E874191AEEA54D1FB	target_d001	BIOLOGICAL_PROCESS	M1/M2 polarization	false	medical_kg_gold				target	1		false
t::d001::ENT_76971BC466325E9D33E8	ENT_76971BC466325E9D33E8	target_d001	BIOMARKER	plasma Omentin-1	false	medical_kg_gold				target	1		false
t::d001::ENT_769F9B488A59867E0847	ENT_769F9B488A59867E0847	target_d001	GENE	SNP-11391G/A	false	medical_kg_gold				target	1		false
t::d001::ENT_76A0BF301AE6BED4F5A3	ENT_76A0BF301AE6BED4F5A3	target_d001	PHYSIOLOGICAL_PROCESS	puberty	false	medical_kg_gold				target	1		false
t::d001::ENT_76ACAE6884110E158F09	ENT_76ACAE6884110E158F09	target_d001	PROTEIN	PA I	false	medical_kg_gold				target	1		false
t::d001::ENT_76AD1169667EEEA1C625	ENT_76AD1169667EEEA1C625	target_d001	PROTEIN	plasma adiponectin	false	medical_kg_gold				target	1		false
t::d001::ENT_76B40EE7515E8782FC5B	ENT_76B40EE7515E8782FC5B	target_d001	PROTEIN	low levels of this hormone	false	medical_kg_gold				target	1		false
t::d001::ENT_76C1D91A090748323608	ENT_76C1D91A090748323608	target_d001	DISEASE	子宫内膜癌	false	medical_kg_gold				target	1		false
t::d001::ENT_76C260C7C3D28B6A11BD	ENT_76C260C7C3D28B6A11BD	target_d001	OTHER	variant T allele	false	medical_kg_gold				target	1		false
t::d001::ENT_76CBFE5AD67E75DE8666	ENT_76CBFE5AD67E75DE8666	target_d001	BIOMARKER	Serum CRP concentration	false	medical_kg_gold				target	1		false
t::d001::ENT_76E0F804CFD6A2EEBC7F	ENT_76E0F804CFD6A2EEBC7F	target_d001	GENE	VLDLR (rs2242103)	false	medical_kg_gold				target	1		false
t::d001::ENT_76E9980B185C2791CC30	ENT_76E9980B185C2791CC30	target_d001	DISEASE	Overweight or obesity	false	medical_kg_gold				target	1		false
t::d001::ENT_76F5725934C79B1902FC	ENT_76F5725934C79B1902FC	target_d001	DRUG	Drugs acting on angiotensin II generation and signaling	false	medical_kg_gold				target	1		false
t::d001::ENT_76F5E7EBA2F2600EACD6	ENT_76F5E7EBA2F2600EACD6	target_d001	BIOMARKER	mALB	false	medical_kg_gold				target	1		false
t::d001::ENT_76FB6B43147F37418438	ENT_76FB6B43147F37418438	target_d001	LAB_MEASUREMENT	Serum PON-1 activity	false	medical_kg_gold				target	1		false
t::d001::ENT_770E642B78F7A27F3028	ENT_770E642B78F7A27F3028	target_d001	DRUG	anagliptin	false	medical_kg_gold				target	1		false
t::d001::ENT_770F4686AC0AB0ECBE41	ENT_770F4686AC0AB0ECBE41	target_d001	PHYSIOLOGICAL_PROCESS	impaired insulin action	false	medical_kg_gold				target	1		false
t::d001::ENT_7715E2CDAB61816C17E5	ENT_7715E2CDAB61816C17E5	target_d001	GENE	KCNJ11 gene at rs5219 site	false	medical_kg_gold				target	1		false
t::d001::ENT_772834A1DA73110515D6	ENT_772834A1DA73110515D6	target_d001	LAB_MEASUREMENT	reaction time	false	medical_kg_gold				target	1		false
t::d001::ENT_772B9F38C565B411BF48	ENT_772B9F38C565B411BF48	target_d001	POPULATION	American Indian/Alaska Native (AI/AN) communities	false	medical_kg_gold				target	1		false
t::d001::ENT_772C0DFA22D95FC44137	ENT_772C0DFA22D95FC44137	target_d001	GENE	18 genes	false	medical_kg_gold				target	1		false
t::d001::ENT_772EE3B7422092915280	ENT_772EE3B7422092915280	target_d001	DISEASE	catheter-related infection	false	medical_kg_gold				target	1		false
t::d001::ENT_7734692402237C4A503B	ENT_7734692402237C4A503B	target_d001	METABOLITE	1, 5-AG	false	medical_kg_gold				target	1		false
t::d001::ENT_773B5B02EE8BABAB4BA9	ENT_773B5B02EE8BABAB4BA9	target_d001	DRUG	thiazolidinediones	false	medical_kg_gold				target	1		false
t::d001::ENT_773C9499338DEEEF600B	ENT_773C9499338DEEEF600B	target_d001	DISEASE	septic shock	false	medical_kg_gold				target	1		false
t::d001::ENT_774853771D8BD5E372E0	ENT_774853771D8BD5E372E0	target_d001	OTHER	adiponectin gene SNPs	false	medical_kg_gold				target	1		false
t::d001::ENT_7756281B23F87ACCECFB	ENT_7756281B23F87ACCECFB	target_d001	PROTEIN	HSP72	false	medical_kg_gold				target	1		false
t::d001::ENT_775C8AEC53603D402551	ENT_775C8AEC53603D402551	target_d001	RISK_FACTOR	body mass index(BMI)	false	medical_kg_gold				target	1		false
t::d001::ENT_775F83632F3B0ED004B7	ENT_775F83632F3B0ED004B7	target_d001	PHYSIOLOGICAL_PROCESS	moderate amount of weight loss	false	medical_kg_gold				target	1		false
t::d001::ENT_7767493A0385ADF35B2D	ENT_7767493A0385ADF35B2D	target_d001	RISK_FACTOR	ageing	false	medical_kg_gold				target	1		false
t::d001::ENT_777575A58E6CCAC4116A	ENT_777575A58E6CCAC4116A	target_d001	GENE	G3316A mutation	false	medical_kg_gold				target	1		false
t::d001::ENT_777DA8231FFBF275F10D	ENT_777DA8231FFBF275F10D	target_d001	CELL	neurocytes	false	medical_kg_gold				target	1		false
t::d001::ENT_7781C8E20799894E8C57	ENT_7781C8E20799894E8C57	target_d001	DRUG	BIAsp30 plus metformin	false	medical_kg_gold				target	1		false
t::d001::ENT_7784560E078519792139	ENT_7784560E078519792139	target_d001	DISEASE	oral mucosal lesions	false	medical_kg_gold				target	1		false
t::d001::ENT_778D5D2B481C138C9696	ENT_778D5D2B481C138C9696	target_d001	PROTEIN	serum amyloid protein A	false	medical_kg_gold				target	1		false
t::d001::ENT_779F26078667A75F342D	ENT_779F26078667A75F342D	target_d001	DISEASE	hyperthyroidism	false	medical_kg_gold				target	1		false
t::d001::ENT_77A47AA8189F3E05CCCA	ENT_77A47AA8189F3E05CCCA	target_d001	PROTEIN	AMPK	false	medical_kg_gold				target	1		false
t::d001::ENT_77BC5D8F1ECA74CCA877	ENT_77BC5D8F1ECA74CCA877	target_d001	LAB_MEASUREMENT	serum zinc level	false	medical_kg_gold				target	1		false
t::d001::ENT_77CC05A6E47565766044	ENT_77CC05A6E47565766044	target_d001	LAB_MEASUREMENT	Hb A1 c	false	medical_kg_gold				target	1		false
t::d001::ENT_77CDA7682CB875F85FDA	ENT_77CDA7682CB875F85FDA	target_d001	METABOLITE	blood urea nitrogen	false	medical_kg_gold				target	1		false
t::d001::ENT_77DA3A274D20EF428BE1	ENT_77DA3A274D20EF428BE1	target_d001	GENE	SFRP5 mRNA	false	medical_kg_gold				target	1		false
t::d001::ENT_77DEDF0BECF3C1689613	ENT_77DEDF0BECF3C1689613	target_d001	GENE	mtDNA 3316 G→A mutation	false	medical_kg_gold				target	1		false
t::d001::ENT_77EA933CED2DD127ECB5	ENT_77EA933CED2DD127ECB5	target_d001	DISEASE	peripheral vascular illness	false	medical_kg_gold				target	1		false
t::d001::ENT_77EF5DDECB712FE1EB33	ENT_77EF5DDECB712FE1EB33	target_d001	PROTEIN	CXCL9	false	medical_kg_gold				target	1		false
t::d001::ENT_77EF994D13F6EC6E2262	ENT_77EF994D13F6EC6E2262	target_d001	METABOLITE	PUFA	false	medical_kg_gold				target	1		false
t::d001::ENT_780F4CC7722664735457	ENT_780F4CC7722664735457	target_d001	METABOLITE	TT	false	medical_kg_gold				target	1		false
t::d001::ENT_781501F8E34B1CE8E8A6	ENT_781501F8E34B1CE8E8A6	target_d001	OTHER	public health	false	medical_kg_gold				target	1		false
t::d001::ENT_78219C2B13CD79AE15FE	ENT_78219C2B13CD79AE15FE	target_d001	LAB_MEASUREMENT	blood Zn	false	medical_kg_gold				target	1		false
t::d001::ENT_782CACCB1881B0930322	ENT_782CACCB1881B0930322	target_d001	DISEASE	liver cirrhosis	false	medical_kg_gold				target	1		false
t::d001::ENT_783742E3334C7428303F	ENT_783742E3334C7428303F	target_d001	PHENOTYPE	IMT thickening	false	medical_kg_gold				target	1		false
t::d001::ENT_784966AC5F3A5A034C4A	ENT_784966AC5F3A5A034C4A	target_d001	METABOLITE	Malondialdehyde [MDA]	false	medical_kg_gold				target	1		false
t::d001::ENT_785F64BBD866EE89F1E9	ENT_785F64BBD866EE89F1E9	target_d001	BIOLOGICAL_PROCESS	inflammation	false	medical_kg_gold				target	1		false
t::d001::ENT_7872B5D35948A491D1F2	ENT_7872B5D35948A491D1F2	target_d001	LAB_MEASUREMENT	wall shear stress	false	medical_kg_gold				target	1		false
t::d001::ENT_7877F72C0673FA19F6FE	ENT_7877F72C0673FA19F6FE	target_d001	LAB_MEASUREMENT	LDL particle size	false	medical_kg_gold				target	1		false
t::d001::ENT_787EC460E4CE54B294DE	ENT_787EC460E4CE54B294DE	target_d001	BIOMARKER	plasma MDA	false	medical_kg_gold				target	1		false
t::d001::ENT_7880CC5CD0D91AE03884	ENT_7880CC5CD0D91AE03884	target_d001	DRUG	Gleevec	false	medical_kg_gold				target	1		false
t::d001::ENT_788244A2875F8B6BEC43	ENT_788244A2875F8B6BEC43	target_d001	PROTEIN	sICAM 1	false	medical_kg_gold				target	1		false
t::d001::ENT_788FC5DB1AF95F71DB33	ENT_788FC5DB1AF95F71DB33	target_d001	RISK_FACTOR	high adiposity indices	false	medical_kg_gold				target	1		false
t::d001::ENT_78B32AFC69353DD11ABF	ENT_78B32AFC69353DD11ABF	target_d001	PATHWAY	toxin impairing liver collaterals	false	medical_kg_gold				target	1		false
t::d001::ENT_78B59928DF710A67848A	ENT_78B59928DF710A67848A	target_d001	OTHER	higher FINDRISC categories	false	medical_kg_gold				target	1		false
t::d001::ENT_78C1B1F5261258DA850F	ENT_78C1B1F5261258DA850F	target_d001	BIOMARKER	fasting insulin	false	medical_kg_gold				target	1		false
t::d001::ENT_78C918EEEA6774B65E79	ENT_78C918EEEA6774B65E79	target_d001	OTHER	insulin receptor gene exon 8 Nsi Ⅰ polymorphism	false	medical_kg_gold				target	1		false
t::d001::ENT_78CAC9DB3C3F30B58620	ENT_78CAC9DB3C3F30B58620	target_d001	BIOMARKER	TAC	false	medical_kg_gold				target	1		false
t::d001::ENT_78CCEA1DB459EF3FA2BD	ENT_78CCEA1DB459EF3FA2BD	target_d001	PHYSIOLOGICAL_PROCESS	insulin resistance and hyperinsulinemia	false	medical_kg_gold				target	1		false
t::d001::ENT_78CF55FEDF029E2D9D40	ENT_78CF55FEDF029E2D9D40	target_d001	DRUG	GLUFAST tablet	false	medical_kg_gold				target	1		false
t::d001::ENT_78D6EAFADFF36FE1B25D	ENT_78D6EAFADFF36FE1B25D	target_d001	PROTEIN	glucose -6phosphate dehydrogenase	false	medical_kg_gold				target	1		false
t::d001::ENT_78E082DEC829C0D31E2D	ENT_78E082DEC829C0D31E2D	target_d001	PROTEIN	insoluble deposits	false	medical_kg_gold				target	1		false
t::d001::ENT_78EE32B91473E03A7544	ENT_78EE32B91473E03A7544	target_d001	BIOMARKER	25-hydroxy vitamin D3	false	medical_kg_gold				target	1		false
t::d001::ENT_78F3B6E44EEEB5BEEE61	ENT_78F3B6E44EEEB5BEEE61	target_d001	DRUG	QiangyiJiangTang Capsule	false	medical_kg_gold				target	1		false
t::d001::ENT_78FB66AA9A914DCBE68F	ENT_78FB66AA9A914DCBE68F	target_d001	BIOMARKER	IRS-1mRNA	false	medical_kg_gold				target	1		false
t::d001::ENT_792277B0C21C42FCAF2D	ENT_792277B0C21C42FCAF2D	target_d001	PROTEIN	superoxide dismutase(SOD) concentration	false	medical_kg_gold				target	1		false
t::d001::ENT_79235ACE2F9C80253AE8	ENT_79235ACE2F9C80253AE8	target_d001	GENE	allele 223Arg	false	medical_kg_gold				target	1		false
t::d001::ENT_7930F31EF13DFA4FB1D8	ENT_7930F31EF13DFA4FB1D8	target_d001	LAB_MEASUREMENT	Em/Am	false	medical_kg_gold				target	1		false
t::d001::ENT_7942FC37C79325F2C6B7	ENT_7942FC37C79325F2C6B7	target_d001	RISK_FACTOR	Family history	false	medical_kg_gold				target	1		false
t::d001::ENT_7946E0E7482894657716	ENT_7946E0E7482894657716	target_d001	TREATMENT	integrated Chinese and western medicine	false	medical_kg_gold				target	1		false
t::d001::ENT_7959CE331CA6D243B0F9	ENT_7959CE331CA6D243B0F9	target_d001	LAB_MEASUREMENT	triglyceride (TG) levels	false	medical_kg_gold				target	1		false
t::d001::ENT_7965CBC6DD97B6105E37	ENT_7965CBC6DD97B6105E37	target_d001	POPULATION	women at high GDM risk	false	medical_kg_gold				target	1		false
t::d001::ENT_796A1E5DB9601C516C6E	ENT_796A1E5DB9601C516C6E	target_d001	PHYSIOLOGICAL_PROCESS	insulin secretion dysfunction	false	medical_kg_gold				target	1		false
t::d001::ENT_7992B0E82DDC85FCF2B2	ENT_7992B0E82DDC85FCF2B2	target_d001	OTHER	W	false	medical_kg_gold				target	1		false
t::d001::ENT_799392298B9346241FF8	ENT_799392298B9346241FF8	target_d001	PHYSIOLOGICAL_PROCESS	flow-mediated vasodilation	false	medical_kg_gold				target	1		false
t::d001::ENT_79A0679B57DEB9DB79AC	ENT_79A0679B57DEB9DB79AC	target_d001	PROTEIN	GMP140	false	medical_kg_gold				target	1		false
t::d001::ENT_79A0EA915B440DD92A4E	ENT_79A0EA915B440DD92A4E	target_d001	TREATMENT	Insulin combined with metformin tablets	false	medical_kg_gold				target	1		false
t::d001::ENT_79A1FC925A50FBF90866	ENT_79A1FC925A50FBF90866	target_d001	PROTEIN	PINP	false	medical_kg_gold				target	1		false
t::d001::ENT_79A87BE849328966C7F5	ENT_79A87BE849328966C7F5	target_d001	PHENOTYPE	Misfolded, aggregated form	false	medical_kg_gold				target	1		false
t::d001::ENT_79BFED9D4FA33269372D	ENT_79BFED9D4FA33269372D	target_d001	OTHER	hypercoagulable	false	medical_kg_gold				target	1		false
t::d001::ENT_79C9E0563CDF193BFC68	ENT_79C9E0563CDF193BFC68	target_d001	DISEASE	stroke	false	medical_kg_gold				target	1		false
t::d001::ENT_79CC749D22093730922C	ENT_79CC749D22093730922C	target_d001	DISEASE	oncological diseases	false	medical_kg_gold				target	1		false
t::d001::ENT_79D2E9A0C3C3DF31BC95	ENT_79D2E9A0C3C3DF31BC95	target_d001	PHENOTYPE	restrictive pattern of respiratory abnormality	false	medical_kg_gold				target	1		false
t::d001::ENT_79E50FC87255F71613E4	ENT_79E50FC87255F71613E4	target_d001	CLINICAL_OUTCOME	efficacy of surgery treatment for peripheral nerve entrapment syndrome	false	medical_kg_gold				target	1		false
t::d001::ENT_79FABFAB187832B1F435	ENT_79FABFAB187832B1F435	target_d001	LAB_MEASUREMENT	MPV,PDW	false	medical_kg_gold				target	1		false
t::d001::ENT_79FFA4B5C04E51A7DFC2	ENT_79FFA4B5C04E51A7DFC2	target_d001	PROTEIN	protein tyrosine phosphatase 1B (PTP1B)	false	medical_kg_gold				target	1		false
t::d001::ENT_7A075056DF3BF0320D26	ENT_7A075056DF3BF0320D26	target_d001	COMPOUND	C	false	medical_kg_gold				target	1		false
t::d001::ENT_7A08EB74394B36FA08A1	ENT_7A08EB74394B36FA08A1	target_d001	DISEASE	overweight and obesity	false	medical_kg_gold				target	1		false
t::d001::ENT_7A0AC80B8FD043D646F0	ENT_7A0AC80B8FD043D646F0	target_d001	BIOMARKER	PON1 activity	false	medical_kg_gold				target	1		false
t::d001::ENT_7A12F874CAC1B90CBF62	ENT_7A12F874CAC1B90CBF62	target_d001	LAB_MEASUREMENT	corpus collsum area/skull area ratios	false	medical_kg_gold				target	1		false
t::d001::ENT_7A330A08B18F204379E0	ENT_7A330A08B18F204379E0	target_d001	GENE	PON2 C311 allele	false	medical_kg_gold				target	1		false
t::d001::ENT_7A4110AE71AC9A8CDD58	ENT_7A4110AE71AC9A8CDD58	target_d001	LAB_MEASUREMENT	postprandial heart rate	false	medical_kg_gold				target	1		false
t::d001::ENT_7A52A30CD4C8096C5115	ENT_7A52A30CD4C8096C5115	target_d001	LAB_MEASUREMENT	hemoglobin concentration	false	medical_kg_gold				target	1		false
t::d001::ENT_7A5EA1F6203C62E7EB23	ENT_7A5EA1F6203C62E7EB23	target_d001	LAB_MEASUREMENT	correctness	false	medical_kg_gold				target	1		false
t::d001::ENT_7A7135AC20F54F1DE8CA	ENT_7A7135AC20F54F1DE8CA	target_d001	BIOMARKER	GLUT4mRNA	false	medical_kg_gold				target	1		false
t::d001::ENT_7A7161601C6A878B088E	ENT_7A7161601C6A878B088E	target_d001	CLINICAL_OUTCOME	recurrence rate of acute pulmonary embolism	false	medical_kg_gold				target	1		false
t::d001::ENT_7A725C72BA89BC0ACBF4	ENT_7A725C72BA89BC0ACBF4	target_d001	GENE	VDR (BsmI) gene polymorphism	false	medical_kg_gold				target	1		false
t::d001::ENT_7A743AC12AA1E936C1F8	ENT_7A743AC12AA1E936C1F8	target_d001	PHYSIOLOGICAL_PROCESS	insulin resistance (IR)	false	medical_kg_gold				target	1		false
t::d001::ENT_7A7B87709BE796637353	ENT_7A7B87709BE796637353	target_d001	OTHER	severe complications	false	medical_kg_gold				target	1		false
t::d001::ENT_7A80AAD29A1B7A9DE7F7	ENT_7A80AAD29A1B7A9DE7F7	target_d001	PROTEIN	serum albumin	false	medical_kg_gold				target	1		false
t::d001::ENT_7A8777E247BE178653C9	ENT_7A8777E247BE178653C9	target_d001	OTHER	AT1R A1166C gene polymorphism	false	medical_kg_gold				target	1		false
t::d001::ENT_7AA84E8F3141F65B07B8	ENT_7AA84E8F3141F65B07B8	target_d001	TREATMENT	131I therapy	false	medical_kg_gold				target	1		false
t::d001::ENT_7ACCBC577E90AFF3E99F	ENT_7ACCBC577E90AFF3E99F	target_d001	OTHER	47.65%	false	medical_kg_gold				target	1		false
t::d001::ENT_7ADA2CDF480D1622FA58	ENT_7ADA2CDF480D1622FA58	target_d001	LAB_MEASUREMENT	Em	false	medical_kg_gold				target	1		false
t::d001::ENT_7AE0A9ECD94EE1A0402B	ENT_7AE0A9ECD94EE1A0402B	target_d001	PHENOTYPE	insulin resistance(IR)	false	medical_kg_gold				target	1		false
t::d001::ENT_7AFC8FC73C9BBB608EA9	ENT_7AFC8FC73C9BBB608EA9	target_d001	OTHER	allele 9	false	medical_kg_gold				target	1		false
t::d001::ENT_7B02D97EED413BF03825	ENT_7B02D97EED413BF03825	target_d001	TREATMENT	Insulin Glargine and Insulin Repaglinide	false	medical_kg_gold				target	1		false
t::d001::ENT_7B05983B30CC0EBD429C	ENT_7B05983B30CC0EBD429C	target_d001	DISEASE	oncologic disease	false	medical_kg_gold				target	1		false
t::d001::ENT_7B05A9F3FD8A34606DA7	ENT_7B05A9F3FD8A34606DA7	target_d001	PHENOTYPE	insufficient compensatory insulin secretion	false	medical_kg_gold				target	1		false
t::d001::ENT_7B0F8976DD8EB27FC07E	ENT_7B0F8976DD8EB27FC07E	target_d001	LAB_MEASUREMENT	urine glucose	false	medical_kg_gold				target	1		false
t::d001::ENT_7B24C13271E611D8EE7F	ENT_7B24C13271E611D8EE7F	target_d001	METABOLITE	24 hours urinary free cortisol	false	medical_kg_gold				target	1		false
t::d001::ENT_7B2C38D07B7144B0A83F	ENT_7B2C38D07B7144B0A83F	target_d001	PROTEIN	GLP-1	false	medical_kg_gold				target	1		false
t::d001::ENT_7B310D92B162D91FFE94	ENT_7B310D92B162D91FFE94	target_d001	OTHER	GG(-2518) genotype	false	medical_kg_gold				target	1		false
t::d001::ENT_7B3845ECA45C7623A6F2	ENT_7B3845ECA45C7623A6F2	target_d001	LIFESTYLE_FACTOR	lifestyle modifications	false	medical_kg_gold				target	1		false
t::d001::ENT_7B42D61E3A328CAAB40C	ENT_7B42D61E3A328CAAB40C	target_d001	BIOLOGICAL_PROCESS	progressive decrease in the mass and functional reserve of β-cells	false	medical_kg_gold				target	1		false
t::d001::ENT_7B442A1F8ED74D04A744	ENT_7B442A1F8ED74D04A744	target_d001	COMPOUND	Copper	false	medical_kg_gold				target	1		false
t::d001::ENT_7B5B469A6B2DF59A9808	ENT_7B5B469A6B2DF59A9808	target_d001	DISEASE	Ca,Mg metabolism disorder	false	medical_kg_gold				target	1		false
t::d001::ENT_7B5F839F9631F7920F1A	ENT_7B5F839F9631F7920F1A	target_d001	PROTEIN	RBP4 expression	false	medical_kg_gold				target	1		false
t::d001::ENT_7B859D18EBA013C82318	ENT_7B859D18EBA013C82318	target_d001	PHYSIOLOGICAL_PROCESS	aggregation activity of blood platelets	false	medical_kg_gold				target	1		false
t::d001::ENT_7B88D2D6E092A11E7415	ENT_7B88D2D6E092A11E7415	target_d001	LAB_MEASUREMENT	E/Em ratio	false	medical_kg_gold				target	1		false
t::d001::ENT_7B8C81850B5BB9DD7C6E	ENT_7B8C81850B5BB9DD7C6E	target_d001	GENE	MTHFR gene 677 C→T mutation	false	medical_kg_gold				target	1		false
t::d001::ENT_7B92AA8B23E284D44AC0	ENT_7B92AA8B23E284D44AC0	target_d001	BIOLOGICAL_PROCESS	cardiocytes apoptosis	false	medical_kg_gold				target	1		false
t::d001::ENT_7B9F5A21EBB1969A86F8	ENT_7B9F5A21EBB1969A86F8	target_d001	OTHER	increase of serum γ-GT	false	medical_kg_gold				target	1		false
t::d001::ENT_7BA12075AA342D4A5750	ENT_7BA12075AA342D4A5750	target_d001	BIOLOGICAL_PROCESS	activation of mitochondrial biogenesis	false	medical_kg_gold				target	1		false
t::d001::ENT_7BB606582882A0F5CE19	ENT_7BB606582882A0F5CE19	target_d001	POPULATION	mothers	false	medical_kg_gold				target	1		false
t::d001::ENT_7BBC60AC782BEE16587D	ENT_7BBC60AC782BEE16587D	target_d001	COMPOUND	ZER04, ZER05 and ZER06	false	medical_kg_gold				target	1		false
t::d001::ENT_7BDEF8B7A4EA5E21C725	ENT_7BDEF8B7A4EA5E21C725	target_d001	OTHER	+276TT homozygotes	false	medical_kg_gold				target	1		false
t::d001::ENT_7BF2A2F3F58E60BAE004	ENT_7BF2A2F3F58E60BAE004	target_d001	PHENOTYPE	obese body shape	false	medical_kg_gold				target	1		false
t::d001::ENT_7BF353EA92A6615F0105	ENT_7BF353EA92A6615F0105	target_d001	DISEASE	Coronary artery disease, hepatomegaly and others	false	medical_kg_gold				target	1		false
t::d001::ENT_7BF63723C025A7551663	ENT_7BF63723C025A7551663	target_d001	RISK_FACTOR	3316 G→A mutation	false	medical_kg_gold				target	1		false
t::d001::ENT_7BF82C0EEF818779742F	ENT_7BF82C0EEF818779742F	target_d001	PHENOTYPE	deficiency of vital energy and blood stasis	false	medical_kg_gold				target	1		false
t::d001::ENT_7C083E7B7BC0D2887B04	ENT_7C083E7B7BC0D2887B04	target_d001	PROTEIN	lactoferrin	false	medical_kg_gold				target	1		false
t::d001::ENT_7C0EFA1B0DC498911293	ENT_7C0EFA1B0DC498911293	target_d001	TREATMENT	physiotherapy	false	medical_kg_gold				target	1		false
t::d001::ENT_7C11B65CD7ADDE40CEF7	ENT_7C11B65CD7ADDE40CEF7	target_d001	PROTEIN	lowest level of adiponectin	false	medical_kg_gold				target	1		false
t::d001::ENT_7C2FEA99261E888E7F48	ENT_7C2FEA99261E888E7F48	target_d001	BIOMARKER	plasma resistin level	false	medical_kg_gold				target	1		false
t::d001::ENT_7C33103C34F31253DC33	ENT_7C33103C34F31253DC33	target_d001	LAB_MEASUREMENT	HRV index	false	medical_kg_gold				target	1		false
t::d001::ENT_7C443EB411C1C68AEA70	ENT_7C443EB411C1C68AEA70	target_d001	TREATMENT	GLP-1 analogue combined with metformin	false	medical_kg_gold				target	1		false
t::d001::ENT_7C45A278D28874B3CCBF	ENT_7C45A278D28874B3CCBF	target_d001	CELL	CD8+ cell	false	medical_kg_gold				target	1		false
t::d001::ENT_7C51D7B97C8E8E277395	ENT_7C51D7B97C8E8E277395	target_d001	PROTEIN	mu-opioid receptor 1 (OPRM1)	false	medical_kg_gold				target	1		false
t::d001::ENT_7C5938195A50CE65EFE6	ENT_7C5938195A50CE65EFE6	target_d001	PROTEIN	serum IL-10	false	medical_kg_gold				target	1		false
t::d001::ENT_7C5C1DE98408854B8203	ENT_7C5C1DE98408854B8203	target_d001	LAB_MEASUREMENT	standard difference(ESD) and minimum distance(Emin) of the excursion	false	medical_kg_gold				target	1		false
t::d001::ENT_7C7C214E369E59004EA8	ENT_7C7C214E369E59004EA8	target_d001	CELL	intermediate monocytes	false	medical_kg_gold				target	1		false
t::d001::ENT_7C7F7A7398627C777C75	ENT_7C7F7A7398627C777C75	target_d001	BIOMARKER	plasma adiponectin level	false	medical_kg_gold				target	1		false
t::d001::ENT_7C806E327E802CA466F6	ENT_7C806E327E802CA466F6	target_d001	LAB_MEASUREMENT	E peak and E/A	false	medical_kg_gold				target	1		false
t::d001::ENT_7C87C48A9DD27D2A1AC2	ENT_7C87C48A9DD27D2A1AC2	target_d001	OTHER	Aging-related reduced GLP-1	false	medical_kg_gold				target	1		false
t::d001::ENT_7C9F01006AD0F7F0031A	ENT_7C9F01006AD0F7F0031A	target_d001	PHENOTYPE	Absolute or relative hyperglucagonemia	false	medical_kg_gold				target	1		false
t::d001::ENT_7CA0C959A28D3F87521A	ENT_7CA0C959A28D3F87521A	target_d001	GENE	T allele at SNP45	false	medical_kg_gold				target	1		false
t::d001::ENT_7CA7640BDAD199D0BAAF	ENT_7CA7640BDAD199D0BAAF	target_d001	OTHER	Ala45Thr mutation of NEUROD1 gene	false	medical_kg_gold				target	1		false
t::d001::ENT_7CB144D6224664CC23C0	ENT_7CB144D6224664CC23C0	target_d001	CLINICAL_OUTCOME	functionality of daily activities	false	medical_kg_gold				target	1		false
t::d001::ENT_7CDB3ECC80EBFCF948F8	ENT_7CDB3ECC80EBFCF948F8	target_d001	GENE	resistin gene-420C/G polymorphism	false	medical_kg_gold				target	1		false
t::d001::ENT_7CDD93E87AE1DEACF91B	ENT_7CDD93E87AE1DEACF91B	target_d001	DISEASE	diffuse lesions	false	medical_kg_gold				target	1		false
t::d001::ENT_7CE17E283224CD355642	ENT_7CE17E283224CD355642	target_d001	PROTEIN	TGF-?	false	medical_kg_gold				target	1		false
t::d001::ENT_7CE27AFA8EB9E187E893	ENT_7CE27AFA8EB9E187E893	target_d001	PROTEIN	BPI	false	medical_kg_gold				target	1		false
t::d001::ENT_7CED1D3B7C614E1E9776	ENT_7CED1D3B7C614E1E9776	target_d001	PROTEIN	p-AMPK-α	false	medical_kg_gold				target	1		false
t::d001::ENT_7CF545C695313B5DD924	ENT_7CF545C695313B5DD924	target_d001	OTHER	psychological disorders	false	medical_kg_gold				target	1		false
t::d001::ENT_7CFBAD901CC3095C4F63	ENT_7CFBAD901CC3095C4F63	target_d001	LAB_MEASUREMENT	whole blood viscosity	false	medical_kg_gold				target	1		false
t::d001::ENT_7D0328E185F8F708449C	ENT_7D0328E185F8F708449C	target_d001	PROTEIN	serum Lp(a) level	false	medical_kg_gold				target	1		false
t::d001::ENT_7D049F6DEDC734AE2954	ENT_7D049F6DEDC734AE2954	target_d001	PHENOTYPE	abnormal menstruation cycles	false	medical_kg_gold				target	1		false
t::d001::ENT_7D0C6FEEEBDDEA05E8B8	ENT_7D0C6FEEEBDDEA05E8B8	target_d001	PHENOTYPE	overweight/obese	false	medical_kg_gold				target	1		false
t::d001::ENT_7D0DA8CC17691E46B0D9	ENT_7D0DA8CC17691E46B0D9	target_d001	PROTEIN	sPLA2	false	medical_kg_gold				target	1		false
t::d001::ENT_7D0E666BC91C1DE27495	ENT_7D0E666BC91C1DE27495	target_d001	LAB_MEASUREMENT	lumbar spinal BMD	false	medical_kg_gold				target	1		false
t::d001::ENT_7D1EA37E7395B6FCB8E8	ENT_7D1EA37E7395B6FCB8E8	target_d001	PHENOTYPE	delayed peak of insulin release	false	medical_kg_gold				target	1		false
t::d001::ENT_7D34CEAF7F18092E8DD1	ENT_7D34CEAF7F18092E8DD1	target_d001	LIFESTYLE_FACTOR	short sleep duration	false	medical_kg_gold				target	1		false
t::d001::ENT_7D40DB59A002B96DF3D5	ENT_7D40DB59A002B96DF3D5	target_d001	BIOMARKER	MCP-1	false	medical_kg_gold				target	1		false
t::d001::ENT_7D5B9E0857ADB04CD946	ENT_7D5B9E0857ADB04CD946	target_d001	POPULATION	non-obese juvenile patients presenting with DKA	false	medical_kg_gold				target	1		false
t::d001::ENT_7D6038CB209276D528EF	ENT_7D6038CB209276D528EF	target_d001	POPULATION	obese people	false	medical_kg_gold				target	1		false
t::d001::ENT_7D6D8E5C580AF9B65C14	ENT_7D6D8E5C580AF9B65C14	target_d001	BIOMARKER	rs10305492	false	medical_kg_gold				target	1		false
t::d001::ENT_7D6DF0FB350AF9B875DA	ENT_7D6DF0FB350AF9B875DA	target_d001	GENE	PPARγ gene Pro12Ala polymorphism	false	medical_kg_gold				target	1		false
t::d001::ENT_7D71077E49AA3E113E40	ENT_7D71077E49AA3E113E40	target_d001	NUTRIENT	selenium	false	medical_kg_gold				target	1		false
t::d001::ENT_7D8B485C5BDF7235055A	ENT_7D8B485C5BDF7235055A	target_d001	DIET	unsuitable diet	false	medical_kg_gold				target	1		false
t::d001::ENT_7D90D6AC3C5B767C7155	ENT_7D90D6AC3C5B767C7155	target_d001	DISEASE	lipid metabolic disorder	false	medical_kg_gold				target	1		false
t::d001::ENT_7D90E162AD983C264BBB	ENT_7D90E162AD983C264BBB	target_d001	METABOLITE	malondialdehyde	false	medical_kg_gold				target	1		false
t::d001::ENT_7D9181AB9132D7BE7A87	ENT_7D9181AB9132D7BE7A87	target_d001	PHYSIOLOGICAL_PROCESS	frequency of spontaneous discharge of nerve cell in ARC	false	medical_kg_gold				target	1		false
t::d001::ENT_7DA3C67E7DAEE2D4DE07	ENT_7DA3C67E7DAEE2D4DE07	target_d001	PROTEIN	KIF17	false	medical_kg_gold				target	1		false
t::d001::ENT_7DB1BC0A3ADCC3235F03	ENT_7DB1BC0A3ADCC3235F03	target_d001	EXERCISE	Regular exercise training	false	medical_kg_gold				target	1		false
t::d001::ENT_7DBA6B36C65A720EF35E	ENT_7DBA6B36C65A720EF35E	target_d001	PHENOTYPE	bone biomechanical properties	false	medical_kg_gold				target	1		false
t::d001::ENT_7DCF70485576D53F58FD	ENT_7DCF70485576D53F58FD	target_d001	BIOMARKER	serum visfatin level	false	medical_kg_gold				target	1		false
t::d001::ENT_7DD070406F9CEC5912FD	ENT_7DD070406F9CEC5912FD	target_d001	PROTEIN	INF-γ	false	medical_kg_gold				target	1		false
t::d001::ENT_7DD6FAD60ABBB92169ED	ENT_7DD6FAD60ABBB92169ED	target_d001	PHENOTYPE	mixed obesity	false	medical_kg_gold				target	1		false
t::d001::ENT_7DD8BBF2A41DF2212F56	ENT_7DD8BBF2A41DF2212F56	target_d001	CLINICAL_OUTCOME	neurological function impairment	false	medical_kg_gold				target	1		false
t::d001::ENT_7E01684088F0BE590FA4	ENT_7E01684088F0BE590FA4	target_d001	PROTEIN	scavenger receptor CD36	false	medical_kg_gold				target	1		false
t::d001::ENT_7E11909D7630977A1594	ENT_7E11909D7630977A1594	target_d001	METABOLITE	SI	false	medical_kg_gold				target	1		false
t::d001::ENT_7E1590D5861DF802AE1B	ENT_7E1590D5861DF802AE1B	target_d001	PATHWAY	activation of STAT3 signaling pathway	false	medical_kg_gold				target	1		false
t::d001::ENT_7E2BFCA6E199D05C3470	ENT_7E2BFCA6E199D05C3470	target_d001	RISK_FACTOR	high cholesterol	false	medical_kg_gold				target	1		false
t::d001::ENT_7E430CB874F65BFD2373	ENT_7E430CB874F65BFD2373	target_d001	CLINICAL_OUTCOME	cerebral infarction area	false	medical_kg_gold				target	1		false
t::d001::ENT_7E45D8686C5AFCA557EB	ENT_7E45D8686C5AFCA557EB	target_d001	LAB_MEASUREMENT	P2hPG	false	medical_kg_gold				target	1		false
t::d001::ENT_7E4E3F48869E1DC5D34B	ENT_7E4E3F48869E1DC5D34B	target_d001	PROTEIN	Fetuin group	false	medical_kg_gold				target	1		false
t::d001::ENT_7E4ED2E120BBF11F0333	ENT_7E4ED2E120BBF11F0333	target_d001	CELL	CD8	false	medical_kg_gold				target	1		false
t::d001::ENT_7E515E77814871E16C08	ENT_7E515E77814871E16C08	target_d001	GENE	MTNR1B rs1387153	false	medical_kg_gold				target	1		false
t::d001::ENT_7E5C6B7A33DC085BB452	ENT_7E5C6B7A33DC085BB452	target_d001	LAB_MEASUREMENT	Na+ level	false	medical_kg_gold				target	1		false
t::d001::ENT_7E61FD379754CADCDEA5	ENT_7E61FD379754CADCDEA5	target_d001	CLINICAL_OUTCOME	Letalität	false	medical_kg_gold				target	1		false
t::d001::ENT_7E629B82B82747F9C4C2	ENT_7E629B82B82747F9C4C2	target_d001	ENVIRONMENTAL_EXPOSURE	CMV infection	false	medical_kg_gold				target	1		false
t::d001::ENT_7E65B224B3006D3B8A0D	ENT_7E65B224B3006D3B8A0D	target_d001	DISEASE	pulmonary infection	false	medical_kg_gold				target	1		false
t::d001::ENT_7E6F6B60A03B5340FF64	ENT_7E6F6B60A03B5340FF64	target_d001	DRUG	rosuvastatin	false	medical_kg_gold				target	1		false
t::d001::ENT_7E71632AFDA4641477BF	ENT_7E71632AFDA4641477BF	target_d001	PHYSIOLOGICAL_PROCESS	continued maternal growth	false	medical_kg_gold				target	1		false
t::d001::ENT_7E744E3D2C51BB7D3732	ENT_7E744E3D2C51BB7D3732	target_d001	PROTEIN	AG	false	medical_kg_gold				target	1		false
t::d001::ENT_7E7F31FB4719A2B41CCB	ENT_7E7F31FB4719A2B41CCB	target_d001	PHENOTYPE	G.O.	false	medical_kg_gold				target	1		false
t::d001::ENT_7E918DF39A2A55D567EF	ENT_7E918DF39A2A55D567EF	target_d001	POPULATION	masters soccer players	false	medical_kg_gold				target	1		false
t::d001::ENT_7E9D87371DDC8C2DF484	ENT_7E9D87371DDC8C2DF484	target_d001	GENE	RREB1 locus	false	medical_kg_gold				target	1		false
t::d001::ENT_7EC2FA04A292848B6AB4	ENT_7EC2FA04A292848B6AB4	target_d001	OTHER	SNP at -6951	false	medical_kg_gold				target	1		false
t::d001::ENT_7ED6FF1DE2CE7AFE1E15	ENT_7ED6FF1DE2CE7AFE1E15	target_d001	LAB_MEASUREMENT	systolic pressure load	false	medical_kg_gold				target	1		false
t::d001::ENT_7EE02030E6F94B2004C4	ENT_7EE02030E6F94B2004C4	target_d001	BEHAVIOR	tobacco addiction	false	medical_kg_gold				target	1		false
t::d001::ENT_7EE9A7B444C9B59685B3	ENT_7EE9A7B444C9B59685B3	target_d001	BEHAVIOR	previous alcohol consumption	false	medical_kg_gold				target	1		false
t::d001::ENT_7EF8FF43D80FC4BF4DE5	ENT_7EF8FF43D80FC4BF4DE5	target_d001	PROTEIN	fecal elastase concentration	false	medical_kg_gold				target	1		false
t::d001::ENT_7EFF59859A180A4E1F80	ENT_7EFF59859A180A4E1F80	target_d001	OTHER	nicotinamide overload	false	medical_kg_gold				target	1		false
t::d001::ENT_7F0003FCE2F927A22F21	ENT_7F0003FCE2F927A22F21	target_d001	GENE	adiponectin gene SNP + 276 T / G polymorphism	false	medical_kg_gold				target	1		false
t::d001::ENT_7F29FAC86DD7E727C941	ENT_7F29FAC86DD7E727C941	target_d001	BIOMARKER	Lactoferrin production	false	medical_kg_gold				target	1		false
t::d001::ENT_7F3FCF38A30D9A3A93B1	ENT_7F3FCF38A30D9A3A93B1	target_d001	PHYSIOLOGICAL_PROCESS	peripheral resistance of cerebral vessels	false	medical_kg_gold				target	1		false
t::d001::ENT_7F62686570F752B52585	ENT_7F62686570F752B52585	target_d001	DRUG	statin	false	medical_kg_gold				target	1		false
t::d001::ENT_7F657A07E69634394870	ENT_7F657A07E69634394870	target_d001	METABOLITE	25-hidroxyvitamin D	false	medical_kg_gold				target	1		false
t::d001::ENT_7F7B68617C19389CC36E	ENT_7F7B68617C19389CC36E	target_d001	LAB_MEASUREMENT	intimal medial thickness	false	medical_kg_gold				target	1		false
t::d001::ENT_7F838FE5E512D0339019	ENT_7F838FE5E512D0339019	target_d001	TREATMENT	SGLT2 inhibition	false	medical_kg_gold				target	1		false
t::d001::ENT_7F8F835993DBAFC469FD	ENT_7F8F835993DBAFC469FD	target_d001	COMPOUND	monounsaturated fatty acid	false	medical_kg_gold				target	1		false
t::d001::ENT_7F9BD6E5A42456A06C93	ENT_7F9BD6E5A42456A06C93	target_d001	PROTEIN	acute phase protein concentrations	false	medical_kg_gold				target	1		false
t::d001::ENT_7FAE02A449A4FB9F3134	ENT_7FAE02A449A4FB9F3134	target_d001	GENE	insulin receptor gene exon 8 Nsi Ⅰ polymorphism	false	medical_kg_gold				target	1		false
t::d001::ENT_7FC0AD4AD54C382E506D	ENT_7FC0AD4AD54C382E506D	target_d001	BIOMARKER	FMD	false	medical_kg_gold				target	1		false
t::d001::ENT_7FC861028C6B7255BFBD	ENT_7FC861028C6B7255BFBD	target_d001	PROTEIN	intestinal bitter taste receptors	false	medical_kg_gold				target	1		false
t::d001::ENT_7FCAE675BAFED810039D	ENT_7FCAE675BAFED810039D	target_d001	PHENOTYPE	yin deficiency syndrome	false	medical_kg_gold				target	1		false
t::d001::ENT_7FCE1747274D138E04DF	ENT_7FCE1747274D138E04DF	target_d001	DRUG	glucosidase inhibitors	false	medical_kg_gold				target	1		false
t::d001::ENT_7FD9F419E1BBEE681E11	ENT_7FD9F419E1BBEE681E11	target_d001	DISEASE	gallstones	false	medical_kg_gold				target	1		false
t::d001::ENT_7FE15369A677B40025C1	ENT_7FE15369A677B40025C1	target_d001	OTHER	D20S501 of PTP-1B gene polymorphism	false	medical_kg_gold				target	1		false
t::d001::ENT_7FE33C9573870AC6934F	ENT_7FE33C9573870AC6934F	target_d001	COMPOUND	AC	false	medical_kg_gold				target	1		false
t::d001::ENT_7FFC03D2A4B39094F34E	ENT_7FFC03D2A4B39094F34E	target_d001	GENE	allele 223Gln	false	medical_kg_gold				target	1		false
t::d001::ENT_7FFE60C64F728D4C5D38	ENT_7FFE60C64F728D4C5D38	target_d001	OTHER	- 11426A - 11377C	false	medical_kg_gold				target	1		false
t::d001::ENT_80013C0DB7D6613655FE	ENT_80013C0DB7D6613655FE	target_d001	POPULATION	Valencian Community	false	medical_kg_gold				target	1		false
t::d001::ENT_80061FD649B8DC7C69CD	ENT_80061FD649B8DC7C69CD	target_d001	BIOMARKER	Increase in circulating inflammatory adipokines	false	medical_kg_gold				target	1		false
t::d001::ENT_801186855CB776002E4F	ENT_801186855CB776002E4F	target_d001	DISEASE	Diabetic Keto- Acidosis	false	medical_kg_gold				target	1		false
t::d001::ENT_80190FFDB7F5EB17890C	ENT_80190FFDB7F5EB17890C	target_d001	SYMPTOM	hemianopia	false	medical_kg_gold				target	1		false
t::d001::ENT_801D22CF32483726E384	ENT_801D22CF32483726E384	target_d001	PHENOTYPE	low-grade chronic inflammation	false	medical_kg_gold				target	1		false
t::d001::ENT_8025592657580CB39C75	ENT_8025592657580CB39C75	target_d001	GENE	A allele(rs3740878)	false	medical_kg_gold				target	1		false
t::d001::ENT_802B471E6B508D5F5F5A	ENT_802B471E6B508D5F5F5A	target_d001	DRUG	PSN821	false	medical_kg_gold				target	1		false
t::d001::ENT_803384133C85145B912A	ENT_803384133C85145B912A	target_d001	COMPOUND	trans fatty acids	false	medical_kg_gold				target	1		false
t::d001::ENT_803A2E0B5416E455FE83	ENT_803A2E0B5416E455FE83	target_d001	PHENOTYPE	defects in insulin secretion and action	false	medical_kg_gold				target	1		false
t::d001::ENT_803D2CB55A2D1B96F276	ENT_803D2CB55A2D1B96F276	target_d001	GENE	ApoA5-1131T / C gene polymorphism	false	medical_kg_gold				target	1		false
t::d001::ENT_806A80B5E85F563FDCF6	ENT_806A80B5E85F563FDCF6	target_d001	LAB_MEASUREMENT	left ventricular longitudinal peak systolic strain	false	medical_kg_gold				target	1		false
t::d001::ENT_8081E5DFEA8BAC63A516	ENT_8081E5DFEA8BAC63A516	target_d001	BIOMARKER	SUA	false	medical_kg_gold				target	1		false
t::d001::ENT_80BD9340560211F28D90	ENT_80BD9340560211F28D90	target_d001	PHENOTYPE	pancreatic beta cell mass defects	false	medical_kg_gold				target	1		false
t::d001::ENT_80C0084820521746999E	ENT_80C0084820521746999E	target_d001	LAB_MEASUREMENT	E/e value	false	medical_kg_gold				target	1		false
t::d001::ENT_80C2A95A2029FD4FFDBF	ENT_80C2A95A2029FD4FFDBF	target_d001	PHENOTYPE	cellular immune dysfunction	false	medical_kg_gold				target	1		false
t::d001::ENT_80C30A80CCDD8991241E	ENT_80C30A80CCDD8991241E	target_d001	PROTEIN	proteinZ	false	medical_kg_gold				target	1		false
t::d001::ENT_80EB9914244D6F335C2B	ENT_80EB9914244D6F335C2B	target_d001	OTHER	significant financial burden	false	medical_kg_gold				target	1		false
t::d001::ENT_810A686B1A560C02AA21	ENT_810A686B1A560C02AA21	target_d001	GENE	T1RA1166C gene polymorphism	false	medical_kg_gold				target	1		false
t::d001::ENT_8116EC985235574F7536	ENT_8116EC985235574F7536	target_d001	METABOLITE	6-Keto-PGF1α	false	medical_kg_gold				target	1		false
t::d001::ENT_811CEDB3D899BAC590F9	ENT_811CEDB3D899BAC590F9	target_d001	BIOMARKER	urinary excretion of nephrin and podocin	false	medical_kg_gold				target	1		false
t::d001::ENT_814B2B153F17FEF126B5	ENT_814B2B153F17FEF126B5	target_d001	GENE	the 112/121 haplotype combination	false	medical_kg_gold				target	1		false
t::d001::ENT_8153EBB1B98A388F9E82	ENT_8153EBB1B98A388F9E82	target_d001	RISK_FACTOR	less exercise	false	medical_kg_gold				target	1		false
t::d001::ENT_816C6DB59CA388A4271F	ENT_816C6DB59CA388A4271F	target_d001	PHENOTYPE	binukelacije nukleusa	false	medical_kg_gold				target	1		false
t::d001::ENT_81824E3CEB069F7CEDBC	ENT_81824E3CEB069F7CEDBC	target_d001	PHENOTYPE	chronic inflammation	false	medical_kg_gold				target	1		false
t::d001::ENT_8198E369B0966F25464A	ENT_8198E369B0966F25464A	target_d001	DRUG	Gegen qinlian decoction	false	medical_kg_gold				target	1		false
t::d001::ENT_819D498DB179778AABD0	ENT_819D498DB179778AABD0	target_d001	PHENOTYPE	normal or emaciation	false	medical_kg_gold				target	1		false
t::d001::ENT_819FDC2E26AF40CF7724	ENT_819FDC2E26AF40CF7724	target_d001	METABOLITE	T4	false	medical_kg_gold				target	1		false
t::d001::ENT_81A81D33989672C9C84C	ENT_81A81D33989672C9C84C	target_d001	LAB_MEASUREMENT	FMDDPA	false	medical_kg_gold				target	1		false
t::d001::ENT_81D6E666E10D5AB700DD	ENT_81D6E666E10D5AB700DD	target_d001	TREATMENT	Ginger Skullcap Coptis Ginseng Decoction	false	medical_kg_gold				target	1		false
t::d001::ENT_81E621787A9D6FE1A286	ENT_81E621787A9D6FE1A286	target_d001	PROTEIN	resistin-like molecules(RELMs)	false	medical_kg_gold				target	1		false
t::d001::ENT_81FEE4835D6E590D8F70	ENT_81FEE4835D6E590D8F70	target_d001	DISEASE	coronary artery disease	false	medical_kg_gold				target	1		false
t::d001::ENT_8201FD0F8CE4EF4DAD06	ENT_8201FD0F8CE4EF4DAD06	target_d001	GENE	24 genes	false	medical_kg_gold				target	1		false
t::d001::ENT_8207ED5533BBA784C456	ENT_8207ED5533BBA784C456	target_d001	DISEASE	hypedipidemia	false	medical_kg_gold				target	1		false
t::d001::ENT_82183E54C29A4F30AECC	ENT_82183E54C29A4F30AECC	target_d001	OTHER	Polymorphism in different genes	false	medical_kg_gold				target	1		false
t::d001::ENT_821C627CF1ADBA4E0E20	ENT_821C627CF1ADBA4E0E20	target_d001	PROCEDURE	Laparoscopic GBP	false	medical_kg_gold				target	1		false
t::d001::ENT_821DD1A9B064882431C7	ENT_821DD1A9B064882431C7	target_d001	GENE	ESR1 Pvu Ⅱ polymorphism	false	medical_kg_gold				target	1		false
t::d001::ENT_82324CDBB83C271C50FE	ENT_82324CDBB83C271C50FE	target_d001	LAB_MEASUREMENT	left ventricular internal dimension	false	medical_kg_gold				target	1		false
t::d001::ENT_8234D1594AE4BBA32687	ENT_8234D1594AE4BBA32687	target_d001	BIOMARKER	serum APN levels	false	medical_kg_gold				target	1		false
t::d001::ENT_826F18DA7737BBDF2083	ENT_826F18DA7737BBDF2083	target_d001	LAB_MEASUREMENT	serum copper	false	medical_kg_gold				target	1		false
t::d001::ENT_827EB44521BD739FBC4A	ENT_827EB44521BD739FBC4A	target_d001	DISEASE	Diabetic polyneuropathy (DPN)	false	medical_kg_gold				target	1		false
t::d001::ENT_82811C4EDFB5DBE7BDB6	ENT_82811C4EDFB5DBE7BDB6	target_d001	GENE	Rad gene polymorphism	false	medical_kg_gold				target	1		false
t::d001::ENT_8282B877A6C0BAF103CB	ENT_8282B877A6C0BAF103CB	target_d001	BIOMARKER	serum visfatin	false	medical_kg_gold				target	1		false
t::d001::ENT_829813CB01EEC2D86C78	ENT_829813CB01EEC2D86C78	target_d001	DISEASE	type 1 diabetes mellitus	false	medical_kg_gold				target	1		false
t::d001::ENT_82ABA5CD6FFB9807CBDB	ENT_82ABA5CD6FFB9807CBDB	target_d001	PATHWAY	TXA-2-PGI	false	medical_kg_gold				target	1		false
t::d001::ENT_82B183DBD70C08BD7FF8	ENT_82B183DBD70C08BD7FF8	target_d001	BIOMARKER	serum hs-CRP level	false	medical_kg_gold				target	1		false
t::d001::ENT_82B921648DFAAFA11D71	ENT_82B921648DFAAFA11D71	target_d001	OTHER	coronary artery disease equivalent	false	medical_kg_gold				target	1		false
t::d001::ENT_82C794BA464EE9E50E52	ENT_82C794BA464EE9E50E52	target_d001	PROTEIN	hepatic nuclear factor-1 a	false	medical_kg_gold				target	1		false
t::d001::ENT_82CAAE07654D3A403E1B	ENT_82CAAE07654D3A403E1B	target_d001	PROTEIN	irisin	false	medical_kg_gold				target	1		false
t::d001::ENT_82CF8DF393B783DCA200	ENT_82CF8DF393B783DCA200	target_d001	PHENOTYPE	skeletal muscle insulin resistance	false	medical_kg_gold				target	1		false
t::d001::ENT_82D854D1B1FB3D1A7D22	ENT_82D854D1B1FB3D1A7D22	target_d001	DRUG	Thiazide diuretics	false	medical_kg_gold				target	1		false
t::d001::ENT_82DA818253FAEB4B0548	ENT_82DA818253FAEB4B0548	target_d001	PROTEIN	IRS-1 and SH-PTP2 protein	false	medical_kg_gold				target	1		false
t::d001::ENT_82E4DB4422C2361AD8F8	ENT_82E4DB4422C2361AD8F8	target_d001	LIFESTYLE_FACTOR	fiziksel inaktivite	false	medical_kg_gold				target	1		false
t::d001::ENT_82EBA65519B854C424C6	ENT_82EBA65519B854C424C6	target_d001	DISEASE	lower limb deep venous thrombosis	false	medical_kg_gold				target	1		false
t::d001::ENT_82EEA4F976DD42CC013B	ENT_82EEA4F976DD42CC013B	target_d001	PROTEIN	GPVI	false	medical_kg_gold				target	1		false
t::d001::ENT_82F63D1154DE7631A19F	ENT_82F63D1154DE7631A19F	target_d001	DISEASE	NDRD	false	medical_kg_gold				target	1		false
t::d001::ENT_82F9A95C21FD2FC48F39	ENT_82F9A95C21FD2FC48F39	target_d001	BIOMARKER	Short telomeres	false	medical_kg_gold				target	1		false
t::d001::ENT_83089D965915732E374C	ENT_83089D965915732E374C	target_d001	LAB_MEASUREMENT	retinal nerve fiber layer thickness	false	medical_kg_gold				target	1		false
t::d001::ENT_831163BCEDCFE36D3F48	ENT_831163BCEDCFE36D3F48	target_d001	OTHER	visual-spatial	false	medical_kg_gold				target	1		false
t::d001::ENT_8318A37B3B7B34F3F145	ENT_8318A37B3B7B34F3F145	target_d001	CELL	A cells	false	medical_kg_gold				target	1		false
t::d001::ENT_8326C41B0F7559875F94	ENT_8326C41B0F7559875F94	target_d001	GENE	ApoEe4 carriers	false	medical_kg_gold				target	1		false
t::d001::ENT_8337553BFF0D8AB0C6C8	ENT_8337553BFF0D8AB0C6C8	target_d001	PHENOTYPE	Loss of insulin sensitivity in skeletal muscle	false	medical_kg_gold				target	1		false
t::d001::ENT_8345E4B780B24BD05E4A	ENT_8345E4B780B24BD05E4A	target_d001	PHENOTYPE	triple vascular lesions	false	medical_kg_gold				target	1		false
t::d001::ENT_83562E77F8D280CF49C4	ENT_83562E77F8D280CF49C4	target_d001	OTHER	metabolic risk factors	false	medical_kg_gold				target	1		false
t::d001::ENT_835BF8B43B519DDFF836	ENT_835BF8B43B519DDFF836	target_d001	DRUG	angiotensin receptor antagonist	false	medical_kg_gold				target	1		false
t::d001::ENT_8375704E625F278C474C	ENT_8375704E625F278C474C	target_d001	COMPOUND	T	false	medical_kg_gold				target	1		false
t::d001::ENT_837A0F7EFC47F5648548	ENT_837A0F7EFC47F5648548	target_d001	PROTEIN	acylation stimulating protein	false	medical_kg_gold				target	1		false
t::d001::ENT_837BF43EF87C25B89351	ENT_837BF43EF87C25B89351	target_d001	GENE	mitochondrial DNA A3243G tRNA Leu point mutation	false	medical_kg_gold				target	1		false
t::d001::ENT_8380028679587EF09146	ENT_8380028679587EF09146	target_d001	PHENOTYPE	Deficiency of vital energy	false	medical_kg_gold				target	1		false
t::d001::ENT_838A5D3D35A9D6311D78	ENT_838A5D3D35A9D6311D78	target_d001	PROTEIN	Protein tyrosine phosphatase 1B	false	medical_kg_gold				target	1		false
t::d001::ENT_838F429BB7F90B2DD7D8	ENT_838F429BB7F90B2DD7D8	target_d001	GENE	TNF-α-308G/A	false	medical_kg_gold				target	1		false
t::d001::ENT_839213065FEEBDF47812	ENT_839213065FEEBDF47812	target_d001	COMPOUND	MBX-2982	false	medical_kg_gold				target	1		false
t::d001::ENT_83AFB1D8D18464F980C2	ENT_83AFB1D8D18464F980C2	target_d001	DRUG	oral antidiabetic agents	false	medical_kg_gold				target	1		false
t::d001::ENT_83B0BE71A8C234F40703	ENT_83B0BE71A8C234F40703	target_d001	CELL	endothelial progenitor cells	false	medical_kg_gold				target	1		false
t::d001::ENT_83C26478DCA8305B9A21	ENT_83C26478DCA8305B9A21	target_d001	OTHER	G19A	false	medical_kg_gold				target	1		false
t::d001::ENT_83C68773F01BDD919E29	ENT_83C68773F01BDD919E29	target_d001	LAB_MEASUREMENT	Eр	false	medical_kg_gold				target	1		false
t::d001::ENT_83C775C01EF842760D0C	ENT_83C775C01EF842760D0C	target_d001	DRUG	glinides	false	medical_kg_gold				target	1		false
t::d001::ENT_83C82AA3CFC48A5DA98B	ENT_83C82AA3CFC48A5DA98B	target_d001	PROTEIN	Urotensin Ⅱ	false	medical_kg_gold				target	1		false
t::d001::ENT_83D01FE0A3C063720D85	ENT_83D01FE0A3C063720D85	target_d001	EXERCISE	physical exercise	false	medical_kg_gold				target	1		false
t::d001::ENT_83D3033A17C073353F84	ENT_83D3033A17C073353F84	target_d001	PHYSIOLOGICAL_PROCESS	intrarenal hemodynamic flow	false	medical_kg_gold				target	1		false
t::d001::ENT_83D7A0914629255E845C	ENT_83D7A0914629255E845C	target_d001	DISEASE	hyperlipidaemia	false	medical_kg_gold				target	1		false
t::d001::ENT_83DF7E982E41EB0B52C3	ENT_83DF7E982E41EB0B52C3	target_d001	DRUG	sulphonylurea derivatives	false	medical_kg_gold				target	1		false
t::d001::ENT_842F4897E4986A5C08CE	ENT_842F4897E4986A5C08CE	target_d001	POPULATION	sedentary, obese adolescent	false	medical_kg_gold				target	1		false
t::d001::ENT_84307CAF7F669ABB4D20	ENT_84307CAF7F669ABB4D20	target_d001	TREATMENT	continuous subcutaneous insulin infusion (CSII)	false	medical_kg_gold				target	1		false
t::d001::ENT_843FC822AF4362BE1499	ENT_843FC822AF4362BE1499	target_d001	OTHER	Alleles A6,A7 of UCP3 gene	false	medical_kg_gold				target	1		false
t::d001::ENT_8449A0326200C0446552	ENT_8449A0326200C0446552	target_d001	INTERVENTION	high-fat high-sugar diet and two second STZ injection	false	medical_kg_gold				target	1		false
t::d001::ENT_844F20D71639D3A68BD3	ENT_844F20D71639D3A68BD3	target_d001	RISK_FACTOR	family diabetes history	false	medical_kg_gold				target	1		false
t::d001::ENT_847B9876FFC1F99AB3F8	ENT_847B9876FFC1F99AB3F8	target_d001	LAB_MEASUREMENT	vessel resistance	false	medical_kg_gold				target	1		false
t::d001::ENT_848DAEBC1267ED298F05	ENT_848DAEBC1267ED298F05	target_d001	LAB_MEASUREMENT	inter wave peak latencies	false	medical_kg_gold				target	1		false
t::d001::ENT_848DD8A19BBB1A847C17	ENT_848DD8A19BBB1A847C17	target_d001	INTERVENTION	social prescriptions	false	medical_kg_gold				target	1		false
t::d001::ENT_84A4935D80D26D4B80E8	ENT_84A4935D80D26D4B80E8	target_d001	LAB_MEASUREMENT	R-W1	false	medical_kg_gold				target	1		false
t::d001::ENT_84B1472D12557FB560D3	ENT_84B1472D12557FB560D3	target_d001	OTHER	Bifidobacterium	false	medical_kg_gold				target	1		false
t::d001::ENT_84D311909F2E4C1D8074	ENT_84D311909F2E4C1D8074	target_d001	SYMPTOM	dull and red tongue quality	false	medical_kg_gold				target	1		false
t::d001::ENT_84D97A8A2E0738F1A3BF	ENT_84D97A8A2E0738F1A3BF	target_d001	PHENOTYPE	chronic cerebral hypoperfusion	false	medical_kg_gold				target	1		false
t::d001::ENT_84ECB0825F192C813D62	ENT_84ECB0825F192C813D62	target_d001	DISEASE	diabetic kidney disease	false	medical_kg_gold				target	1		false
t::d001::ENT_850281220E0089683F66	ENT_850281220E0089683F66	target_d001	DRUG	insulin analogues	false	medical_kg_gold				target	1		false
t::d001::ENT_8522A07A1130C210B05E	ENT_8522A07A1130C210B05E	target_d001	PROTEIN	Serum vaspin	false	medical_kg_gold				target	1		false
t::d001::ENT_8527DF889F367EB3F0B6	ENT_8527DF889F367EB3F0B6	target_d001	PHENOTYPE	low bone mass	false	medical_kg_gold				target	1		false
t::d001::ENT_8533F9E9FD3D92CDC067	ENT_8533F9E9FD3D92CDC067	target_d001	LIFESTYLE_FACTOR	TV viewing time	false	medical_kg_gold				target	1		false
t::d001::ENT_853FC68E2214E6485F8D	ENT_853FC68E2214E6485F8D	target_d001	DISEASE	Nephropathie	false	medical_kg_gold				target	1		false
t::d001::ENT_85564E78BD65169C8728	ENT_85564E78BD65169C8728	target_d001	LAB_MEASUREMENT	serum melatonin concentration	false	medical_kg_gold				target	1		false
t::d001::ENT_85587C92A3D0DD80C480	ENT_85587C92A3D0DD80C480	target_d001	PROCEDURE	Combined detection of the autoantibodies	false	medical_kg_gold				target	1		false
t::d001::ENT_855D3148D9C1084B0EB7	ENT_855D3148D9C1084B0EB7	target_d001	EXERCISE	exercise training	false	medical_kg_gold				target	1		false
t::d001::ENT_8576065A9E5893520042	ENT_8576065A9E5893520042	target_d001	BIOMARKER	thicknesses within the central zone	false	medical_kg_gold				target	1		false
t::d001::ENT_8589330B7274A771C1E6	ENT_8589330B7274A771C1E6	target_d001	COMPOUND	Lp（a）	false	medical_kg_gold				target	1		false
t::d001::ENT_859E156DB397AFED4D1E	ENT_859E156DB397AFED4D1E	target_d001	LAB_MEASUREMENT	average size of platelets	false	medical_kg_gold				target	1		false
t::d001::ENT_85A5457AEBC2C417E7F4	ENT_85A5457AEBC2C417E7F4	target_d001	LAB_MEASUREMENT	serum glucose	false	medical_kg_gold				target	1		false
t::d001::ENT_85C89D5AD4FBE999C36F	ENT_85C89D5AD4FBE999C36F	target_d001	PHENOTYPE	insulin secretory defect	false	medical_kg_gold				target	1		false
t::d001::ENT_85CB248A26B515F7CE50	ENT_85CB248A26B515F7CE50	target_d001	POPULATION	indigenous Pacific populations	false	medical_kg_gold				target	1		false
t::d001::ENT_85CD6E94743752CFD0EA	ENT_85CD6E94743752CFD0EA	target_d001	DIET	potato intake	false	medical_kg_gold				target	1		false
t::d001::ENT_85D2C30FEC7F2C38079B	ENT_85D2C30FEC7F2C38079B	target_d001	PHENOTYPE	natriuretic handicap	false	medical_kg_gold				target	1		false
t::d001::ENT_85E202551D70EDAECCA1	ENT_85E202551D70EDAECCA1	target_d001	GENE	G/Т genotype of 276 ADIPOQ gene	false	medical_kg_gold				target	1		false
t::d001::ENT_85E4BF17E3AE81EF2AF6	ENT_85E4BF17E3AE81EF2AF6	target_d001	PHENOTYPE	High cholesterol	false	medical_kg_gold				target	1		false
t::d001::ENT_85EC405257102F739141	ENT_85EC405257102F739141	target_d001	PROTEIN	plasmatic β2-M	false	medical_kg_gold				target	1		false
t::d001::ENT_85F35DE846FC7DE8FDEB	ENT_85F35DE846FC7DE8FDEB	target_d001	PROTEIN	Plasma Vaspin	false	medical_kg_gold				target	1		false
t::d001::ENT_85FC77032195C99139E4	ENT_85FC77032195C99139E4	target_d001	PROTEIN	D-D	false	medical_kg_gold				target	1		false
t::d001::ENT_8608915B26FEE5D5B40B	ENT_8608915B26FEE5D5B40B	target_d001	CELL	platelet	false	medical_kg_gold				target	1		false
t::d001::ENT_860AD8BEDBBACE6A052A	ENT_860AD8BEDBBACE6A052A	target_d001	BIOMARKER	SFMC	false	medical_kg_gold				target	1		false
t::d001::ENT_860BE52050D3EABB2968	ENT_860BE52050D3EABB2968	target_d001	DIET	diet indicated by the health professional	false	medical_kg_gold				target	1		false
t::d001::ENT_8619201FC0032468F7C6	ENT_8619201FC0032468F7C6	target_d001	TREATMENT	sitagliptin combined with glimepiride	false	medical_kg_gold				target	1		false
t::d001::ENT_861AFB701BF143DB2CE4	ENT_861AFB701BF143DB2CE4	target_d001	PHENOTYPE	Obesity and weight gain in adulthood	false	medical_kg_gold				target	1		false
t::d001::ENT_8620AA40FE09D6A527A8	ENT_8620AA40FE09D6A527A8	target_d001	OTHER	TNF-α,IL-6 and adiponectin	false	medical_kg_gold				target	1		false
t::d001::ENT_8620F1032521117AFA98	ENT_8620F1032521117AFA98	target_d001	OTHER	polymorphism of adiponectin +45 nucleotide T/G	false	medical_kg_gold				target	1		false
t::d001::ENT_864516E23151C203AEAB	ENT_864516E23151C203AEAB	target_d001	PROCEDURE	biliopancreatic diversion in Hess-Marceau modification	false	medical_kg_gold				target	1		false
t::d001::ENT_8648C6D1C508C0B3545A	ENT_8648C6D1C508C0B3545A	target_d001	PROTEIN	Serum IL-23 level	false	medical_kg_gold				target	1		false
t::d001::ENT_865AFEC3E35FAC5C2600	ENT_865AFEC3E35FAC5C2600	target_d001	OTHER	Sulfonylurea receptor gene intron 24 3t/c polymorphism	false	medical_kg_gold				target	1		false
t::d001::ENT_8664913A453DEECBE3C9	ENT_8664913A453DEECBE3C9	target_d001	BIOMARKER	DHEA S	false	medical_kg_gold				target	1		false
t::d001::ENT_866D4F94ED18764D4806	ENT_866D4F94ED18764D4806	target_d001	OTHER	T3394C mutation	false	medical_kg_gold				target	1		false
t::d001::ENT_866F68E5A671244B52C7	ENT_866F68E5A671244B52C7	target_d001	PHENOTYPE	impaired insulin action and elevated blood glucose levels	false	medical_kg_gold				target	1		false
t::d001::ENT_86766DF1479B558AD29A	ENT_86766DF1479B558AD29A	target_d001	DRUG	vildagliptin	false	medical_kg_gold				target	1		false
t::d001::ENT_8684FE66DBE6E2A9BA1A	ENT_8684FE66DBE6E2A9BA1A	target_d001	PHENOTYPE	decreased BMD	false	medical_kg_gold				target	1		false
t::d001::ENT_868517A0B5B38938C55B	ENT_868517A0B5B38938C55B	target_d001	NUTRIENT	inositol	false	medical_kg_gold				target	1		false
t::d001::ENT_86AC1A13F2C3F255C937	ENT_86AC1A13F2C3F255C937	target_d001	PROCEDURE	treadmill exercise test	false	medical_kg_gold				target	1		false
t::d001::ENT_86D10634306A7D639466	ENT_86D10634306A7D639466	target_d001	GENE	polymorphism of resistin gene SNP-420C/G	false	medical_kg_gold				target	1		false
t::d001::ENT_86D6C1645D9BFBDF1297	ENT_86D6C1645D9BFBDF1297	target_d001	BIOMARKER	Reduced adiponectin level	false	medical_kg_gold				target	1		false
t::d001::ENT_86D70267B234E8F7CB7D	ENT_86D70267B234E8F7CB7D	target_d001	BIOMARKER	serum free fatty acid prof iles	false	medical_kg_gold				target	1		false
t::d001::ENT_86E17AA8546F1B2B83AD	ENT_86E17AA8546F1B2B83AD	target_d001	GENE	ABCC8 (rs757110)	false	medical_kg_gold				target	1		false
t::d001::ENT_86E69E74DD443F0F53A0	ENT_86E69E74DD443F0F53A0	target_d001	METABOLITE	serum TMAO	false	medical_kg_gold				target	1		false
t::d001::ENT_86F75C459FED7C6EA628	ENT_86F75C459FED7C6EA628	target_d001	PROTEIN	SREBP1	false	medical_kg_gold				target	1		false
t::d001::ENT_86FEEEAAEB45D0320F1D	ENT_86FEEEAAEB45D0320F1D	target_d001	LAB_MEASUREMENT	2-h OGTT glucose (mg/dL)	false	medical_kg_gold				target	1		false
t::d001::ENT_87054A3D3CB0DBB52516	ENT_87054A3D3CB0DBB52516	target_d001	BIOMARKER	SF	false	medical_kg_gold				target	1		false
t::d001::ENT_870677E0CAB2CF69D26E	ENT_870677E0CAB2CF69D26E	target_d001	BIOMARKER	laminin	false	medical_kg_gold				target	1		false
t::d001::ENT_8724369B3D72E757DD3B	ENT_8724369B3D72E757DD3B	target_d001	OTHER	rs12495941	false	medical_kg_gold				target	1		false
t::d001::ENT_87253367A0CDB4C32C23	ENT_87253367A0CDB4C32C23	target_d001	DRUG	Sitagliptin and Metformin HCl	false	medical_kg_gold				target	1		false
t::d001::ENT_87358CFED1D79C373997	ENT_87358CFED1D79C373997	target_d001	LAB_MEASUREMENT	CBMC	false	medical_kg_gold				target	1		false
t::d001::ENT_874C18213404ED8F1ABE	ENT_874C18213404ED8F1ABE	target_d001	OTHER	rs9939609 polymorphism	false	medical_kg_gold				target	1		false
t::d001::ENT_8765EC0846B26FFB02DF	ENT_8765EC0846B26FFB02DF	target_d001	BIOMARKER	plasma TAOC levels	false	medical_kg_gold				target	1		false
t::d001::ENT_876C772D376A5CA472BB	ENT_876C772D376A5CA472BB	target_d001	OTHER	DSCB-OA	false	medical_kg_gold				target	1		false
t::d001::ENT_876EB09679791C878400	ENT_876EB09679791C878400	target_d001	PHENOTYPE	vascular dysfunction	false	medical_kg_gold				target	1		false
t::d001::ENT_877A483072684DD1A85F	ENT_877A483072684DD1A85F	target_d001	GENE	sulfonylurea receptor gene intron 24 3t/c polymorphism	false	medical_kg_gold				target	1		false
t::d001::ENT_877CE18ECCC26BE7AC4E	ENT_877CE18ECCC26BE7AC4E	target_d001	PROTEIN	HLA (human Leukocyte antigen)	false	medical_kg_gold				target	1		false
t::d001::ENT_8794F6D0F0B763C13AA0	ENT_8794F6D0F0B763C13AA0	target_d001	PHENOTYPE	abnormal body weight	false	medical_kg_gold				target	1		false
t::d001::ENT_8797A684928318C57B39	ENT_8797A684928318C57B39	target_d001	PROCEDURE	general anesthesia combined with epidural block	false	medical_kg_gold				target	1		false
t::d001::ENT_87A64F959E1D21E02D2B	ENT_87A64F959E1D21E02D2B	target_d001	LIFESTYLE_FACTOR	low physical activity	false	medical_kg_gold				target	1		false
t::d001::ENT_87ACA22712EE1E139DE2	ENT_87ACA22712EE1E139DE2	target_d001	PROTEIN	IGF-1	false	medical_kg_gold				target	1		false
t::d001::ENT_87B1D5CB8140924818C4	ENT_87B1D5CB8140924818C4	target_d001	DRUG	appetite suppressants	false	medical_kg_gold				target	1		false
t::d001::ENT_87CF17622EA968DD4BE7	ENT_87CF17622EA968DD4BE7	target_d001	GENE	16 genes	false	medical_kg_gold				target	1		false
t::d001::ENT_87D3792E39753B05AAC7	ENT_87D3792E39753B05AAC7	target_d001	OTHER	protein-truncating variants in SLC30A8	false	medical_kg_gold				target	1		false
t::d001::ENT_87DE421E07357D20B6D9	ENT_87DE421E07357D20B6D9	target_d001	INTERVENTION	weight reduction	false	medical_kg_gold				target	1		false
t::d001::ENT_87E5AE592B80DD43B681	ENT_87E5AE592B80DD43B681	target_d001	BIOMARKER	plasma hs-CRP	false	medical_kg_gold				target	1		false
t::d001::ENT_87F83C85011B57291247	ENT_87F83C85011B57291247	target_d001	LAB_MEASUREMENT	FS	false	medical_kg_gold				target	1		false
t::d001::ENT_881A664704FFE0EB56CF	ENT_881A664704FFE0EB56CF	target_d001	GENE	SUR1 mRNA	false	medical_kg_gold				target	1		false
t::d001::ENT_8820D0097287B1E2F586	ENT_8820D0097287B1E2F586	target_d001	RISK_FACTOR	childhood obesity	false	medical_kg_gold				target	1		false
t::d001::ENT_88293E91CDCB41F3BDA5	ENT_88293E91CDCB41F3BDA5	target_d001	PROTEIN	TXNIP	false	medical_kg_gold				target	1		false
t::d001::ENT_882DD263434FC1871ED6	ENT_882DD263434FC1871ED6	target_d001	BIOMARKER	serum testosterone	false	medical_kg_gold				target	1		false
t::d001::ENT_882E0DFC3BF91815286F	ENT_882E0DFC3BF91815286F	target_d001	RISK_FACTOR	age	false	medical_kg_gold				target	1		false
t::d001::ENT_884045A1B04BBC362F25	ENT_884045A1B04BBC362F25	target_d001	METABOLITE	NO	false	medical_kg_gold				target	1		false
t::d001::ENT_8847079E18763BBE4665	ENT_8847079E18763BBE4665	target_d001	METABOLITE	serum Hcy	false	medical_kg_gold				target	1		false
t::d001::ENT_885291B41A77BB9B4AC4	ENT_885291B41A77BB9B4AC4	target_d001	OTHER	rs12255372	false	medical_kg_gold				target	1		false
t::d001::ENT_8853A4A3A726F7948C19	ENT_8853A4A3A726F7948C19	target_d001	DISEASE	heart failure	false	medical_kg_gold				target	1		false
t::d001::ENT_885AD2659F499D51E2A7	ENT_885AD2659F499D51E2A7	target_d001	LAB_MEASUREMENT	heart rate variability	false	medical_kg_gold				target	1		false
t::d001::ENT_886A3359AF3F37BCE6E7	ENT_886A3359AF3F37BCE6E7	target_d001	DISEASE	lesions of middle cerebral artery	false	medical_kg_gold				target	1		false
t::d001::ENT_88723C78BD19D31B6699	ENT_88723C78BD19D31B6699	target_d001	BIOMARKER	POT1 mRNA expression	false	medical_kg_gold				target	1		false
t::d001::ENT_8886CC16B31E3D355B11	ENT_8886CC16B31E3D355B11	target_d001	OTHER	microbial structure in gut	false	medical_kg_gold				target	1		false
t::d001::ENT_88A084439C9795733FD7	ENT_88A084439C9795733FD7	target_d001	PHENOTYPE	increased hepatic glucose output	false	medical_kg_gold				target	1		false
t::d001::ENT_88AE5270B1435AD9584A	ENT_88AE5270B1435AD9584A	target_d001	DISEASE	hypokalemic periodic paralysis	false	medical_kg_gold				target	1		false
t::d001::ENT_88B52091D7787E57F858	ENT_88B52091D7787E57F858	target_d001	DISEASE	leukoaraiosis	false	medical_kg_gold				target	1		false
t::d001::ENT_88B7D1270969D9C45D19	ENT_88B7D1270969D9C45D19	target_d001	DISEASE	peripheral arterial disease	false	medical_kg_gold				target	1		false
t::d001::ENT_88C9C2CF8DE0FC0FCEE1	ENT_88C9C2CF8DE0FC0FCEE1	target_d001	DISEASE	diabetes	false	medical_kg_gold				target	1		false
t::d001::ENT_88EF6D1824548A0125A7	ENT_88EF6D1824548A0125A7	target_d001	BIOMARKER	TSH	false	medical_kg_gold				target	1		false
t::d001::ENT_88EF716A04D25DECA48E	ENT_88EF716A04D25DECA48E	target_d001	RISK_FACTOR	diabetic family history	false	medical_kg_gold				target	1		false
t::d001::ENT_88F9F05B6CC6E95746B9	ENT_88F9F05B6CC6E95746B9	target_d001	PROTEIN	serum adiponectin concentration	false	medical_kg_gold				target	1		false
t::d001::ENT_89003804C83C23B58644	ENT_89003804C83C23B58644	target_d001	LAB_MEASUREMENT	IAI	false	medical_kg_gold				target	1		false
t::d001::ENT_890D67BCB6D3B2DD4DEE	ENT_890D67BCB6D3B2DD4DEE	target_d001	PHENOTYPE	central obesity	false	medical_kg_gold				target	1		false
t::d001::ENT_8917608CD4F13B64FD09	ENT_8917608CD4F13B64FD09	target_d001	POPULATION	cases of diabetes diagnosed in youth less than 20 years of age on the reservations in Montana	false	medical_kg_gold				target	1		false
t::d001::ENT_8919E34C6A75F662E4D1	ENT_8919E34C6A75F662E4D1	target_d001	BIOLOGICAL_PROCESS	Restoration of β-cell function	false	medical_kg_gold				target	1		false
t::d001::ENT_891C51EB777F078857E8	ENT_891C51EB777F078857E8	target_d001	DISEASE	bone fractures	false	medical_kg_gold				target	1		false
t::d001::ENT_8920F355A58C0F150E2E	ENT_8920F355A58C0F150E2E	target_d001	TREATMENT	Prevention/treatment of overweight	false	medical_kg_gold				target	1		false
t::d001::ENT_89358C2B8A9CDB37151A	ENT_89358C2B8A9CDB37151A	target_d001	OTHER	heritable trend	false	medical_kg_gold				target	1		false
t::d001::ENT_893A33CF5999568EB3C4	ENT_893A33CF5999568EB3C4	target_d001	PROTEIN	ECA	false	medical_kg_gold				target	1		false
t::d001::ENT_8947AE00788802466BF6	ENT_8947AE00788802466BF6	target_d001	METABOLITE	glutathione (GSH)	false	medical_kg_gold				target	1		false
t::d001::ENT_894CE3E25C12794987ED	ENT_894CE3E25C12794987ED	target_d001	PHENOTYPE	increased adiposity	false	medical_kg_gold				target	1		false
t::d001::ENT_89563F0C9976887A6EAE	ENT_89563F0C9976887A6EAE	target_d001	PHENOTYPE	triple vessel lesions	false	medical_kg_gold				target	1		false
t::d001::ENT_8977178B7BE8D472D00F	ENT_8977178B7BE8D472D00F	target_d001	GENE	AdipoR1 gene -106A/G	false	medical_kg_gold				target	1		false
t::d001::ENT_8981676AF888EAF9DC1C	ENT_8981676AF888EAF9DC1C	target_d001	PROTEIN	CD+31	false	medical_kg_gold				target	1		false
t::d001::ENT_898CFAFA421E5E7B3623	ENT_898CFAFA421E5E7B3623	target_d001	DISEASE	peripheral arterial lesions	false	medical_kg_gold				target	1		false
t::d001::ENT_899A59917B188FC90F25	ENT_899A59917B188FC90F25	target_d001	LAB_MEASUREMENT	serum TRAP	false	medical_kg_gold				target	1		false
t::d001::ENT_89AD60BF1A4E81CABC3E	ENT_89AD60BF1A4E81CABC3E	target_d001	OTHER	over 80 genomic loci	false	medical_kg_gold				target	1		false
t::d001::ENT_89B198635330159A99CF	ENT_89B198635330159A99CF	target_d001	DISEASE	undiagnosed thyroid disorders	false	medical_kg_gold				target	1		false
t::d001::ENT_89B427721E1284293C3B	ENT_89B427721E1284293C3B	target_d001	DISEASE	carotid atherosclerosis	false	medical_kg_gold				target	1		false
t::d001::ENT_89BAE9F0EE8D16848FF4	ENT_89BAE9F0EE8D16848FF4	target_d001	PHENOTYPE	atherogenic dyslipidemia	false	medical_kg_gold				target	1		false
t::d001::ENT_89C0D877442E1670F599	ENT_89C0D877442E1670F599	target_d001	LAB_MEASUREMENT	CV	false	medical_kg_gold				target	1		false
t::d001::ENT_89CCA70D152E1F005E1B	ENT_89CCA70D152E1F005E1B	target_d001	BIOMARKER	glycated hemoglobin	false	medical_kg_gold				target	1		false
t::d001::ENT_89D8339F5A451AE48389	ENT_89D8339F5A451AE48389	target_d001	METABOLITE	malonaldehyde	false	medical_kg_gold				target	1		false
t::d001::ENT_89DEC047E9F99DF1E832	ENT_89DEC047E9F99DF1E832	target_d001	BIOMARKER	serum 25-hydroxy vitamin D3	false	medical_kg_gold				target	1		false
t::d001::ENT_89E891D8D2A648643FCA	ENT_89E891D8D2A648643FCA	target_d001	CELL	Mast cells	false	medical_kg_gold				target	1		false
t::d001::ENT_89ED07754188ABEBD0EF	ENT_89ED07754188ABEBD0EF	target_d001	OTHER	A allele	false	medical_kg_gold				target	1		false
t::d001::ENT_89EEAFB7AF97996B2916	ENT_89EEAFB7AF97996B2916	target_d001	DRUG	mitiglinide	false	medical_kg_gold				target	1		false
t::d001::ENT_89FCED497FCCE9DD34A1	ENT_89FCED497FCCE9DD34A1	target_d001	SYMPTOM	muscle weakness and atrophy	false	medical_kg_gold				target	1		false
t::d001::ENT_8A0093C2C7C8EA6F42C2	ENT_8A0093C2C7C8EA6F42C2	target_d001	BIOMARKER	Malb/Cr	false	medical_kg_gold				target	1		false
t::d001::ENT_8A09B1F12A8CD66A64FE	ENT_8A09B1F12A8CD66A64FE	target_d001	PHENOTYPE	intra abdominal adiposity	false	medical_kg_gold				target	1		false
t::d001::ENT_8A0C57DA444C05D95B67	ENT_8A0C57DA444C05D95B67	target_d001	OTHER	Lachnospira, Faecalibacterium, Roseburia and Coprococcus	false	medical_kg_gold				target	1		false
t::d001::ENT_8A126028C36175324C18	ENT_8A126028C36175324C18	target_d001	PHENOTYPE	β cell dysfunction	false	medical_kg_gold				target	1		false
t::d001::ENT_8A2433F888942602B0B1	ENT_8A2433F888942602B0B1	target_d001	OTHER	Control	false	medical_kg_gold				target	1		false
t::d001::ENT_8A2DD414C5B2546EAF4B	ENT_8A2DD414C5B2546EAF4B	target_d001	DRUG	PI	false	medical_kg_gold				target	1		false
t::d001::ENT_8A354AFA01752C88B01F	ENT_8A354AFA01752C88B01F	target_d001	GENE	mRNA levels of PDX-1	false	medical_kg_gold				target	1		false
t::d001::ENT_8A3978B8456316D9BC2D	ENT_8A3978B8456316D9BC2D	target_d001	PROTEIN	DR4	false	medical_kg_gold				target	1		false
t::d001::ENT_8A426EAFDD833C991249	ENT_8A426EAFDD833C991249	target_d001	OTHER	Voice, age, and BMI averaged per individual	false	medical_kg_gold				target	1		false
t::d001::ENT_8A473F0ECA75D180D7DD	ENT_8A473F0ECA75D180D7DD	target_d001	CLINICAL_OUTCOME	prevalence of MAU	false	medical_kg_gold				target	1		false
t::d001::ENT_8A70D53CB343564ADD5E	ENT_8A70D53CB343564ADD5E	target_d001	LIFESTYLE_FACTOR	binge drinking	false	medical_kg_gold				target	1		false
t::d001::ENT_8A78DE8558869919AC61	ENT_8A78DE8558869919AC61	target_d001	RISK_FACTOR	race	false	medical_kg_gold				target	1		false
t::d001::ENT_8A78F881F1FC1C88163C	ENT_8A78F881F1FC1C88163C	target_d001	PHENOTYPE	relative b-cell volume	false	medical_kg_gold				target	1		false
t::d001::ENT_8A79DE1DF361229CF5E6	ENT_8A79DE1DF361229CF5E6	target_d001	PHYSIOLOGICAL_PROCESS	cardiorespiratory fitness	false	medical_kg_gold				target	1		false
t::d001::ENT_8A93873AA9FCB4DA9288	ENT_8A93873AA9FCB4DA9288	target_d001	LAB_MEASUREMENT	Renal function	false	medical_kg_gold				target	1		false
t::d001::ENT_8A9626AD3B306FE33907	ENT_8A9626AD3B306FE33907	target_d001	CLINICAL_OUTCOME	poorer health outcomes	false	medical_kg_gold				target	1		false
t::d001::ENT_8AAFE5DBFA84AE818ED3	ENT_8AAFE5DBFA84AE818ED3	target_d001	DISEASE	CS	false	medical_kg_gold				target	1		false
t::d001::ENT_8AB340889EBEDD8F6439	ENT_8AB340889EBEDD8F6439	target_d001	GENE	KCTD15-rs11084753	false	medical_kg_gold				target	1		false
t::d001::ENT_8ABAB8FF1E69D736FD22	ENT_8ABAB8FF1E69D736FD22	target_d001	OTHER	SDF-1 G allele	false	medical_kg_gold				target	1		false
t::d001::ENT_8ABDB9C6EF897BE3773D	ENT_8ABDB9C6EF897BE3773D	target_d001	LAB_MEASUREMENT	hemoglobin A1c level	false	medical_kg_gold				target	1		false
t::d001::ENT_8AC0C4BBCA43FFA95CE8	ENT_8AC0C4BBCA43FFA95CE8	target_d001	PROTEIN	serum adiponectin	false	medical_kg_gold				target	1		false
t::d001::ENT_8AD13980317ECC474CAD	ENT_8AD13980317ECC474CAD	target_d001	PROCEDURE	Examination of bone marrow	false	medical_kg_gold				target	1		false
t::d001::ENT_8AD2EF7448E93B19FE89	ENT_8AD2EF7448E93B19FE89	target_d001	BIOMARKER	level of serum betatrophin	false	medical_kg_gold				target	1		false
t::d001::ENT_8AD7CB7CEBC36E005AB1	ENT_8AD7CB7CEBC36E005AB1	target_d001	PROTEIN	thioredoxin	false	medical_kg_gold				target	1		false
t::d001::ENT_8ADF2953561D7CC15F77	ENT_8ADF2953561D7CC15F77	target_d001	DRUG	sodium-glucose cotransporter 2 (SGLT2) inhibitors	false	medical_kg_gold				target	1		false
t::d001::ENT_8AE86A183324B805FB28	ENT_8AE86A183324B805FB28	target_d001	LAB_MEASUREMENT	insulin resistance index (HOMA-IR)	false	medical_kg_gold				target	1		false
t::d001::ENT_8AF52E0945F025896F03	ENT_8AF52E0945F025896F03	target_d001	LAB_MEASUREMENT	plasma Fib	false	medical_kg_gold				target	1		false
t::d001::ENT_8AFF57D9FBF15BB06760	ENT_8AFF57D9FBF15BB06760	target_d001	COMPOUND	FFA	false	medical_kg_gold				target	1		false
t::d001::ENT_8B003AB89F7A0E2974BB	ENT_8B003AB89F7A0E2974BB	target_d001	OTHER	T variant	false	medical_kg_gold				target	1		false
t::d001::ENT_8B2CBF6C3F290D52FFF0	ENT_8B2CBF6C3F290D52FFF0	target_d001	EXERCISE	aerobic exercises	false	medical_kg_gold				target	1		false
t::d001::ENT_8B3333750BB50D7BAB25	ENT_8B3333750BB50D7BAB25	target_d001	PHENOTYPE	insulin independence	false	medical_kg_gold				target	1		false
t::d001::ENT_8B41BAF6D8CA712697BB	ENT_8B41BAF6D8CA712697BB	target_d001	DISEASE	chronic HBV carriers	false	medical_kg_gold				target	1		false
t::d001::ENT_8B536D3B412A3F1406DD	ENT_8B536D3B412A3F1406DD	target_d001	DISEASE	respiratory failure	false	medical_kg_gold				target	1		false
t::d001::ENT_8B62A09B068E15A7070A	ENT_8B62A09B068E15A7070A	target_d001	GENE	LEPR gene Gln223Arg polymorphism	false	medical_kg_gold				target	1		false
t::d001::ENT_8B752961A3D0A3FEE4DF	ENT_8B752961A3D0A3FEE4DF	target_d001	GENE	MTNR1B	false	medical_kg_gold				target	1		false
t::d001::ENT_8B7A2C44EE16E90E51AB	ENT_8B7A2C44EE16E90E51AB	target_d001	OTHER	rs2972164 polymorphism of PPARγ gene	false	medical_kg_gold				target	1		false
t::d001::ENT_8B7BC40A6C2E682F7CDD	ENT_8B7BC40A6C2E682F7CDD	target_d001	PHYSIOLOGICAL_PROCESS	lowered insulin secretion	false	medical_kg_gold				target	1		false
t::d001::ENT_8B838B4E6D68C4E52E30	ENT_8B838B4E6D68C4E52E30	target_d001	DISEASE	CMV infection	false	medical_kg_gold				target	1		false
t::d001::ENT_8B8CEDD3F426DE4BB6F0	ENT_8B8CEDD3F426DE4BB6F0	target_d001	METABOLITE	nitrotyrosine	false	medical_kg_gold				target	1		false
t::d001::ENT_8B8E208DF65EF7B0C25E	ENT_8B8E208DF65EF7B0C25E	target_d001	BIOMARKER	APN	false	medical_kg_gold				target	1		false
t::d001::ENT_8B959AD68391ED45D38F	ENT_8B959AD68391ED45D38F	target_d001	OTHER	Disturbances in this protection mechanism	false	medical_kg_gold				target	1		false
t::d001::ENT_8BA5D952B24C02448907	ENT_8BA5D952B24C02448907	target_d001	EXERCISE	decreased exercise	false	medical_kg_gold				target	1		false
t::d001::ENT_8BA6735F2AC8F0D37C70	ENT_8BA6735F2AC8F0D37C70	target_d001	PATHWAY	renin-angiotensin system	false	medical_kg_gold				target	1		false
t::d001::ENT_8BA6DF66334CC0CE9FAD	ENT_8BA6DF66334CC0CE9FAD	target_d001	DISEASE	CVA	false	medical_kg_gold				target	1		false
t::d001::ENT_8BB2E613CD847FDD2EA0	ENT_8BB2E613CD847FDD2EA0	target_d001	GENE	seven candidate genes	false	medical_kg_gold				target	1		false
t::d001::ENT_8BB8304A75BA51971396	ENT_8BB8304A75BA51971396	target_d001	LAB_MEASUREMENT	aPTT	false	medical_kg_gold				target	1		false
t::d001::ENT_8BBB103AF281DA65D113	ENT_8BBB103AF281DA65D113	target_d001	BIOMARKER	different metabolite profiles	false	medical_kg_gold				target	1		false
t::d001::ENT_8BBC73E7AD02B5FE0726	ENT_8BBC73E7AD02B5FE0726	target_d001	BIOMARKER	Plasma visfatin level	false	medical_kg_gold				target	1		false
t::d001::ENT_8BBFA1EB2FF195DB7E6E	ENT_8BBFA1EB2FF195DB7E6E	target_d001	OTHER	enterococcus faecalis contents	false	medical_kg_gold				target	1		false
t::d001::ENT_8BC0763311E4E117B598	ENT_8BC0763311E4E117B598	target_d001	PROTEIN	apo B	false	medical_kg_gold				target	1		false
t::d001::ENT_8BDB32CA089D5E95C85B	ENT_8BDB32CA089D5E95C85B	target_d001	LAB_MEASUREMENT	plasma D-dimer level	false	medical_kg_gold				target	1		false
t::d001::ENT_8BEB8F3DDFD424A30C21	ENT_8BEB8F3DDFD424A30C21	target_d001	PROCEDURE	metabolic surgery	false	medical_kg_gold				target	1		false
t::d001::ENT_8C0425B66CD0B2ACFD00	ENT_8C0425B66CD0B2ACFD00	target_d001	OTHER	rs3774261	false	medical_kg_gold				target	1		false
t::d001::ENT_8C13287C69976AF13F15	ENT_8C13287C69976AF13F15	target_d001	PROTEIN	RBP	false	medical_kg_gold				target	1		false
t::d001::ENT_8C2366396FD146C07F52	ENT_8C2366396FD146C07F52	target_d001	BIOLOGICAL_PROCESS	intestinal immune maturation	false	medical_kg_gold				target	1		false
t::d001::ENT_8C282D9ECF6084E42B14	ENT_8C282D9ECF6084E42B14	target_d001	PHENOTYPE	decreased FVC	false	medical_kg_gold				target	1		false
t::d001::ENT_8C4134D38EE3B826B9B1	ENT_8C4134D38EE3B826B9B1	target_d001	GENE	HLA-DQA1*0401	false	medical_kg_gold				target	1		false
t::d001::ENT_8C45827A762ED6F06770	ENT_8C45827A762ED6F06770	target_d001	DISEASE	Cardiovascular disease	false	medical_kg_gold				target	1		false
t::d001::ENT_8C46EC0F4742DB604619	ENT_8C46EC0F4742DB604619	target_d001	BIOMARKER	abnormal LCA titer	false	medical_kg_gold				target	1		false
t::d001::ENT_8C55E1E07E99CF1610FF	ENT_8C55E1E07E99CF1610FF	target_d001	PHENOTYPE	increased lower extremity peripheral vascular resistance	false	medical_kg_gold				target	1		false
t::d001::ENT_8C683CFF3E5BE74E58AA	ENT_8C683CFF3E5BE74E58AA	target_d001	BIOMARKER	SHBG	false	medical_kg_gold				target	1		false
t::d001::ENT_8C6C9C91DAB741306369	ENT_8C6C9C91DAB741306369	target_d001	TREATMENT	insulin glargine United repaglinide	false	medical_kg_gold				target	1		false
t::d001::ENT_8C77F1F4ED60AA098A2F	ENT_8C77F1F4ED60AA098A2F	target_d001	CLINICAL_OUTCOME	menopause age	false	medical_kg_gold				target	1		false
t::d001::ENT_8C7AF3958AAF2E9124DE	ENT_8C7AF3958AAF2E9124DE	target_d001	DISEASE	pre-existing diabetes	false	medical_kg_gold				target	1		false
t::d001::ENT_8C7B7A5B8E8765800C49	ENT_8C7B7A5B8E8765800C49	target_d001	NUTRIENT	Magnesium and zinc	false	medical_kg_gold				target	1		false
t::d001::ENT_8C7C36B2A98615A4AB99	ENT_8C7C36B2A98615A4AB99	target_d001	BIOMARKER	Plasma PAI-1 activity	false	medical_kg_gold				target	1		false
t::d001::ENT_8C865D1746F7C11490C5	ENT_8C865D1746F7C11490C5	target_d001	NUTRIENT	Na	false	medical_kg_gold				target	1		false
t::d001::ENT_8C8E0D88DD1B3A9ABE5E	ENT_8C8E0D88DD1B3A9ABE5E	target_d001	DRUG	Liralglutide	false	medical_kg_gold				target	1		false
t::d001::ENT_8CA5FFE02278F09ED057	ENT_8CA5FFE02278F09ED057	target_d001	DISEASE	recurrent stroke	false	medical_kg_gold				target	1		false
t::d001::ENT_8CA85866ED6E784DD00C	ENT_8CA85866ED6E784DD00C	target_d001	CLINICAL_OUTCOME	total scores of cognitive testing	false	medical_kg_gold				target	1		false
t::d001::ENT_8CDEA7B29986C214D5F4	ENT_8CDEA7B29986C214D5F4	target_d001	CLINICAL_OUTCOME	risk of chronic kidney disease	false	medical_kg_gold				target	1		false
t::d001::ENT_8CFAF6A471BE10252616	ENT_8CFAF6A471BE10252616	target_d001	PHENOTYPE	memory impairment	false	medical_kg_gold				target	1		false
t::d001::ENT_8D1688666F9BD51F57B0	ENT_8D1688666F9BD51F57B0	target_d001	GENE	MCP-1 G(-2518) allele	false	medical_kg_gold				target	1		false
t::d001::ENT_8D25C406EB3A892031EE	ENT_8D25C406EB3A892031EE	target_d001	GENE	PON1 (rs662)	false	medical_kg_gold				target	1		false
t::d001::ENT_8D2975106B13D58D93A6	ENT_8D2975106B13D58D93A6	target_d001	GENE	STRA6	false	medical_kg_gold				target	1		false
t::d001::ENT_8D29DA71161E42C5706D	ENT_8D29DA71161E42C5706D	target_d001	PHYSIOLOGICAL_PROCESS	insulin sensitivity	false	medical_kg_gold				target	1		false
t::d001::ENT_8D3DEF01952FE096C235	ENT_8D3DEF01952FE096C235	target_d001	OTHER	time for blood glucose to be targeted	false	medical_kg_gold				target	1		false
t::d001::ENT_8D47D9D629798AABBCC5	ENT_8D47D9D629798AABBCC5	target_d001	OTHER	strong positive PPD test results	false	medical_kg_gold				target	1		false
t::d001::ENT_8D523E63E4E578F724F6	ENT_8D523E63E4E578F724F6	target_d001	POPULATION	4 individuals	false	medical_kg_gold				target	1		false
t::d001::ENT_8D5D8FE414D620BE348F	ENT_8D5D8FE414D620BE348F	target_d001	NUTRIENT	saturated fatty acid	false	medical_kg_gold				target	1		false
t::d001::ENT_8D5FF033008F2480162E	ENT_8D5FF033008F2480162E	target_d001	PHENOTYPE	low-grade inflammation	false	medical_kg_gold				target	1		false
t::d001::ENT_8D6171044C0C7846B18D	ENT_8D6171044C0C7846B18D	target_d001	LAB_MEASUREMENT	left ventricular Mass	false	medical_kg_gold				target	1		false
t::d001::ENT_8D645A2E3807B4605431	ENT_8D645A2E3807B4605431	target_d001	PHENOTYPE	weight gain	false	medical_kg_gold				target	1		false
t::d001::ENT_8D6AF1874A490E8035CB	ENT_8D6AF1874A490E8035CB	target_d001	PHENOTYPE	severe coronary stenosis	false	medical_kg_gold				target	1		false
t::d001::ENT_8D733B539B0F23DA6D0E	ENT_8D733B539B0F23DA6D0E	target_d001	LIFESTYLE_FACTOR	lifestyle	false	medical_kg_gold				target	1		false
t::d001::ENT_8D79E5410B0D014A9860	ENT_8D79E5410B0D014A9860	target_d001	BIOLOGICAL_PROCESS	impaired insulin secretion	false	medical_kg_gold				target	1		false
t::d001::ENT_8D7B2407668740ED18D8	ENT_8D7B2407668740ED18D8	target_d001	DISEASE	liver abscess	false	medical_kg_gold				target	1		false
t::d001::ENT_8D86FAF5274286394411	ENT_8D86FAF5274286394411	target_d001	PROCEDURE	SADI-S	false	medical_kg_gold				target	1		false
t::d001::ENT_8D8E06C35427ADFF355B	ENT_8D8E06C35427ADFF355B	target_d001	OTHER	G allelomorphic gene	false	medical_kg_gold				target	1		false
t::d001::ENT_8D95AEF232C77569948E	ENT_8D95AEF232C77569948E	target_d001	LAB_MEASUREMENT	cholesterol	false	medical_kg_gold				target	1		false
t::d001::ENT_8D9DE7E9F2B96538423F	ENT_8D9DE7E9F2B96538423F	target_d001	DIET	substitution of high GI with low GI carbohydrates	false	medical_kg_gold				target	1		false
t::d001::ENT_8DAC6BF9B5192DDB62C7	ENT_8DAC6BF9B5192DDB62C7	target_d001	DRUG	lipid-modifying drugs	false	medical_kg_gold				target	1		false
t::d001::ENT_8DBE7E3C8122791BE1EA	ENT_8DBE7E3C8122791BE1EA	target_d001	LAB_MEASUREMENT	plasma D-dimer levels	false	medical_kg_gold				target	1		false
t::d001::ENT_8DC58FFAB2D7059CB913	ENT_8DC58FFAB2D7059CB913	target_d001	PROTEIN	GST	false	medical_kg_gold				target	1		false
t::d001::ENT_8DD3204CF579B1E179F4	ENT_8DD3204CF579B1E179F4	target_d001	OTHER	g.-537A>C and g.-420C>G polymorphisms	false	medical_kg_gold				target	1		false
t::d001::ENT_8DD32077447E208005A1	ENT_8DD32077447E208005A1	target_d001	OTHER	human IRS-4 codon 879 c/g polymorphism	false	medical_kg_gold				target	1		false
t::d001::ENT_8DE8F3DB34C9EFB539FB	ENT_8DE8F3DB34C9EFB539FB	target_d001	PROCEDURE	precision laparoscopic sleeve gastrectomy	false	medical_kg_gold				target	1		false
t::d001::ENT_8DEBC4E4D2E770936B4A	ENT_8DEBC4E4D2E770936B4A	target_d001	PROTEIN	RBP-4	false	medical_kg_gold				target	1		false
t::d001::ENT_8DF46EEEDE828164A56F	ENT_8DF46EEEDE828164A56F	target_d001	PATHWAY	JNK signaling transduction pathway	false	medical_kg_gold				target	1		false
t::d001::ENT_8E01A693866BEE298FB1	ENT_8E01A693866BEE298FB1	target_d001	DISEASE	Beta thalassaemia trait	false	medical_kg_gold				target	1		false
t::d001::ENT_8E051B0525D590AFB74A	ENT_8E051B0525D590AFB74A	target_d001	OTHER	polymorphism rs10885122G>T of ADRA2A gene	false	medical_kg_gold				target	1		false
t::d001::ENT_8E135BE796B70E5871CD	ENT_8E135BE796B70E5871CD	target_d001	LAB_MEASUREMENT	2 h postprandial blood glucose	false	medical_kg_gold				target	1		false
t::d001::ENT_8E1DB55099D910A0022F	ENT_8E1DB55099D910A0022F	target_d001	LAB_MEASUREMENT	CVIB	false	medical_kg_gold				target	1		false
t::d001::ENT_8E214722990F7F529457	ENT_8E214722990F7F529457	target_d001	INTERVENTION	blood glucose control	false	medical_kg_gold				target	1		false
t::d001::ENT_8E2CD68713EDD320E680	ENT_8E2CD68713EDD320E680	target_d001	LAB_MEASUREMENT	eGFR	false	medical_kg_gold				target	1		false
t::d001::ENT_8E5A2EF2C5107C570D08	ENT_8E5A2EF2C5107C570D08	target_d001	OTHER	Ala allele	false	medical_kg_gold				target	1		false
t::d001::ENT_8E5C73C6AFDBA89EE364	ENT_8E5C73C6AFDBA89EE364	target_d001	DRUG	Insulin detemir	false	medical_kg_gold				target	1		false
t::d001::ENT_8E642B4B0ED9A159F82C	ENT_8E642B4B0ED9A159F82C	target_d001	BIOMARKER	LDL	false	medical_kg_gold				target	1		false
t::d001::ENT_8E6AC39A8EA092482192	ENT_8E6AC39A8EA092482192	target_d001	METABOLITE	plasma 6-keto-PGF1α levels	false	medical_kg_gold				target	1		false
t::d001::ENT_8E7C7EE2F9DEFE9F03C6	ENT_8E7C7EE2F9DEFE9F03C6	target_d001	CLINICAL_OUTCOME	target values of glycated hemoglobin	false	medical_kg_gold				target	1		false
t::d001::ENT_8EAED00903E1B8596F51	ENT_8EAED00903E1B8596F51	target_d001	LAB_MEASUREMENT	VLDL	false	medical_kg_gold				target	1		false
t::d001::ENT_8EB50BCAAE7A012825E0	ENT_8EB50BCAAE7A012825E0	target_d001	DISEASE	maternal diabetes	false	medical_kg_gold				target	1		false
t::d001::ENT_8EC406636F9200CB57C8	ENT_8EC406636F9200CB57C8	target_d001	BIOMARKER	Visfatin	false	medical_kg_gold				target	1		false
t::d001::ENT_8ED8D61783485780E856	ENT_8ED8D61783485780E856	target_d001	TREATMENT	regulating the function of the middle energizer,evacuating full and stagnation,resolving phlegm and removing pathogenic heat	false	medical_kg_gold				target	1		false
t::d001::ENT_8EDC9896D6569CF6AB59	ENT_8EDC9896D6569CF6AB59	target_d001	PHYSIOLOGICAL_PROCESS	central corneal sensitivity	false	medical_kg_gold				target	1		false
t::d001::ENT_8EE6F63A71C5D1227935	ENT_8EE6F63A71C5D1227935	target_d001	PHYSIOLOGICAL_PROCESS	lipid metabolism	false	medical_kg_gold				target	1		false
t::d001::ENT_8EE817C840334FC9ADC0	ENT_8EE817C840334FC9ADC0	target_d001	PATHWAY	vascular-platelets and coagulation a hemostasis	false	medical_kg_gold				target	1		false
t::d001::ENT_8EEB65CC9E5AA88EC46F	ENT_8EEB65CC9E5AA88EC46F	target_d001	BIOMARKER	serum osteocalcin	false	medical_kg_gold				target	1		false
t::d001::ENT_8EF119A47263635E9078	ENT_8EF119A47263635E9078	target_d001	GENE	D allele of ACE gene polymorphism	false	medical_kg_gold				target	1		false
t::d001::ENT_8EF56E2062F14C9653F7	ENT_8EF56E2062F14C9653F7	target_d001	DISEASE	asymptomatic endometrial hyperplasia	false	medical_kg_gold				target	1		false
t::d001::ENT_8F02BD7764AF51FF8130	ENT_8F02BD7764AF51FF8130	target_d001	BIOMARKER	plasma TRACP5b concentration	false	medical_kg_gold				target	1		false
t::d001::ENT_8F0DE9A9DE5623988B80	ENT_8F0DE9A9DE5623988B80	target_d001	DISEASE	left ventricular (LV) diastolic dysfunction	false	medical_kg_gold				target	1		false
t::d001::ENT_8F12DF3F5F7A408E7BF1	ENT_8F12DF3F5F7A408E7BF1	target_d001	PATHWAY	TLR4 signal pathway	false	medical_kg_gold				target	1		false
t::d001::ENT_8F14A42DA7FDE05E6EA6	ENT_8F14A42DA7FDE05E6EA6	target_d001	LAB_MEASUREMENT	average heart rate	false	medical_kg_gold				target	1		false
t::d001::ENT_8F1536A9E0AE9703473F	ENT_8F1536A9E0AE9703473F	target_d001	OTHER	FA-pattern score	false	medical_kg_gold				target	1		false
t::d001::ENT_8F23C9B71EB6205136D3	ENT_8F23C9B71EB6205136D3	target_d001	OTHER	vocal apparatus	false	medical_kg_gold				target	1		false
t::d001::ENT_8F247986EB14463800A3	ENT_8F247986EB14463800A3	target_d001	BIOMARKER	plasma level of CGRP	false	medical_kg_gold				target	1		false
t::d001::ENT_8F31CA4AD653AB4CA7D6	ENT_8F31CA4AD653AB4CA7D6	target_d001	RISK_FACTOR	abdominal obesity	false	medical_kg_gold				target	1		false
t::d001::ENT_8F3C1C150F8C796AE998	ENT_8F3C1C150F8C796AE998	target_d001	METABOLITE	non-HDLc	false	medical_kg_gold				target	1		false
t::d001::ENT_8F4B935D82E2B7C5D089	ENT_8F4B935D82E2B7C5D089	target_d001	COMPOUND	rich chromium bean bud preparation	false	medical_kg_gold				target	1		false
t::d001::ENT_8F4F11EA8EE08817380E	ENT_8F4F11EA8EE08817380E	target_d001	DRUG	Glipizid-GITS	false	medical_kg_gold				target	1		false
t::d001::ENT_8F5A33902427789237AE	ENT_8F5A33902427789237AE	target_d001	PHENOTYPE	hyperglycaemia	false	medical_kg_gold				target	1		false
t::d001::ENT_8F6A5C4AEA326D70090C	ENT_8F6A5C4AEA326D70090C	target_d001	DISEASE	geriatric syndrome	false	medical_kg_gold				target	1		false
t::d001::ENT_8F6AB31BFC8F1E603995	ENT_8F6AB31BFC8F1E603995	target_d001	RISK_FACTOR	bigger waist/hip ratio	false	medical_kg_gold				target	1		false
t::d001::ENT_8F91F0506A91B3944D7E	ENT_8F91F0506A91B3944D7E	target_d001	DIET	dietary patterns	false	medical_kg_gold				target	1		false
t::d001::ENT_8F92B34F27D4712BD05E	ENT_8F92B34F27D4712BD05E	target_d001	LAB_MEASUREMENT	Ln(HOMAβ)	false	medical_kg_gold				target	1		false
t::d001::ENT_8F9B20A54732746E93EF	ENT_8F9B20A54732746E93EF	target_d001	OTHER	fingertip capillary whole blood glucose (CBG) combined with Chinese Diabetes Risk Score (CDRS)	false	medical_kg_gold				target	1		false
t::d001::ENT_8F9F70F30367FDFBE71B	ENT_8F9F70F30367FDFBE71B	target_d001	DISEASE	Nonalcoholic fatty liver disease (NAFLD)	false	medical_kg_gold				target	1		false
t::d001::ENT_8FAE0D1687A122E68A16	ENT_8FAE0D1687A122E68A16	target_d001	BIOMARKER	serum iron	false	medical_kg_gold				target	1		false
t::d001::ENT_8FAE9988E69B25C9C266	ENT_8FAE9988E69B25C9C266	target_d001	GENE	Adiponectin G allele	false	medical_kg_gold				target	1		false
t::d001::ENT_8FAEBC3BA6A0B3965C08	ENT_8FAEBC3BA6A0B3965C08	target_d001	PATHWAY	angiogenesis	false	medical_kg_gold				target	1		false
t::d001::ENT_8FB3D944ED56C5988A04	ENT_8FB3D944ED56C5988A04	target_d001	BIOMARKER	serum SIL-2R	false	medical_kg_gold				target	1		false
t::d001::ENT_8FD5BC87BBA1A219CB61	ENT_8FD5BC87BBA1A219CB61	target_d001	PHENOTYPE	left ventricular diastolic dysfunction	false	medical_kg_gold				target	1		false
t::d001::ENT_8FE09753852729982C93	ENT_8FE09753852729982C93	target_d001	GENE	MTHFR C677T gene	false	medical_kg_gold				target	1		false
t::d001::ENT_8FE866D918F8337C025B	ENT_8FE866D918F8337C025B	target_d001	PHENOTYPE	Beta-cell dysfunction	false	medical_kg_gold				target	1		false
t::d001::ENT_8FEAFBACE4298E62EDF5	ENT_8FEAFBACE4298E62EDF5	target_d001	OTHER	rs13266634 variant of SLC30A8 gene	false	medical_kg_gold				target	1		false
t::d001::ENT_9005A04C0976C831C2AD	ENT_9005A04C0976C831C2AD	target_d001	GENE	transcription factor 7-like 2 (TCF7L2)	false	medical_kg_gold				target	1		false
t::d001::ENT_900D98DD598296579AD6	ENT_900D98DD598296579AD6	target_d001	PHENOTYPE	Yin asthenia	false	medical_kg_gold				target	1		false
t::d001::ENT_9014AF4245AA487C43FD	ENT_9014AF4245AA487C43FD	target_d001	OTHER	C allele	false	medical_kg_gold				target	1		false
t::d001::ENT_901C10098B8954A83883	ENT_901C10098B8954A83883	target_d001	GENE	polymorphism of FOXA1 gene	false	medical_kg_gold				target	1		false
t::d001::ENT_902B9584F38BEBBDCE8A	ENT_902B9584F38BEBBDCE8A	target_d001	PROCEDURE	GTT	false	medical_kg_gold				target	1		false
t::d001::ENT_903F9379B7C0FA62E0DF	ENT_903F9379B7C0FA62E0DF	target_d001	METABOLITE	8 phospholipids compounds	false	medical_kg_gold				target	1		false
t::d001::ENT_9043EC2267A0B34BBFC5	ENT_9043EC2267A0B34BBFC5	target_d001	BIOMARKER	full retinal thickness	false	medical_kg_gold				target	1		false
t::d001::ENT_905234F371D2C5DEED21	ENT_905234F371D2C5DEED21	target_d001	DRUG	Novonorm combined with metformin	false	medical_kg_gold				target	1		false
t::d001::ENT_905443DD991F9250CD46	ENT_905443DD991F9250CD46	target_d001	COMPOUND	HDL	false	medical_kg_gold				target	1		false
t::d001::ENT_907494D33449A75DBB09	ENT_907494D33449A75DBB09	target_d001	PROTEIN	PPARg2 transcription factor	false	medical_kg_gold				target	1		false
t::d001::ENT_90769A486F740EE75D0A	ENT_90769A486F740EE75D0A	target_d001	PROTEIN	AMP-activated protein kinase （AMPK）	false	medical_kg_gold				target	1		false
t::d001::ENT_9083E12B279ED6398C8C	ENT_9083E12B279ED6398C8C	target_d001	GENE	polymorphism in PPARγ2 gene	false	medical_kg_gold				target	1		false
t::d001::ENT_9087F83E96C4F6D921AA	ENT_9087F83E96C4F6D921AA	target_d001	POPULATION	Tibet citizens	false	medical_kg_gold				target	1		false
t::d001::ENT_90897BB75419A96E0B3C	ENT_90897BB75419A96E0B3C	target_d001	DIET	sugar addiction	false	medical_kg_gold				target	1		false
t::d001::ENT_908CA8A048D5704284DD	ENT_908CA8A048D5704284DD	target_d001	INTERVENTION	Intensive instructions of exercise	false	medical_kg_gold				target	1		false
t::d001::ENT_9096C6EF92DBD7B0A912	ENT_9096C6EF92DBD7B0A912	target_d001	METABOLITE	sugar (glucose)	false	medical_kg_gold				target	1		false
t::d001::ENT_90AE0F1EB99E7AE86D6D	ENT_90AE0F1EB99E7AE86D6D	target_d001	LAB_MEASUREMENT	activation intensity of both side frontal lobe、parietal lobe and basal ganglia	false	medical_kg_gold				target	1		false
t::d001::ENT_90B44F561ED9378F8BF5	ENT_90B44F561ED9378F8BF5	target_d001	OTHER	hsl i6	false	medical_kg_gold				target	1		false
t::d001::ENT_90D7798FC1BD5617C4D6	ENT_90D7798FC1BD5617C4D6	target_d001	OTHER	β2-GPI/ox-LDL complex	false	medical_kg_gold				target	1		false
t::d001::ENT_90D94FD6F2B181E45919	ENT_90D94FD6F2B181E45919	target_d001	CELL	ganglion cells	false	medical_kg_gold				target	1		false
t::d001::ENT_90DA5C1E989655BA337C	ENT_90DA5C1E989655BA337C	target_d001	GENE	ET-1	false	medical_kg_gold				target	1		false
t::d001::ENT_90DEAA3A1E40699B1D38	ENT_90DEAA3A1E40699B1D38	target_d001	DISEASE	coxarthrosis	false	medical_kg_gold				target	1		false
t::d001::ENT_90DFCAAF53F0B9C91BE0	ENT_90DFCAAF53F0B9C91BE0	target_d001	BIOMARKER	rs2890565(C/T)TT	false	medical_kg_gold				target	1		false
t::d001::ENT_90E597CFBFC12657A187	ENT_90E597CFBFC12657A187	target_d001	COMPOUND	high blood lipids	false	medical_kg_gold				target	1		false
t::d001::ENT_90EB875C53588062B7DB	ENT_90EB875C53588062B7DB	target_d001	LAB_MEASUREMENT	IBS% of the IVS and LVPW	false	medical_kg_gold				target	1		false
t::d001::ENT_910107F215636A1730E7	ENT_910107F215636A1730E7	target_d001	PROTEIN	IGF-Ⅰ	false	medical_kg_gold				target	1		false
t::d001::ENT_9112B5F4A4F91725D3E2	ENT_9112B5F4A4F91725D3E2	target_d001	SYMPTOM	low back pain	false	medical_kg_gold				target	1		false
t::d001::ENT_91187DD6BD1CB8019BF3	ENT_91187DD6BD1CB8019BF3	target_d001	PROTEIN	TNF-α	false	medical_kg_gold				target	1		false
t::d001::ENT_9118D72C0722F37BBF24	ENT_9118D72C0722F37BBF24	target_d001	LAB_MEASUREMENT	serumal level of CRP	false	medical_kg_gold				target	1		false
t::d001::ENT_911945C590029094905D	ENT_911945C590029094905D	target_d001	LAB_MEASUREMENT	levels of testosterone	false	medical_kg_gold				target	1		false
t::d001::ENT_911E96DF4D9C00525ECF	ENT_911E96DF4D9C00525ECF	target_d001	BIOMARKER	CA19-9	false	medical_kg_gold				target	1		false
t::d001::ENT_912BB4A220FA51DB759C	ENT_912BB4A220FA51DB759C	target_d001	BIOLOGICAL_PROCESS	low grade inflammatory process	false	medical_kg_gold				target	1		false
t::d001::ENT_912BC537970D86A6094A	ENT_912BC537970D86A6094A	target_d001	BIOLOGICAL_PROCESS	thrombosis	false	medical_kg_gold				target	1		false
t::d001::ENT_912E156928ED9AB31A56	ENT_912E156928ED9AB31A56	target_d001	OTHER	prevalence	false	medical_kg_gold				target	1		false
t::d001::ENT_913DFED591F3B2414616	ENT_913DFED591F3B2414616	target_d001	BIOMARKER	TT	false	medical_kg_gold				target	1		false
t::d001::ENT_9154975BF47262139280	ENT_9154975BF47262139280	target_d001	GENE	GCKR	false	medical_kg_gold				target	1		false
t::d001::ENT_915731B3C9AEE422079C	ENT_915731B3C9AEE422079C	target_d001	RISK_FACTOR	puberty	false	medical_kg_gold				target	1		false
t::d001::ENT_916D71B0E8DD61237B37	ENT_916D71B0E8DD61237B37	target_d001	GENE	G/G genotype of SNP45	false	medical_kg_gold				target	1		false
t::d001::ENT_9172B41C4D0299099985	ENT_9172B41C4D0299099985	target_d001	LAB_MEASUREMENT	erythrocyte aggregation indices	false	medical_kg_gold				target	1		false
t::d001::ENT_9175AE468558D475AE7E	ENT_9175AE468558D475AE7E	target_d001	OTHER	deficiency syndrome of both Qi and Yin	false	medical_kg_gold				target	1		false
t::d001::ENT_917C4F2C9EE4382A7E1F	ENT_917C4F2C9EE4382A7E1F	target_d001	PROTEIN	HNP1-3	false	medical_kg_gold				target	1		false
t::d001::ENT_917F89119C051975B511	ENT_917F89119C051975B511	target_d001	PROTEIN	nuclear factor-κB	false	medical_kg_gold				target	1		false
t::d001::ENT_919F1455B9DEC02EC53D	ENT_919F1455B9DEC02EC53D	target_d001	CELL	macrophages	false	medical_kg_gold				target	1		false
t::d001::ENT_91B4E138A0F2231D74F5	ENT_91B4E138A0F2231D74F5	target_d001	BIOMARKER	PICP	false	medical_kg_gold				target	1		false
t::d001::ENT_91B9F38D0E8D281BF172	ENT_91B9F38D0E8D281BF172	target_d001	COMPOUND	puerarin	false	medical_kg_gold				target	1		false
t::d001::ENT_91D14FB70606C2AD3A12	ENT_91D14FB70606C2AD3A12	target_d001	RISK_FACTOR	staple food intake	false	medical_kg_gold				target	1		false
t::d001::ENT_91E10B0D580C4C2F147F	ENT_91E10B0D580C4C2F147F	target_d001	PROTEIN	platelet surface GPⅥ	false	medical_kg_gold				target	1		false
t::d001::ENT_91E5BDD5D9B7F1992F5E	ENT_91E5BDD5D9B7F1992F5E	target_d001	DRUG	TMXK Tablet	false	medical_kg_gold				target	1		false
t::d001::ENT_91F1B9C845B19ED76D20	ENT_91F1B9C845B19ED76D20	target_d001	GENE	iNOS gene Ser608Leu polymorphism	false	medical_kg_gold				target	1		false
t::d001::ENT_92020F70EFA1290C9330	ENT_92020F70EFA1290C9330	target_d001	LAB_MEASUREMENT	renal size	false	medical_kg_gold				target	1		false
t::d001::ENT_92059525E7F5976760C4	ENT_92059525E7F5976760C4	target_d001	LAB_MEASUREMENT	ISI	false	medical_kg_gold				target	1		false
t::d001::ENT_921CA922D18ACCF373A8	ENT_921CA922D18ACCF373A8	target_d001	PROTEIN	IL-8	false	medical_kg_gold				target	1		false
t::d001::ENT_922F14EE105251405C32	ENT_922F14EE105251405C32	target_d001	OTHER	rs822396	false	medical_kg_gold				target	1		false
t::d001::ENT_923661CE424E20ED98FC	ENT_923661CE424E20ED98FC	target_d001	GENE	high AMY1 copy number	false	medical_kg_gold				target	1		false
t::d001::ENT_9237B6FED51B20E2C545	ENT_9237B6FED51B20E2C545	target_d001	METABOLITE	HС	false	medical_kg_gold				target	1		false
t::d001::ENT_92386BD0EAD13B6C0698	ENT_92386BD0EAD13B6C0698	target_d001	GENE	AdipoR1-102T/G polymorphism	false	medical_kg_gold				target	1		false
t::d001::ENT_92429D791E8C7FC8F0C6	ENT_92429D791E8C7FC8F0C6	target_d001	GENE	single nucleotide polymorphism rs10811661 of CDKN2A/B	false	medical_kg_gold				target	1		false
t::d001::ENT_9254E9DAB3CDF1E5CB6F	ENT_9254E9DAB3CDF1E5CB6F	target_d001	PHENOTYPE	hiperglikemijom	false	medical_kg_gold				target	1		false
t::d001::ENT_926CD74C0B05566FC74A	ENT_926CD74C0B05566FC74A	target_d001	PROTEIN	IL-12	false	medical_kg_gold				target	1		false
t::d001::ENT_9278846CA9B02C0948B8	ENT_9278846CA9B02C0948B8	target_d001	TREATMENT	early individualized therapy strategy mainly based on sulphanylureas and/or biguanides	false	medical_kg_gold				target	1		false
t::d001::ENT_927CB12019143B15E5C7	ENT_927CB12019143B15E5C7	target_d001	DISEASE	foot ulcer	false	medical_kg_gold				target	1		false
t::d001::ENT_9291724BD593846C02FA	ENT_9291724BD593846C02FA	target_d001	RISK_FACTOR	stressful life event	false	medical_kg_gold				target	1		false
t::d001::ENT_9292339835B485A2DDEA	ENT_9292339835B485A2DDEA	target_d001	LAB_MEASUREMENT	serum IGF-1 level	false	medical_kg_gold				target	1		false
t::d001::ENT_9294D80402D451B9C1D6	ENT_9294D80402D451B9C1D6	target_d001	GENE	KCNQ1 gene	false	medical_kg_gold				target	1		false
t::d001::ENT_929B7CB31210206CEC78	ENT_929B7CB31210206CEC78	target_d001	POPULATION	group at risk for HFpEF	false	medical_kg_gold				target	1		false
t::d001::ENT_92A5596D57AF8C43461D	ENT_92A5596D57AF8C43461D	target_d001	PHENOTYPE	adhesion	false	medical_kg_gold				target	1		false
t::d001::ENT_92B0EDA5DDCB3E7FE837	ENT_92B0EDA5DDCB3E7FE837	target_d001	DISEASE	hypo-HDL cholesterolemia	false	medical_kg_gold				target	1		false
t::d001::ENT_92B4D71EF5F4CAA56CAD	ENT_92B4D71EF5F4CAA56CAD	target_d001	OTHER	CRP +1444C/T polymorphism	false	medical_kg_gold				target	1		false
t::d001::ENT_92C181AA6C7534016165	ENT_92C181AA6C7534016165	target_d001	METABOLITE	5-HT	false	medical_kg_gold				target	1		false
t::d001::ENT_92C2BC5788236607C4AA	ENT_92C2BC5788236607C4AA	target_d001	BIOLOGICAL_PROCESS	bone resorption	false	medical_kg_gold				target	1		false
t::d001::ENT_92DAE6075D7A561C6BFE	ENT_92DAE6075D7A561C6BFE	target_d001	BEHAVIOR	sugar addiction	false	medical_kg_gold				target	1		false
t::d001::ENT_92E48FA54813BAFA27F6	ENT_92E48FA54813BAFA27F6	target_d001	CLINICAL_OUTCOME	nontraumatic amputation	false	medical_kg_gold				target	1		false
t::d001::ENT_92E55705BC99133B4537	ENT_92E55705BC99133B4537	target_d001	BIOMARKER	PLR	false	medical_kg_gold				target	1		false
t::d001::ENT_92FD81BD1DE49E7E4BB1	ENT_92FD81BD1DE49E7E4BB1	target_d001	METABOLITE	cholesterol	false	medical_kg_gold				target	1		false
t::d001::ENT_93020604DAE5E7CBEB6F	ENT_93020604DAE5E7CBEB6F	target_d001	LAB_MEASUREMENT	bone density	false	medical_kg_gold				target	1		false
t::d001::ENT_931485D9DE6190F12A46	ENT_931485D9DE6190F12A46	target_d001	DISEASE	heftiness	false	medical_kg_gold				target	1		false
t::d001::ENT_932905175208E0137E63	ENT_932905175208E0137E63	target_d001	LAB_MEASUREMENT	gamma globulin levels	false	medical_kg_gold				target	1		false
t::d001::ENT_933FF77D1E6991E194EE	ENT_933FF77D1E6991E194EE	target_d001	DISEASE	lung cancer	false	medical_kg_gold				target	1		false
t::d001::ENT_9341397C1BD44D5F56F0	ENT_9341397C1BD44D5F56F0	target_d001	CLINICAL_OUTCOME	extent and severity of angiographic CAD	false	medical_kg_gold				target	1		false
t::d001::ENT_93461FAA484851E7C3AC	ENT_93461FAA484851E7C3AC	target_d001	OTHER	R221S and H241P polymorphisms of adiponectin gene	false	medical_kg_gold				target	1		false
t::d001::ENT_934902A6B02A75F7E1D3	ENT_934902A6B02A75F7E1D3	target_d001	CELL	Endothelial Progenitor Cells from peripheral blood	false	medical_kg_gold				target	1		false
t::d001::ENT_935DEC1BC89C5CF071D7	ENT_935DEC1BC89C5CF071D7	target_d001	LAB_MEASUREMENT	CIMT	false	medical_kg_gold				target	1		false
t::d001::ENT_935E8DD383B853A006EF	ENT_935E8DD383B853A006EF	target_d001	POPULATION	females	false	medical_kg_gold				target	1		false
t::d001::ENT_9362AC6BB7883DA3BFA8	ENT_9362AC6BB7883DA3BFA8	target_d001	LAB_MEASUREMENT	T4 level	false	medical_kg_gold				target	1		false
t::d001::ENT_9374C8C207B462964E48	ENT_9374C8C207B462964E48	target_d001	METABOLITE	Saturated fatty acid	false	medical_kg_gold				target	1		false
t::d001::ENT_93808CEA5BD9E6C61472	ENT_93808CEA5BD9E6C61472	target_d001	COMPOUND	4-thiazolinone derivatives	false	medical_kg_gold				target	1		false
t::d001::ENT_9392863442109E41295C	ENT_9392863442109E41295C	target_d001	LAB_MEASUREMENT	1-hour residual volume	false	medical_kg_gold				target	1		false
t::d001::ENT_9393EEED707C6560B5BA	ENT_9393EEED707C6560B5BA	target_d001	LAB_MEASUREMENT	level of hs-CRP	false	medical_kg_gold				target	1		false
t::d001::ENT_93975D92FDADC225C022	ENT_93975D92FDADC225C022	target_d001	PROCEDURE	Electrocardiography	false	medical_kg_gold				target	1		false
t::d001::ENT_9398CEAF61DE0A5DA752	ENT_9398CEAF61DE0A5DA752	target_d001	SYMPTOM	diplopia	false	medical_kg_gold				target	1		false
t::d001::ENT_939EEF94D89FA049A5F1	ENT_939EEF94D89FA049A5F1	target_d001	TREATMENT	combined medication	false	medical_kg_gold				target	1		false
t::d001::ENT_93BD311A323AFF33BC8C	ENT_93BD311A323AFF33BC8C	target_d001	DRUG	empagliflozin	false	medical_kg_gold				target	1		false
t::d001::ENT_93ED025304A1172AE5E2	ENT_93ED025304A1172AE5E2	target_d001	RISK_FACTOR	Hypertension	false	medical_kg_gold				target	1		false
t::d001::ENT_940D5D0C8A99E92C37C1	ENT_940D5D0C8A99E92C37C1	target_d001	PROTEIN	plasma ferritin	false	medical_kg_gold				target	1		false
t::d001::ENT_941DE78EB21FC3E174B3	ENT_941DE78EB21FC3E174B3	target_d001	GENE	Z8	false	medical_kg_gold				target	1		false
t::d001::ENT_941ED9E6FD5BF01527CF	ENT_941ED9E6FD5BF01527CF	target_d001	NUTRIENT	iron	false	medical_kg_gold				target	1		false
t::d001::ENT_9427F63683A5717E9D06	ENT_9427F63683A5717E9D06	target_d001	DISEASE	Ketosis-prone diabetes mellitus	false	medical_kg_gold				target	1		false
t::d001::ENT_944E23BA8DBC3C7874DD	ENT_944E23BA8DBC3C7874DD	target_d001	GENE	PPARGC1A rs8192678(A)	false	medical_kg_gold				target	1		false
t::d001::ENT_94509A3CBB08BA216AF3	ENT_94509A3CBB08BA216AF3	target_d001	GENE	PON2 gene 9 Ser311C→G polymorphism	false	medical_kg_gold				target	1		false
t::d001::ENT_9459670327AE2D05DD92	ENT_9459670327AE2D05DD92	target_d001	PATHWAY	AMPK signaling pathway	false	medical_kg_gold				target	1		false
t::d001::ENT_9460044B7018C9460C60	ENT_9460044B7018C9460C60	target_d001	TREATMENT	three type dialectical therapy	false	medical_kg_gold				target	1		false
t::d001::ENT_94635160C05DD8EBF596	ENT_94635160C05DD8EBF596	target_d001	CLINICAL_OUTCOME	control rates	false	medical_kg_gold				target	1		false
t::d001::ENT_946E4A3DBAC4CCE2DDBB	ENT_946E4A3DBAC4CCE2DDBB	target_d001	METABOLITE	malonaldehyde(MDA) concentration	false	medical_kg_gold				target	1		false
t::d001::ENT_9473FF74C50C7E75A7FF	ENT_9473FF74C50C7E75A7FF	target_d001	PATHWAY	PI3K-Akt signal cascades	false	medical_kg_gold				target	1		false
t::d001::ENT_9489477DC1437BB0FEAD	ENT_9489477DC1437BB0FEAD	target_d001	OTHER	resistin gene -420 C/G polymorphism	false	medical_kg_gold				target	1		false
t::d001::ENT_948A099768DD3D7DB22B	ENT_948A099768DD3D7DB22B	target_d001	GENE	mtDNA 3394 T→C mutation	false	medical_kg_gold				target	1		false
t::d001::ENT_94AED0FD152E16673935	ENT_94AED0FD152E16673935	target_d001	POPULATION	Obese pregnant mothers	false	medical_kg_gold				target	1		false
t::d001::ENT_94C1388C98C186675036	ENT_94C1388C98C186675036	target_d001	OTHER	Enterobacteriaceae	false	medical_kg_gold				target	1		false
t::d001::ENT_94C78965E61525CAD455	ENT_94C78965E61525CAD455	target_d001	GENE	monocyte HO-1 gene expression	false	medical_kg_gold				target	1		false
t::d001::ENT_94C9DE9D0626BA675F6C	ENT_94C9DE9D0626BA675F6C	target_d001	DRUG	linagliptin	false	medical_kg_gold				target	1		false
t::d001::ENT_94CF6208311D629F7348	ENT_94CF6208311D629F7348	target_d001	COMPOUND	ROS	false	medical_kg_gold				target	1		false
t::d001::ENT_94DB04F9CEC21A413D53	ENT_94DB04F9CEC21A413D53	target_d001	COMPOUND	allosteric agonist for the GLP-1R	false	medical_kg_gold				target	1		false
t::d001::ENT_94F8A0D48E8DFE0084F8	ENT_94F8A0D48E8DFE0084F8	target_d001	GENE	ND1 T4216C and ND2 C5178A mutations	false	medical_kg_gold				target	1		false
t::d001::ENT_94FDAD6D11BFBD518EC3	ENT_94FDAD6D11BFBD518EC3	target_d001	GENE	VDR-Fok1	false	medical_kg_gold				target	1		false
t::d001::ENT_95012B5651BDDFCBA16D	ENT_95012B5651BDDFCBA16D	target_d001	BIOMARKER	hydroxyproline	false	medical_kg_gold				target	1		false
t::d001::ENT_95055F3528B20C537CE2	ENT_95055F3528B20C537CE2	target_d001	OTHER	waistline	false	medical_kg_gold				target	1		false
t::d001::ENT_950D5331B21685E116CB	ENT_950D5331B21685E116CB	target_d001	OTHER	I/D polymorphism of ACE gene	false	medical_kg_gold				target	1		false
t::d001::ENT_950E9C489B58F54B66D8	ENT_950E9C489B58F54B66D8	target_d001	CELL	CD34+	false	medical_kg_gold				target	1		false
t::d001::ENT_950EBACE9F4D17A1AE0F	ENT_950EBACE9F4D17A1AE0F	target_d001	BIOMARKER	Serum Lp(a) levels	false	medical_kg_gold				target	1		false
t::d001::ENT_950F2FA212C38651C3DF	ENT_950F2FA212C38651C3DF	target_d001	EXERCISE	Walking	false	medical_kg_gold				target	1		false
t::d001::ENT_950FD5F230DF8C8955C6	ENT_950FD5F230DF8C8955C6	target_d001	PROTEIN	tumor necrosis factor-2	false	medical_kg_gold				target	1		false
t::d001::ENT_9522B47CAFBDB56C6D82	ENT_9522B47CAFBDB56C6D82	target_d001	OTHER	lower treatment targets for lipids	false	medical_kg_gold				target	1		false
t::d001::ENT_9529B29F85AC533E2F35	ENT_9529B29F85AC533E2F35	target_d001	PROTEIN	insulinase activity of erythrocytes (EIA)	false	medical_kg_gold				target	1		false
t::d001::ENT_95381112208969EBCC8B	ENT_95381112208969EBCC8B	target_d001	RISK_FACTOR	risk of thrombosis	false	medical_kg_gold				target	1		false
t::d001::ENT_9538C3C2B680849FF645	ENT_9538C3C2B680849FF645	target_d001	CLINICAL_OUTCOME	Benefits of early insulin usage	false	medical_kg_gold				target	1		false
t::d001::ENT_9538D29D666596EA1130	ENT_9538D29D666596EA1130	target_d001	PHYSIOLOGICAL_PROCESS	insulin resistance or a defective secretion of insulin from the pancreas	false	medical_kg_gold				target	1		false
t::d001::ENT_954605608781B0D6FFD1	ENT_954605608781B0D6FFD1	target_d001	OTHER	HCV 1b	false	medical_kg_gold				target	1		false
t::d001::ENT_954A08829FF8B254664C	ENT_954A08829FF8B254664C	target_d001	DISEASE	CAC	false	medical_kg_gold				target	1		false
t::d001::ENT_954EEB98368EE7CF76E9	ENT_954EEB98368EE7CF76E9	target_d001	TREATMENT	Yiqihuoxue decoction combined with metformin	false	medical_kg_gold				target	1		false
t::d001::ENT_954FA5FDA2D3D0DAD748	ENT_954FA5FDA2D3D0DAD748	target_d001	OTHER	SLC30A8 haploinsufficiency	false	medical_kg_gold				target	1		false
t::d001::ENT_95538A91F0E5D0741D46	ENT_95538A91F0E5D0741D46	target_d001	PROTEIN	Apo(a) phenotypes	false	medical_kg_gold				target	1		false
t::d001::ENT_955A43ED5D5F40D995D4	ENT_955A43ED5D5F40D995D4	target_d001	LAB_MEASUREMENT	Vsys,Vm,Q	false	medical_kg_gold				target	1		false
t::d001::ENT_95626B956C868641B9BD	ENT_95626B956C868641B9BD	target_d001	DISEASE	SH	false	medical_kg_gold				target	1		false
t::d001::ENT_956E90E09B72518BB450	ENT_956E90E09B72518BB450	target_d001	PROTEIN	Autoantibodies against α1 and AT_1-receptor	false	medical_kg_gold				target	1		false
t::d001::ENT_95731940E056A03D8714	ENT_95731940E056A03D8714	target_d001	CLINICAL_OUTCOME	fragility fractures	false	medical_kg_gold				target	1		false
t::d001::ENT_958382BA37A4A4BA9ED2	ENT_958382BA37A4A4BA9ED2	target_d001	BIOMARKER	fasting C-peptide level	false	medical_kg_gold				target	1		false
t::d001::ENT_959281CE0F1924BE2AEA	ENT_959281CE0F1924BE2AEA	target_d001	BIOMARKER	HGF	false	medical_kg_gold				target	1		false
t::d001::ENT_959BF16B18BE4B3DA926	ENT_959BF16B18BE4B3DA926	target_d001	POPULATION	affected women	false	medical_kg_gold				target	1		false
t::d001::ENT_95B22A315448D11267A8	ENT_95B22A315448D11267A8	target_d001	PHENOTYPE	diffusive lesions	false	medical_kg_gold				target	1		false
t::d001::ENT_95B37E229A4D8D5D4377	ENT_95B37E229A4D8D5D4377	target_d001	METABOLITE	PUFA/SFA	false	medical_kg_gold				target	1		false
t::d001::ENT_95B6495C2617DF9EDDBD	ENT_95B6495C2617DF9EDDBD	target_d001	OTHER	sex, religion, educational status, marital status, type of family, type of diet and smoking habit	false	medical_kg_gold				target	1		false
t::d001::ENT_95C2895B10E56EF99DB9	ENT_95C2895B10E56EF99DB9	target_d001	DIET	dietary differences	false	medical_kg_gold				target	1		false
t::d001::ENT_95CEEA0598F285545B5C	ENT_95CEEA0598F285545B5C	target_d001	CELL	EPCs	false	medical_kg_gold				target	1		false
t::d001::ENT_95E2DA9B6F20F01505E4	ENT_95E2DA9B6F20F01505E4	target_d001	PHYSIOLOGICAL_PROCESS	functional reserve and responsiveness to ACTH	false	medical_kg_gold				target	1		false
t::d001::ENT_95E41452EFA9D3CC00FC	ENT_95E41452EFA9D3CC00FC	target_d001	PHENOTYPE	dysfunction of β-cell	false	medical_kg_gold				target	1		false
t::d001::ENT_9603185EE902BA1C8CBD	ENT_9603185EE902BA1C8CBD	target_d001	BIOMARKER	Serum gamma-glutamyl transferase (GGT) activity	false	medical_kg_gold				target	1		false
t::d001::ENT_96046C3A8C30E1B437B7	ENT_96046C3A8C30E1B437B7	target_d001	GENE	calpain 10 SNP43(G/A) polymorphism	false	medical_kg_gold				target	1		false
t::d001::ENT_9615AB5E074D81DA125D	ENT_9615AB5E074D81DA125D	target_d001	PHENOTYPE	coronary plaque burden	false	medical_kg_gold				target	1		false
t::d001::ENT_961719BFDEA4CA2CC091	ENT_961719BFDEA4CA2CC091	target_d001	BIOMARKER	TCH, TG, LDL C and ApoB	false	medical_kg_gold				target	1		false
t::d001::ENT_961E8D709953B526DF57	ENT_961E8D709953B526DF57	target_d001	PHENOTYPE	high cardiovascular risk	false	medical_kg_gold				target	1		false
t::d001::ENT_96243F54612E1CAA7F54	ENT_96243F54612E1CAA7F54	target_d001	PROTEIN	HMGA1	false	medical_kg_gold				target	1		false
t::d001::ENT_962ECAEDF4B500235EB4	ENT_962ECAEDF4B500235EB4	target_d001	PHYSIOLOGICAL_PROCESS	NMD	false	medical_kg_gold				target	1		false
t::d001::ENT_9642FFFCB4D9E773768D	ENT_9642FFFCB4D9E773768D	target_d001	GENE	Mutant CD59	false	medical_kg_gold				target	1		false
t::d001::ENT_9643E7F544E31AF9F40B	ENT_9643E7F544E31AF9F40B	target_d001	LIFESTYLE_FACTOR	Moderate alcohol consumption	false	medical_kg_gold				target	1		false
t::d001::ENT_96595A0C95CCA2B00B11	ENT_96595A0C95CCA2B00B11	target_d001	COMPOUND	serum Ca	false	medical_kg_gold				target	1		false
t::d001::ENT_96766B843255FF11A937	ENT_96766B843255FF11A937	target_d001	OTHER	allele G	false	medical_kg_gold				target	1		false
t::d001::ENT_96769117AF64526269C0	ENT_96769117AF64526269C0	target_d001	BIOMARKER	hepatitis B surface antigen	false	medical_kg_gold				target	1		false
t::d001::ENT_967788430808775F615C	ENT_967788430808775F615C	target_d001	DRUG	chiglitazar	false	medical_kg_gold				target	1		false
t::d001::ENT_967AD72537D7C5510037	ENT_967AD72537D7C5510037	target_d001	DRUG	dapagliflozin	false	medical_kg_gold				target	1		false
t::d001::ENT_967E498C5C1B788EE9C6	ENT_967E498C5C1B788EE9C6	target_d001	BIOMARKER	serum IL-6	false	medical_kg_gold				target	1		false
t::d001::ENT_9686B21E4709BB6B71ED	ENT_9686B21E4709BB6B71ED	target_d001	PROCEDURE	mini-gastric bypass surgery	false	medical_kg_gold				target	1		false
t::d001::ENT_968F06F18AB700A0CE71	ENT_968F06F18AB700A0CE71	target_d001	LAB_MEASUREMENT	△ I30/ △ G30	false	medical_kg_gold				target	1		false
t::d001::ENT_96BD755943D9479B18EA	ENT_96BD755943D9479B18EA	target_d001	DRUG	Yiqi Yangyin Huoxue prescription	false	medical_kg_gold				target	1		false
t::d001::ENT_96D376FF303366CB1EDB	ENT_96D376FF303366CB1EDB	target_d001	DISEASE	metabolism disorder of lipid	false	medical_kg_gold				target	1		false
t::d001::ENT_96D98B6C184093BDA0C9	ENT_96D98B6C184093BDA0C9	target_d001	DISEASE	systemic amyloidosis	false	medical_kg_gold				target	1		false
t::d001::ENT_96E81DA892414CE1F098	ENT_96E81DA892414CE1F098	target_d001	POPULATION	adolescents	false	medical_kg_gold				target	1		false
t::d001::ENT_96E8BE5575C7C4C7E00F	ENT_96E8BE5575C7C4C7E00F	target_d001	PHENOTYPE	tubular dysfunction	false	medical_kg_gold				target	1		false
t::d001::ENT_970178A758AFD305E7D6	ENT_970178A758AFD305E7D6	target_d001	OTHER	Yin Fire pathogenesis	false	medical_kg_gold				target	1		false
t::d001::ENT_970215D08DE65C439B0A	ENT_970215D08DE65C439B0A	target_d001	PROTEIN	IR expression	false	medical_kg_gold				target	1		false
t::d001::ENT_970E36FF83AFB55704FA	ENT_970E36FF83AFB55704FA	target_d001	GENE	Polymorphisms of the upstream transcription factor 1 (USF1)	false	medical_kg_gold				target	1		false
t::d001::ENT_9724DBAAE43C4333DF27	ENT_9724DBAAE43C4333DF27	target_d001	NUTRIENT	CPT	false	medical_kg_gold				target	1		false
t::d001::ENT_9734E25792B686B610BC	ENT_9734E25792B686B610BC	target_d001	DISEASE	central obesity	false	medical_kg_gold				target	1		false
t::d001::ENT_974B2ADD41549C81E4C4	ENT_974B2ADD41549C81E4C4	target_d001	PROTEIN	CAMs	false	medical_kg_gold				target	1		false
t::d001::ENT_974F2876DD12889E31E6	ENT_974F2876DD12889E31E6	target_d001	NUTRIENT	Cu	false	medical_kg_gold				target	1		false
t::d001::ENT_9759C7BAA2F5F4CDDE99	ENT_9759C7BAA2F5F4CDDE99	target_d001	DISEASE	high-grade (grade 3 and 4) HCC	false	medical_kg_gold				target	1		false
t::d001::ENT_9759FB6571DB63B2DA2D	ENT_9759FB6571DB63B2DA2D	target_d001	BIOMARKER	acylated or unacylated ghrelin	false	medical_kg_gold				target	1		false
t::d001::ENT_97699F420BA425A88956	ENT_97699F420BA425A88956	target_d001	PHENOTYPE	ketosis	false	medical_kg_gold				target	1		false
t::d001::ENT_97715B6A46C3E787D447	ENT_97715B6A46C3E787D447	target_d001	PHENOTYPE	construction of Leydig cells	false	medical_kg_gold				target	1		false
t::d001::ENT_977865CA5416DF3B5312	ENT_977865CA5416DF3B5312	target_d001	RISK_FACTOR	rapid compensatory weight gain	false	medical_kg_gold				target	1		false
t::d001::ENT_977CAD3F457AE3AA7B39	ENT_977CAD3F457AE3AA7B39	target_d001	OTHER	in-patient expenditures	false	medical_kg_gold				target	1		false
t::d001::ENT_977DFB6C32231E2A6BD2	ENT_977DFB6C32231E2A6BD2	target_d001	TREATMENT	project combining disease and syndrome	false	medical_kg_gold				target	1		false
t::d001::ENT_97887B40FDBE9B5A1907	ENT_97887B40FDBE9B5A1907	target_d001	PROCEDURE	gastric bypass	false	medical_kg_gold				target	1		false
t::d001::ENT_97942AEF57A59EF608A3	ENT_97942AEF57A59EF608A3	target_d001	LAB_MEASUREMENT	total testosterone(TT)	false	medical_kg_gold				target	1		false
t::d001::ENT_9795203143420AA5D6E3	ENT_9795203143420AA5D6E3	target_d001	LAB_MEASUREMENT	urinary hydroxyproline/creatinine	false	medical_kg_gold				target	1		false
t::d001::ENT_9799B09B2C72BD62556C	ENT_9799B09B2C72BD62556C	target_d001	DISEASE	ischaemic stroke	false	medical_kg_gold				target	1		false
t::d001::ENT_979CF903EC53503FB11E	ENT_979CF903EC53503FB11E	target_d001	CELL	classical monocytes	false	medical_kg_gold				target	1		false
t::d001::ENT_97B4CDAD3A967CB36471	ENT_97B4CDAD3A967CB36471	target_d001	PHENOTYPE	hypercoagulability	false	medical_kg_gold				target	1		false
t::d001::ENT_97B96C8E6F516E8E828E	ENT_97B96C8E6F516E8E828E	target_d001	BIOMARKER	Resistin concentrations	false	medical_kg_gold				target	1		false
t::d001::ENT_97C44F65B5BE1C4D343A	ENT_97C44F65B5BE1C4D343A	target_d001	DRUG	β 3AR agonists	false	medical_kg_gold				target	1		false
t::d001::ENT_97D056C6632467E8252A	ENT_97D056C6632467E8252A	target_d001	CLINICAL_OUTCOME	cavity	false	medical_kg_gold				target	1		false
t::d001::ENT_97D72B81FCA15F475AD1	ENT_97D72B81FCA15F475AD1	target_d001	OTHER	complications	false	medical_kg_gold				target	1		false
t::d001::ENT_97F3E52D2759B1E2C05C	ENT_97F3E52D2759B1E2C05C	target_d001	RISK_FACTOR	family history of type 2 DM	false	medical_kg_gold				target	1		false
t::d001::ENT_97F669C900B413BACE21	ENT_97F669C900B413BACE21	target_d001	OTHER	dysfunction of insulin-signaling transmission	false	medical_kg_gold				target	1		false
t::d001::ENT_9803ADBDA1DEBC001B8C	ENT_9803ADBDA1DEBC001B8C	target_d001	OTHER	deficiency syndrome of both Yin and Yang	false	medical_kg_gold				target	1		false
t::d001::ENT_98058FCDE85004758891	ENT_98058FCDE85004758891	target_d001	LAB_MEASUREMENT	total antioxidant status	false	medical_kg_gold				target	1		false
t::d001::ENT_9818A8A3772A3EF9E425	ENT_9818A8A3772A3EF9E425	target_d001	DISEASE	multivessel or severe stenosis	false	medical_kg_gold				target	1		false
t::d001::ENT_98314B62479CFFE6148A	ENT_98314B62479CFFE6148A	target_d001	DRUG	glipizide plus acarbose	false	medical_kg_gold				target	1		false
t::d001::ENT_9843F568D93213BA5B7E	ENT_9843F568D93213BA5B7E	target_d001	GENE	apM1 45 SNP	false	medical_kg_gold				target	1		false
t::d001::ENT_9845DEDE27FE2330353A	ENT_9845DEDE27FE2330353A	target_d001	LAB_MEASUREMENT	BE	false	medical_kg_gold				target	1		false
t::d001::ENT_9848DAF312C6F72A9E66	ENT_9848DAF312C6F72A9E66	target_d001	COMPOUND	SDE	false	medical_kg_gold				target	1		false
t::d001::ENT_984F9F6C050B00D8AD53	ENT_984F9F6C050B00D8AD53	target_d001	GENE	SYT14	false	medical_kg_gold				target	1		false
t::d001::ENT_985AA1CFC356F4C396BC	ENT_985AA1CFC356F4C396BC	target_d001	LIFESTYLE_FACTOR	Sleep restriction	false	medical_kg_gold				target	1		false
t::d001::ENT_987361580A004496B99D	ENT_987361580A004496B99D	target_d001	METABOLITE	Lipids	false	medical_kg_gold				target	1		false
t::d001::ENT_98777775D164E2A91492	ENT_98777775D164E2A91492	target_d001	OTHER	insulin receptor substrate-1 gene G?A (Gly 972 Arg) SNP	false	medical_kg_gold				target	1		false
t::d001::ENT_98834536CD14E52AEB08	ENT_98834536CD14E52AEB08	target_d001	PHENOTYPE	preterm birth	false	medical_kg_gold				target	1		false
t::d001::ENT_9884F830F5A38F2ED30B	ENT_9884F830F5A38F2ED30B	target_d001	OTHER	AG-genotype	false	medical_kg_gold				target	1		false
t::d001::ENT_988572207AF07B9B9086	ENT_988572207AF07B9B9086	target_d001	CLINICAL_OUTCOME	mean survival	false	medical_kg_gold				target	1		false
t::d001::ENT_988ADFAF61B6B47D5FD2	ENT_988ADFAF61B6B47D5FD2	target_d001	PHENOTYPE	high levels of LDL, Triglycerides and low levels of HDL	false	medical_kg_gold				target	1		false
t::d001::ENT_989391F0C4BE9B5DFF05	ENT_989391F0C4BE9B5DFF05	target_d001	PHENOTYPE	hereditary beta-cell dysfunction	false	medical_kg_gold				target	1		false
t::d001::ENT_98952154D89F646D2049	ENT_98952154D89F646D2049	target_d001	DISEASE	diastolic dysfunction	false	medical_kg_gold				target	1		false
t::d001::ENT_9898478739EB6DD9A2F9	ENT_9898478739EB6DD9A2F9	target_d001	TREATMENT	gastric bypass surgery	false	medical_kg_gold				target	1		false
t::d001::ENT_98A4CF0D134A0599713D	ENT_98A4CF0D134A0599713D	target_d001	BEHAVIOR	performing sedentary physical activity	false	medical_kg_gold				target	1		false
t::d001::ENT_98B172694623A52C6800	ENT_98B172694623A52C6800	target_d001	PHENOTYPE	perseveration errors	false	medical_kg_gold				target	1		false
t::d001::ENT_98B1A56E4563795F0877	ENT_98B1A56E4563795F0877	target_d001	BIOMARKER	serum IGF-I	false	medical_kg_gold				target	1		false
t::d001::ENT_98C485D492C2812D8958	ENT_98C485D492C2812D8958	target_d001	LAB_MEASUREMENT	AU	false	medical_kg_gold				target	1		false
t::d001::ENT_98C5D218CBDA553F5573	ENT_98C5D218CBDA553F5573	target_d001	PROTEIN	PD-ECGF	false	medical_kg_gold				target	1		false
t::d001::ENT_98DB0109E166E30AA42E	ENT_98DB0109E166E30AA42E	target_d001	DRUG	insulin	false	medical_kg_gold				target	1		false
t::d001::ENT_98E04D505EEB0E06E36D	ENT_98E04D505EEB0E06E36D	target_d001	BIOMARKER	serum GGT	false	medical_kg_gold				target	1		false
t::d001::ENT_98E2331DE55A452C9AB1	ENT_98E2331DE55A452C9AB1	target_d001	GENE	allele C	false	medical_kg_gold				target	1		false
t::d001::ENT_98E34F24A78196650BC4	ENT_98E34F24A78196650BC4	target_d001	BIOMARKER	super-serum C-reactive protein	false	medical_kg_gold				target	1		false
t::d001::ENT_98FD3B0044CA37AA6E66	ENT_98FD3B0044CA37AA6E66	target_d001	DISEASE	cardiovascular complications	false	medical_kg_gold				target	1		false
t::d001::ENT_990EA3F3BB9027FBF4BE	ENT_990EA3F3BB9027FBF4BE	target_d001	LAB_MEASUREMENT	blood high and low sheer-reduced viscosity	false	medical_kg_gold				target	1		false
t::d001::ENT_991254504482EAD2C521	ENT_991254504482EAD2C521	target_d001	LAB_MEASUREMENT	LAVIp	false	medical_kg_gold				target	1		false
t::d001::ENT_9925D93B1C1663BD94BD	ENT_9925D93B1C1663BD94BD	target_d001	OTHER	autoimunska komponenta	false	medical_kg_gold				target	1		false
t::d001::ENT_99325E20BA4825C61EE1	ENT_99325E20BA4825C61EE1	target_d001	PHENOTYPE	impaired insulin secretion by cells	false	medical_kg_gold				target	1		false
t::d001::ENT_99383FF4D3B580D64FA9	ENT_99383FF4D3B580D64FA9	target_d001	DISEASE	metabolic syndrome	false	medical_kg_gold				target	1		false
t::d001::ENT_9955CB36E8760CB3A49A	ENT_9955CB36E8760CB3A49A	target_d001	POPULATION	39-year-old male	false	medical_kg_gold				target	1		false
t::d001::ENT_9957D05C0750D4995E9A	ENT_9957D05C0750D4995E9A	target_d001	PROTEIN	Retinol-binding protein 4	false	medical_kg_gold				target	1		false
t::d001::ENT_996BED192291A44E8ECB	ENT_996BED192291A44E8ECB	target_d001	POPULATION	some ethnicities/racial groups	false	medical_kg_gold				target	1		false
t::d001::ENT_9977C8C91D203F2277CB	ENT_9977C8C91D203F2277CB	target_d001	DRUG	insulin glargine combined with repaglinide	false	medical_kg_gold				target	1		false
t::d001::ENT_997B79437F4ACFF1A937	ENT_997B79437F4ACFF1A937	target_d001	DRUG	exendin-4	false	medical_kg_gold				target	1		false
t::d001::ENT_997BA126D4C51A2C7CC7	ENT_997BA126D4C51A2C7CC7	target_d001	DISEASE	atherosclerotic plaque in lower extremity arteries	false	medical_kg_gold				target	1		false
t::d001::ENT_9980A016155D3F15E7E7	ENT_9980A016155D3F15E7E7	target_d001	TREATMENT	targeting of deregulated 'disallowed genes'	false	medical_kg_gold				target	1		false
t::d001::ENT_9988DF94F03632075D18	ENT_9988DF94F03632075D18	target_d001	BIOMARKER	LDL pattern B	false	medical_kg_gold				target	1		false
t::d001::ENT_998CE5CF0EE7E2A37667	ENT_998CE5CF0EE7E2A37667	target_d001	RISK_FACTOR	central adiposity	false	medical_kg_gold				target	1		false
t::d001::ENT_998F0FAA74BCC9F3FC9C	ENT_998F0FAA74BCC9F3FC9C	target_d001	DRUG	recombinant GLP-1 analogue peptide PP-h\GLP-1	false	medical_kg_gold				target	1		false
t::d001::ENT_99A09399F33872F33C88	ENT_99A09399F33872F33C88	target_d001	TREATMENT	insulin therapy	false	medical_kg_gold				target	1		false
t::d001::ENT_99ABC555ABEE0ECFD2AC	ENT_99ABC555ABEE0ECFD2AC	target_d001	PHENOTYPE	amyloid material	false	medical_kg_gold				target	1		false
t::d001::ENT_99B4F1A869F24E00B309	ENT_99B4F1A869F24E00B309	target_d001	OTHER	rs1799854 t/t polymorphisms of ABCC8 gene	false	medical_kg_gold				target	1		false
t::d001::ENT_99C56409140F0FC3B73A	ENT_99C56409140F0FC3B73A	target_d001	BIOMARKER	UCP2 -866A/A genotype	false	medical_kg_gold				target	1		false
t::d001::ENT_99D035C83FBF042BBA07	ENT_99D035C83FBF042BBA07	target_d001	LAB_MEASUREMENT	retinal contrast sensitivity	false	medical_kg_gold				target	1		false
t::d001::ENT_99D17114B684DE8F58B0	ENT_99D17114B684DE8F58B0	target_d001	BIOMARKER	serum CysC	false	medical_kg_gold				target	1		false
t::d001::ENT_99D3C122AEC727A4658F	ENT_99D3C122AEC727A4658F	target_d001	OTHER	deviation from the standard sequence in Cyt-b	false	medical_kg_gold				target	1		false
t::d001::ENT_99DE3CDD811DCF25821B	ENT_99DE3CDD811DCF25821B	target_d001	DRUG	oral antidiabetics	false	medical_kg_gold				target	1		false
t::d001::ENT_99EB2D7932ACD6F304A1	ENT_99EB2D7932ACD6F304A1	target_d001	PROTEIN	hepatitis B e antigen	false	medical_kg_gold				target	1		false
t::d001::ENT_99EE0A5216A61C900240	ENT_99EE0A5216A61C900240	target_d001	GENE	FTO gene polymorphism	false	medical_kg_gold				target	1		false
t::d001::ENT_9A11115CCED2369FF222	ENT_9A11115CCED2369FF222	target_d001	LAB_MEASUREMENT	HbA1c	false	medical_kg_gold				target	1		false
t::d001::ENT_9A13CCD001D2D222CD37	ENT_9A13CCD001D2D222CD37	target_d001	PHENOTYPE	endothelin dysfunction	false	medical_kg_gold				target	1		false
t::d001::ENT_9A13EE370BFB1AA7AFD1	ENT_9A13EE370BFB1AA7AFD1	target_d001	PHENOTYPE	SD	false	medical_kg_gold				target	1		false
t::d001::ENT_9A194D634E7510E42040	ENT_9A194D634E7510E42040	target_d001	PROTEIN	total NOS	false	medical_kg_gold				target	1		false
t::d001::ENT_9A1A4BB2D741EACA5721	ENT_9A1A4BB2D741EACA5721	target_d001	DISEASE	breast cancer	false	medical_kg_gold				target	1		false
t::d001::ENT_9A27055C2D0C24CA1730	ENT_9A27055C2D0C24CA1730	target_d001	PROCEDURE	LRYGB surgery	false	medical_kg_gold				target	1		false
t::d001::ENT_9A2CED336B87460E33FE	ENT_9A2CED336B87460E33FE	target_d001	LAB_MEASUREMENT	lower limb SEP latency	false	medical_kg_gold				target	1		false
t::d001::ENT_9A48770B941A6943629A	ENT_9A48770B941A6943629A	target_d001	BIOMARKER	triglyceride levels	false	medical_kg_gold				target	1		false
t::d001::ENT_9A7555ABD092CC15CF45	ENT_9A7555ABD092CC15CF45	target_d001	BIOMARKER	β2-MG	false	medical_kg_gold				target	1		false
t::d001::ENT_9A7CD92B549314459ED7	ENT_9A7CD92B549314459ED7	target_d001	DISEASE	glaucomatous optic neuropathy	false	medical_kg_gold				target	1		false
t::d001::ENT_9A8FE30B551EF2A66FBB	ENT_9A8FE30B551EF2A66FBB	target_d001	OTHER	polymorphism of I / D of ACE gene	false	medical_kg_gold				target	1		false
t::d001::ENT_9A93E3F3FEF96F0C63C4	ENT_9A93E3F3FEF96F0C63C4	target_d001	LAB_MEASUREMENT	bone density of the femora and lumbar vertebrae	false	medical_kg_gold				target	1		false
t::d001::ENT_9A9D8B964818031ED761	ENT_9A9D8B964818031ED761	target_d001	BIOMARKER	plasma IL-6 level	false	medical_kg_gold				target	1		false
t::d001::ENT_9A9F2549F1B0ECFFE3CF	ENT_9A9F2549F1B0ECFFE3CF	target_d001	BIOMARKER	level of PI in the fasting sera	false	medical_kg_gold				target	1		false
t::d001::ENT_9AA4AAD1C41D4109DF6C	ENT_9AA4AAD1C41D4109DF6C	target_d001	CLINICAL_OUTCOME	mortality and morbidity	false	medical_kg_gold				target	1		false
t::d001::ENT_9AAC970DD20398D54E64	ENT_9AAC970DD20398D54E64	target_d001	DRUG	Liraglutide	false	medical_kg_gold				target	1		false
t::d001::ENT_9AB7A94D17DA7321A857	ENT_9AB7A94D17DA7321A857	target_d001	DRUG	GLP-1 analogues	false	medical_kg_gold				target	1		false
t::d001::ENT_9AB93C2E374F20B0EF30	ENT_9AB93C2E374F20B0EF30	target_d001	TISSUE	capillaries	false	medical_kg_gold				target	1		false
t::d001::ENT_9ADFF8331FB25E655F74	ENT_9ADFF8331FB25E655F74	target_d001	LAB_MEASUREMENT	ABP	false	medical_kg_gold				target	1		false
t::d001::ENT_9AF0BB5744A5B3747A3F	ENT_9AF0BB5744A5B3747A3F	target_d001	DIET	Poor fetal nutrition	false	medical_kg_gold				target	1		false
t::d001::ENT_9AF3A9947EE1CDA99DF4	ENT_9AF3A9947EE1CDA99DF4	target_d001	METABOLITE	LCACoAs	false	medical_kg_gold				target	1		false
t::d001::ENT_9AFAF81A86373EBA65C6	ENT_9AFAF81A86373EBA65C6	target_d001	BIOMARKER	aTG	false	medical_kg_gold				target	1		false
t::d001::ENT_9B18109406DD0B46398A	ENT_9B18109406DD0B46398A	target_d001	PHYSIOLOGICAL_PROCESS	lung function	false	medical_kg_gold				target	1		false
t::d001::ENT_9B20DBB4901EE62B0267	ENT_9B20DBB4901EE62B0267	target_d001	TREATMENT	DPP4 vaccine	false	medical_kg_gold				target	1		false
t::d001::ENT_9B33AFEB08AA69D9ED4C	ENT_9B33AFEB08AA69D9ED4C	target_d001	LAB_MEASUREMENT	mALB/Cr	false	medical_kg_gold				target	1		false
t::d001::ENT_9B37755C6F920584A299	ENT_9B37755C6F920584A299	target_d001	BIOMARKER	plasma UCN3 levels	false	medical_kg_gold				target	1		false
t::d001::ENT_9B440BC3148968CFBC8D	ENT_9B440BC3148968CFBC8D	target_d001	POPULATION	People with diabetes	false	medical_kg_gold				target	1		false
t::d001::ENT_9B4538C07467B8F1F674	ENT_9B4538C07467B8F1F674	target_d001	RISK_FACTOR	genetic and environmental factors	false	medical_kg_gold				target	1		false
t::d001::ENT_9B5B9FA07323A7925B6A	ENT_9B5B9FA07323A7925B6A	target_d001	PROTEIN	serum matrix metalloproteinase-9	false	medical_kg_gold				target	1		false
t::d001::ENT_9B62D19FFCA796D35D15	ENT_9B62D19FFCA796D35D15	target_d001	DRUG	sulphonylureas	false	medical_kg_gold				target	1		false
t::d001::ENT_9B73B3B86CD4EB13DBAF	ENT_9B73B3B86CD4EB13DBAF	target_d001	OTHER	high extracellular water content	false	medical_kg_gold				target	1		false
t::d001::ENT_9B7875B48024E80DB7E1	ENT_9B7875B48024E80DB7E1	target_d001	OTHER	SDF-1β 3'A poly morphis m	false	medical_kg_gold				target	1		false
t::d001::ENT_9B7E63C95D576D06B6BE	ENT_9B7E63C95D576D06B6BE	target_d001	LIFESTYLE_FACTOR	decreasing amount of physical activity	false	medical_kg_gold				target	1		false
t::d001::ENT_9B84C1E2396920CF6F58	ENT_9B84C1E2396920CF6F58	target_d001	RISK_FACTOR	obesity epidemic	false	medical_kg_gold				target	1		false
t::d001::ENT_9B86F551D3DDDCAD9C32	ENT_9B86F551D3DDDCAD9C32	target_d001	CLINICAL_OUTCOME	adverse fetal outcome	false	medical_kg_gold				target	1		false
t::d001::ENT_9B9058201BE7D7C5AC2F	ENT_9B9058201BE7D7C5AC2F	target_d001	OTHER	A-β-	false	medical_kg_gold				target	1		false
t::d001::ENT_9B95793EE2B359389F0E	ENT_9B95793EE2B359389F0E	target_d001	BIOMARKER	serum leptin	false	medical_kg_gold				target	1		false
t::d001::ENT_9BA985B32348404FF91F	ENT_9BA985B32348404FF91F	target_d001	DISEASE	complex, chronic metabolic disease	false	medical_kg_gold				target	1		false
t::d001::ENT_9BB8C6F927F015322E58	ENT_9BB8C6F927F015322E58	target_d001	PHYSIOLOGICAL_PROCESS	endothelium-dependent vasodilation	false	medical_kg_gold				target	1		false
t::d001::ENT_9BC95899875E9B52A059	ENT_9BC95899875E9B52A059	target_d001	PHYSIOLOGICAL_PROCESS	dilatory reactivity of aortic rings	false	medical_kg_gold				target	1		false
t::d001::ENT_9BD27573F1C1FB520C63	ENT_9BD27573F1C1FB520C63	target_d001	LAB_MEASUREMENT	Triglycerides (mg/dL)	false	medical_kg_gold				target	1		false
t::d001::ENT_9BEA533F4BDD4DC2D8E1	ENT_9BEA533F4BDD4DC2D8E1	target_d001	METABOLITE	fasting blood glucose(FBG)	false	medical_kg_gold				target	1		false
t::d001::ENT_9BEC930FAA6FA7C23742	ENT_9BEC930FAA6FA7C23742	target_d001	OTHER	PC-1 gene exon 4 121Q polymorphism	false	medical_kg_gold				target	1		false
t::d001::ENT_9BFDB12B7E09FCF3FCDD	ENT_9BFDB12B7E09FCF3FCDD	target_d001	PHENOTYPE	coronary artery lesions	false	medical_kg_gold				target	1		false
t::d001::ENT_9C0663EB3B134FE7F212	ENT_9C0663EB3B134FE7F212	target_d001	LAB_MEASUREMENT	HDL	false	medical_kg_gold				target	1		false
t::d001::ENT_9C07EE78DB6D103A3522	ENT_9C07EE78DB6D103A3522	target_d001	DISEASE	left ventricular diastolic dysfunction	false	medical_kg_gold				target	1		false
t::d001::ENT_9C111F2002661FCD2644	ENT_9C111F2002661FCD2644	target_d001	OTHER	rs1137101 polymorphism of the LEPR gene	false	medical_kg_gold				target	1		false
t::d001::ENT_9C17E03CB4506E7CBC2D	ENT_9C17E03CB4506E7CBC2D	target_d001	GENE	PDX-1 m RNA	false	medical_kg_gold				target	1		false
t::d001::ENT_9C1AB79069F1AEC16AD5	ENT_9C1AB79069F1AEC16AD5	target_d001	PHENOTYPE	limited joint motion	false	medical_kg_gold				target	1		false
t::d001::ENT_9C1B2E8D6E1F6BCEDA51	ENT_9C1B2E8D6E1F6BCEDA51	target_d001	PROTEIN	c-jun	false	medical_kg_gold				target	1		false
t::d001::ENT_9C1E66C82B413F5320D0	ENT_9C1E66C82B413F5320D0	target_d001	BEHAVIOR	food neophobia	false	medical_kg_gold				target	1		false
t::d001::ENT_9C274D49356B1AB842A1	ENT_9C274D49356B1AB842A1	target_d001	PHENOTYPE	OS	false	medical_kg_gold				target	1		false
t::d001::ENT_9C2A211D96984000D035	ENT_9C2A211D96984000D035	target_d001	BIOMARKER	CRP,SIL-2R,IL-6 and TGF-β1	false	medical_kg_gold				target	1		false
t::d001::ENT_9C2DBBA91BE1464138F6	ENT_9C2DBBA91BE1464138F6	target_d001	PHENOTYPE	W	false	medical_kg_gold				target	1		false
t::d001::ENT_9C2EA89357B016C20270	ENT_9C2EA89357B016C20270	target_d001	LAB_MEASUREMENT	ST	false	medical_kg_gold				target	1		false
t::d001::ENT_9C313DB7C089F4057978	ENT_9C313DB7C089F4057978	target_d001	PHENOTYPE	overw eight	false	medical_kg_gold				target	1		false
t::d001::ENT_9C334F6CBA03EBE5F514	ENT_9C334F6CBA03EBE5F514	target_d001	GENE	R1587K polymorphism of ABCA1 gene	false	medical_kg_gold				target	1		false
t::d001::ENT_9C34E246A1CEF3A01F95	ENT_9C34E246A1CEF3A01F95	target_d001	DISEASE	cholelithiasis	false	medical_kg_gold				target	1		false
t::d001::ENT_9C35897E9C8C1A1A12F0	ENT_9C35897E9C8C1A1A12F0	target_d001	BIOMARKER	acoustic features	false	medical_kg_gold				target	1		false
t::d001::ENT_9C38349632D654E83E80	ENT_9C38349632D654E83E80	target_d001	OTHER	this polymorphism	false	medical_kg_gold				target	1		false
t::d001::ENT_9C5096ECB78509CA657D	ENT_9C5096ECB78509CA657D	target_d001	BIOMARKER	serum malondialdehyde levels	false	medical_kg_gold				target	1		false
t::d001::ENT_9C51BE62BF3647902A6A	ENT_9C51BE62BF3647902A6A	target_d001	DIET	Whole grain and cereal fiber intake	false	medical_kg_gold				target	1		false
t::d001::ENT_9C592403E8D1F0682830	ENT_9C592403E8D1F0682830	target_d001	NUTRIENT	zinc	false	medical_kg_gold				target	1		false
t::d001::ENT_9C897F151DE2529CD263	ENT_9C897F151DE2529CD263	target_d001	DISEASE	three branches lesions	false	medical_kg_gold				target	1		false
t::d001::ENT_9C95B0A0D542822BF710	ENT_9C95B0A0D542822BF710	target_d001	PHENOTYPE	impaired multimerization of adiponectin	false	medical_kg_gold				target	1		false
t::d001::ENT_9CBE0F654BF7C88B7D93	ENT_9CBE0F654BF7C88B7D93	target_d001	DRUG	Insulin and insulin analogues	false	medical_kg_gold				target	1		false
t::d001::ENT_9CBF1B9768FD8C57D17B	ENT_9CBF1B9768FD8C57D17B	target_d001	METABOLITE	serum free fatty acids	false	medical_kg_gold				target	1		false
t::d001::ENT_9CC028152DF8A7BAD1D3	ENT_9CC028152DF8A7BAD1D3	target_d001	OTHER	G	false	medical_kg_gold				target	1		false
t::d001::ENT_9CC3841602F2433B1EC6	ENT_9CC3841602F2433B1EC6	target_d001	GENE	polymorphism-SNP44 of Calpain10 gene	false	medical_kg_gold				target	1		false
t::d001::ENT_9CC5FC373236497EE395	ENT_9CC5FC373236497EE395	target_d001	RISK_FACTOR	body weight	false	medical_kg_gold				target	1		false
t::d001::ENT_9CC6FB1A39143304E9EB	ENT_9CC6FB1A39143304E9EB	target_d001	OTHER	PCK1 Leu184Val polymorphism	false	medical_kg_gold				target	1		false
t::d001::ENT_9CC8ED077AC35F9A50F4	ENT_9CC8ED077AC35F9A50F4	target_d001	BEHAVIOR	Breastfeeding	false	medical_kg_gold				target	1		false
t::d001::ENT_9CDAEB608EF4733411C8	ENT_9CDAEB608EF4733411C8	target_d001	OTHER	TNF-α-308 polymorphism	false	medical_kg_gold				target	1		false
t::d001::ENT_9CE59F815D12EC3CD894	ENT_9CE59F815D12EC3CD894	target_d001	BIOMARKER	PI	false	medical_kg_gold				target	1		false
t::d001::ENT_9CF02861A6B607D6566B	ENT_9CF02861A6B607D6566B	target_d001	DIET	Diet consisting of high percentage of fat	false	medical_kg_gold				target	1		false
t::d001::ENT_9CF7F9CF59A52DE1C29C	ENT_9CF7F9CF59A52DE1C29C	target_d001	PHENOTYPE	pre-diabetic state	false	medical_kg_gold				target	1		false
t::d001::ENT_9CFF67CF60E9FD6ABF83	ENT_9CFF67CF60E9FD6ABF83	target_d001	PHENOTYPE	diffuse change	false	medical_kg_gold				target	1		false
t::d001::ENT_9D026CD2345A5C5ABDF2	ENT_9D026CD2345A5C5ABDF2	target_d001	COMPOUND	serum cortisol	false	medical_kg_gold				target	1		false
t::d001::ENT_9D0CDCA1192D2B1A555B	ENT_9D0CDCA1192D2B1A555B	target_d001	LAB_MEASUREMENT	higher TG	false	medical_kg_gold				target	1		false
t::d001::ENT_9D17B40C2ECA5EA4326E	ENT_9D17B40C2ECA5EA4326E	target_d001	RISK_FACTOR	positive family history	false	medical_kg_gold				target	1		false
t::d001::ENT_9D1B4F1BFE702D229B40	ENT_9D1B4F1BFE702D229B40	target_d001	TREATMENT	sitagliptin plus metformin	false	medical_kg_gold				target	1		false
t::d001::ENT_9D23E3AA15B708ECB240	ENT_9D23E3AA15B708ECB240	target_d001	BIOMARKER	IL-8	false	medical_kg_gold				target	1		false
t::d001::ENT_9D5F8E99D5A60C9E4A6F	ENT_9D5F8E99D5A60C9E4A6F	target_d001	DISEASE	AP	false	medical_kg_gold				target	1		false
t::d001::ENT_9D74E28C9430320B36E2	ENT_9D74E28C9430320B36E2	target_d001	LAB_MEASUREMENT	nocturnal blood pressure	false	medical_kg_gold				target	1		false
t::d001::ENT_9D750D0EF51CE8E72E39	ENT_9D750D0EF51CE8E72E39	target_d001	LAB_MEASUREMENT	postprandial HDL-C	false	medical_kg_gold				target	1		false
t::d001::ENT_9D7EC1F7B368873D33C8	ENT_9D7EC1F7B368873D33C8	target_d001	ENVIRONMENTAL_EXPOSURE	infection of C.pn	false	medical_kg_gold				target	1		false
t::d001::ENT_9D97E83A4104556AF172	ENT_9D97E83A4104556AF172	target_d001	OTHER	Gensini scores	false	medical_kg_gold				target	1		false
t::d001::ENT_9DA0E66D3F2841B603EC	ENT_9DA0E66D3F2841B603EC	target_d001	BIOMARKER	serum ferritin level	false	medical_kg_gold				target	1		false
t::d001::ENT_9DB8AB835E4553015C12	ENT_9DB8AB835E4553015C12	target_d001	LAB_MEASUREMENT	vital capacity	false	medical_kg_gold				target	1		false
t::d001::ENT_9DC391FBBAF8AD6DA7A7	ENT_9DC391FBBAF8AD6DA7A7	target_d001	PROCEDURE	improved technique	false	medical_kg_gold				target	1		false
t::d001::ENT_9DC459019F6A4555D682	ENT_9DC459019F6A4555D682	target_d001	TREATMENT	pharmacologic therapies	false	medical_kg_gold				target	1		false
t::d001::ENT_9DCB3BABBA57F50939C1	ENT_9DCB3BABBA57F50939C1	target_d001	BIOMARKER	serum resistin	false	medical_kg_gold				target	1		false
t::d001::ENT_9DCE7CAA664ED44E3A4C	ENT_9DCE7CAA664ED44E3A4C	target_d001	LAB_MEASUREMENT	femoral inner-diameter	false	medical_kg_gold				target	1		false
t::d001::ENT_9DDF529CEC320D65542E	ENT_9DDF529CEC320D65542E	target_d001	RISK_FACTOR	ethnicity	false	medical_kg_gold				target	1		false
t::d001::ENT_9E0016C85A9DE1E30D04	ENT_9E0016C85A9DE1E30D04	target_d001	PHENOTYPE	insufficient insulin production and insulin resistance	false	medical_kg_gold				target	1		false
t::d001::ENT_9E027163C4DBDB85B61E	ENT_9E027163C4DBDB85B61E	target_d001	PHENOTYPE	Waist-to-hip ratio	false	medical_kg_gold				target	1		false
t::d001::ENT_9E0F29CFE26779013166	ENT_9E0F29CFE26779013166	target_d001	PHYSIOLOGICAL_PROCESS	Sympathetic nerve hyperactivity	false	medical_kg_gold				target	1		false
t::d001::ENT_9E10197AABBCACD74959	ENT_9E10197AABBCACD74959	target_d001	LAB_MEASUREMENT	low testosterone level	false	medical_kg_gold				target	1		false
t::d001::ENT_9E10F48E883CA6D3D5A4	ENT_9E10F48E883CA6D3D5A4	target_d001	BIOMARKER	quantity of nerve tissue	false	medical_kg_gold				target	1		false
t::d001::ENT_9E15F15EE2E7F975F976	ENT_9E15F15EE2E7F975F976	target_d001	BIOMARKER	plasma TAOC	false	medical_kg_gold				target	1		false
t::d001::ENT_9E249423BCAE742EB817	ENT_9E249423BCAE742EB817	target_d001	LAB_MEASUREMENT	HOMR-IR	false	medical_kg_gold				target	1		false
t::d001::ENT_9E4173A8B27E5B7568B3	ENT_9E4173A8B27E5B7568B3	target_d001	DRUG	combination of sibutramine and metformine (Reduxin®Met)	false	medical_kg_gold				target	1		false
t::d001::ENT_9E55F344A3C56A3DDC9F	ENT_9E55F344A3C56A3DDC9F	target_d001	LAB_MEASUREMENT	HOMA 2	false	medical_kg_gold				target	1		false
t::d001::ENT_9E5A878FF7526D161BF3	ENT_9E5A878FF7526D161BF3	target_d001	ENVIRONMENTAL_EXPOSURE	prior infection with viral and bacterial pathogens	false	medical_kg_gold				target	1		false
t::d001::ENT_9E75D2557380A22C4F24	ENT_9E75D2557380A22C4F24	target_d001	DISEASE	DVD	false	medical_kg_gold				target	1		false
t::d001::ENT_9E7AEEBD40CDE5DFE2E4	ENT_9E7AEEBD40CDE5DFE2E4	target_d001	LAB_MEASUREMENT	RBC deformation index	false	medical_kg_gold				target	1		false
t::d001::ENT_9E7E648F8C9E3B00EFA5	ENT_9E7E648F8C9E3B00EFA5	target_d001	COMPOUND	Glucose	false	medical_kg_gold				target	1		false
t::d001::ENT_9E84E8E0678F73D3197D	ENT_9E84E8E0678F73D3197D	target_d001	BIOMARKER	Serum PEDF level	false	medical_kg_gold				target	1		false
t::d001::ENT_9E8AB33966D7DE3E85E6	ENT_9E8AB33966D7DE3E85E6	target_d001	RISK_FACTOR	high fasting glucose	false	medical_kg_gold				target	1		false
t::d001::ENT_9E8C35DA6CD1512B318B	ENT_9E8C35DA6CD1512B318B	target_d001	DRUG	insulin aspart	false	medical_kg_gold				target	1		false
t::d001::ENT_9E901847FFBAC1F231E9	ENT_9E901847FFBAC1F231E9	target_d001	LAB_MEASUREMENT	serum triglyceride	false	medical_kg_gold				target	1		false
t::d001::ENT_9EA4AAA6F2F74A75BD26	ENT_9EA4AAA6F2F74A75BD26	target_d001	METABOLITE	high density lipoprotein(HDL)	false	medical_kg_gold				target	1		false
t::d001::ENT_9EB780CBF78AAAB119AC	ENT_9EB780CBF78AAAB119AC	target_d001	LIFESTYLE_FACTOR	alcohol consumption	false	medical_kg_gold				target	1		false
t::d001::ENT_9EBD1444CE88DD7BEBC7	ENT_9EBD1444CE88DD7BEBC7	target_d001	BIOMARKER	IL-2	false	medical_kg_gold				target	1		false
t::d001::ENT_9ECF5EFB609EA2F712A1	ENT_9ECF5EFB609EA2F712A1	target_d001	DRUG	glimepiride	false	medical_kg_gold				target	1		false
t::d001::ENT_9ED0F143406D83F04B3E	ENT_9ED0F143406D83F04B3E	target_d001	PHENOTYPE	Obstruction of plasma lipid metabolism	false	medical_kg_gold				target	1		false
t::d001::ENT_9ED59880906942CD6C4F	ENT_9ED59880906942CD6C4F	target_d001	OTHER	A4 allele	false	medical_kg_gold				target	1		false
t::d001::ENT_9EE0BAE4CE8D137AFB20	ENT_9EE0BAE4CE8D137AFB20	target_d001	EXERCISE	take exercises	false	medical_kg_gold				target	1		false
t::d001::ENT_9EF6359D1F5F4E2E8502	ENT_9EF6359D1F5F4E2E8502	target_d001	PATHWAY	MMP system	false	medical_kg_gold				target	1		false
t::d001::ENT_9F147AF33AC207BC0541	ENT_9F147AF33AC207BC0541	target_d001	OTHER	combined effect among rs2802288, rs8192678 and ageing	false	medical_kg_gold				target	1		false
t::d001::ENT_9F17AAB517AF7F3C466F	ENT_9F17AAB517AF7F3C466F	target_d001	LAB_MEASUREMENT	ΔHb	false	medical_kg_gold				target	1		false
t::d001::ENT_9F1C81E0070A16A17FDB	ENT_9F1C81E0070A16A17FDB	target_d001	LAB_MEASUREMENT	Triglycerides	false	medical_kg_gold				target	1		false
t::d001::ENT_9F1F5137D32260BF77F2	ENT_9F1F5137D32260BF77F2	target_d001	PHYSIOLOGICAL_PROCESS	endothelial dysfunction	false	medical_kg_gold				target	1		false
t::d001::ENT_9F350EB6FED577030408	ENT_9F350EB6FED577030408	target_d001	RISK_FACTOR	high triglycerides	false	medical_kg_gold				target	1		false
t::d001::ENT_9F3EDF164A896579BD07	ENT_9F3EDF164A896579BD07	target_d001	BIOLOGICAL_PROCESS	functional neutrophil activity	false	medical_kg_gold				target	1		false
t::d001::ENT_9F46D4AB53B1CD54180E	ENT_9F46D4AB53B1CD54180E	target_d001	OTHER	K469E polymorphism of ICAM-1	false	medical_kg_gold				target	1		false
t::d001::ENT_9F4A8B3F8F179454490F	ENT_9F4A8B3F8F179454490F	target_d001	CLINICAL_OUTCOME	dental implant treatment failure	false	medical_kg_gold				target	1		false
t::d001::ENT_9F4A9A3E1439CE700243	ENT_9F4A9A3E1439CE700243	target_d001	GENE	KCNJ11 rs5219 polymorphism	false	medical_kg_gold				target	1		false
t::d001::ENT_9F5228169079EC1EC843	ENT_9F5228169079EC1EC843	target_d001	DISEASE	sleep apnea hypopnea syndrome	false	medical_kg_gold				target	1		false
t::d001::ENT_9F5CE5BD2D3A7CF88840	ENT_9F5CE5BD2D3A7CF88840	target_d001	LAB_MEASUREMENT	Ea	false	medical_kg_gold				target	1		false
t::d001::ENT_9F62E64EC610DF1DAC8E	ENT_9F62E64EC610DF1DAC8E	target_d001	BIOMARKER	excretion rates of CTGF	false	medical_kg_gold				target	1		false
t::d001::ENT_9F6F70E5CB1D972E9826	ENT_9F6F70E5CB1D972E9826	target_d001	BEHAVIOR	Decreased physical activity	false	medical_kg_gold				target	1		false
t::d001::ENT_9F7C8514C5FDE4F757B1	ENT_9F7C8514C5FDE4F757B1	target_d001	DISEASE	ocular disease	false	medical_kg_gold				target	1		false
t::d001::ENT_9F7F118FEFE948AA5520	ENT_9F7F118FEFE948AA5520	target_d001	GENE	allele A	false	medical_kg_gold				target	1		false
t::d001::ENT_9F8B1317A6C984B56A42	ENT_9F8B1317A6C984B56A42	target_d001	LAB_MEASUREMENT	BMD of femoral neck	false	medical_kg_gold				target	1		false
t::d001::ENT_9FA707E6EC5A5C3B5BD6	ENT_9FA707E6EC5A5C3B5BD6	target_d001	BIOMARKER	Serum XOR activity	false	medical_kg_gold				target	1		false
t::d001::ENT_9FAB61A3FD4C52BDF367	ENT_9FAB61A3FD4C52BDF367	target_d001	GENE	SH2B1	false	medical_kg_gold				target	1		false
t::d001::ENT_9FBC9CB618AFE906E208	ENT_9FBC9CB618AFE906E208	target_d001	OTHER	Gayo Arabica coffee leaves	false	medical_kg_gold				target	1		false
t::d001::ENT_9FCA992FEDA572B53AAC	ENT_9FCA992FEDA572B53AAC	target_d001	BEHAVIOR	poor drug compliance	false	medical_kg_gold				target	1		false
t::d001::ENT_9FD6D1D0E8CE4B84BBF6	ENT_9FD6D1D0E8CE4B84BBF6	target_d001	LAB_MEASUREMENT	QTd	false	medical_kg_gold				target	1		false
t::d001::ENT_9FD6D8F21A421F9F9784	ENT_9FD6D8F21A421F9F9784	target_d001	POPULATION	youth from racial and ethnic minority backgrounds	false	medical_kg_gold				target	1		false
t::d001::ENT_9FD8A9D52C562C60F64C	ENT_9FD8A9D52C562C60F64C	target_d001	BIOMARKER	tartrate-resistant acid phosphatase activities	false	medical_kg_gold				target	1		false
t::d001::ENT_9FDA1CA30C984020A0FA	ENT_9FDA1CA30C984020A0FA	target_d001	PROTEIN	serum CRP	false	medical_kg_gold				target	1		false
t::d001::ENT_A0050838BB3BE711DC25	ENT_A0050838BB3BE711DC25	target_d001	DISEASE	renal failure	false	medical_kg_gold				target	1		false
t::d001::ENT_A020543C93005E952DF8	ENT_A020543C93005E952DF8	target_d001	INTERVENTION	intensive lifestyle interventions, including diet and exercise	false	medical_kg_gold				target	1		false
t::d001::ENT_A02380D68F14C0842216	ENT_A02380D68F14C0842216	target_d001	LAB_MEASUREMENT	latency	false	medical_kg_gold				target	1		false
t::d001::ENT_A029FB35E5F031AC57F4	ENT_A029FB35E5F031AC57F4	target_d001	PHENOTYPE	low magnesium status	false	medical_kg_gold				target	1		false
t::d001::ENT_A045887357694408D194	ENT_A045887357694408D194	target_d001	TREATMENT	medical treatment	false	medical_kg_gold				target	1		false
t::d001::ENT_A04982C57D025D551171	ENT_A04982C57D025D551171	target_d001	BIOMARKER	glycosylated hemoglobin	false	medical_kg_gold				target	1		false
t::d001::ENT_A04B28C09C0755AFB256	ENT_A04B28C09C0755AFB256	target_d001	PROTEIN	SOD	false	medical_kg_gold				target	1		false
t::d001::ENT_A04D4F44EECDB9FE5D46	ENT_A04D4F44EECDB9FE5D46	target_d001	DRUG	microspheres of gliclazide	false	medical_kg_gold				target	1		false
t::d001::ENT_A04EEEFFBFF8715729E8	ENT_A04EEEFFBFF8715729E8	target_d001	PHENOTYPE	hyperlipidemia	false	medical_kg_gold				target	1		false
t::d001::ENT_A05347419A1573A58D64	ENT_A05347419A1573A58D64	target_d001	GENE	308 G-A polymorphism of TNF-α promoter gene	false	medical_kg_gold				target	1		false
t::d001::ENT_A05C127654BB1FC16D7D	ENT_A05C127654BB1FC16D7D	target_d001	PHYSIOLOGICAL_PROCESS	Cardiac parasympathetic function	false	medical_kg_gold				target	1		false
t::d001::ENT_A079F520B7883714D303	ENT_A079F520B7883714D303	target_d001	BIOLOGICAL_PROCESS	endothelial dysfunction	false	medical_kg_gold				target	1		false
t::d001::ENT_A07E6B065AD3F49419B6	ENT_A07E6B065AD3F49419B6	target_d001	GENE	miR-233	false	medical_kg_gold				target	1		false
t::d001::ENT_A08776E99D0CCAD42E53	ENT_A08776E99D0CCAD42E53	target_d001	LAB_MEASUREMENT	GA	false	medical_kg_gold				target	1		false
t::d001::ENT_A0877DAA7DAB26F9E625	ENT_A0877DAA7DAB26F9E625	target_d001	PHENOTYPE	angiogenic impairment	false	medical_kg_gold				target	1		false
t::d001::ENT_A08C2D42DBED18D807E3	ENT_A08C2D42DBED18D807E3	target_d001	PHENOTYPE	dual impairments in both basal and first phase insulin secretion	false	medical_kg_gold				target	1		false
t::d001::ENT_A09D117D7164A1BEC649	ENT_A09D117D7164A1BEC649	target_d001	BIOMARKER	hepatitis B core antibody	false	medical_kg_gold				target	1		false
t::d001::ENT_A0A390916000B44F3D94	ENT_A0A390916000B44F3D94	target_d001	LAB_MEASUREMENT	BMD of Ward′s triangle and neck	false	medical_kg_gold				target	1		false
t::d001::ENT_A0A55B188E664A3C8D0E	ENT_A0A55B188E664A3C8D0E	target_d001	PHENOTYPE	impaired metabolic health	false	medical_kg_gold				target	1		false
t::d001::ENT_A0AE120A89ACF7270454	ENT_A0AE120A89ACF7270454	target_d001	POPULATION	first degree relatives in cases	false	medical_kg_gold				target	1		false
t::d001::ENT_A0B4F7683782376833BC	ENT_A0B4F7683782376833BC	target_d001	LAB_MEASUREMENT	R	false	medical_kg_gold				target	1		false
t::d001::ENT_A0B69296273187C34279	ENT_A0B69296273187C34279	target_d001	SYMPTOM	poor sleep quality	false	medical_kg_gold				target	1		false
t::d001::ENT_A0C1EC4265BE138ADD54	ENT_A0C1EC4265BE138ADD54	target_d001	METABOLITE	CORT	false	medical_kg_gold				target	1		false
t::d001::ENT_A0C83B4802E5AD9B76ED	ENT_A0C83B4802E5AD9B76ED	target_d001	BIOMARKER	lactate dehydrogenase	false	medical_kg_gold				target	1		false
t::d001::ENT_A0D41ACC0A9331985222	ENT_A0D41ACC0A9331985222	target_d001	GENE	mitochondrial DNA (mtNDA) 16189 T/C mutation	false	medical_kg_gold				target	1		false
t::d001::ENT_A0D925C3049602FCDB88	ENT_A0D925C3049602FCDB88	target_d001	PHENOTYPE	prolonged QTc interval	false	medical_kg_gold				target	1		false
t::d001::ENT_A0DD3ED372887ED6D95C	ENT_A0DD3ED372887ED6D95C	target_d001	PHENOTYPE	b-cell mass	false	medical_kg_gold				target	1		false
t::d001::ENT_A0F045A872D604A0250F	ENT_A0F045A872D604A0250F	target_d001	METABOLITE	creatinine	false	medical_kg_gold				target	1		false
t::d001::ENT_A1009B7655383AC94DCA	ENT_A1009B7655383AC94DCA	target_d001	RISK_FACTOR	socioeconomic status	false	medical_kg_gold				target	1		false
t::d001::ENT_A128B581E29E793C74A4	ENT_A128B581E29E793C74A4	target_d001	BIOMARKER	bone glaprotein	false	medical_kg_gold				target	1		false
t::d001::ENT_A12A7AE2F8BDFD690F9C	ENT_A12A7AE2F8BDFD690F9C	target_d001	LAB_MEASUREMENT	peak systolic velocity	false	medical_kg_gold				target	1		false
t::d001::ENT_A140CFEDA3A32F757B00	ENT_A140CFEDA3A32F757B00	target_d001	LAB_MEASUREMENT	serum bilirubin concentration	false	medical_kg_gold				target	1		false
t::d001::ENT_A14B7BAE02FE3512D74E	ENT_A14B7BAE02FE3512D74E	target_d001	PROTEIN	fibrinogen	false	medical_kg_gold				target	1		false
t::d001::ENT_A15D6561193382D41817	ENT_A15D6561193382D41817	target_d001	LAB_MEASUREMENT	measurement of prethrombotic state	false	medical_kg_gold				target	1		false
t::d001::ENT_A16B3E2F1BE6573D4CF2	ENT_A16B3E2F1BE6573D4CF2	target_d001	LAB_MEASUREMENT	CRP levels	false	medical_kg_gold				target	1		false
t::d001::ENT_A170F5ACC82B63DE34D6	ENT_A170F5ACC82B63DE34D6	target_d001	RISK_FACTOR	obesity and fat deposition in the tissues along with inflammatory response	false	medical_kg_gold				target	1		false
t::d001::ENT_A1712271262C7AD84084	ENT_A1712271262C7AD84084	target_d001	OTHER	polymorphism of KLF14 rs972283	false	medical_kg_gold				target	1		false
t::d001::ENT_A17BB32E3B951333715E	ENT_A17BB32E3B951333715E	target_d001	RISK_FACTOR	Family history of DM	false	medical_kg_gold				target	1		false
t::d001::ENT_A17CF434429DFEF115DF	ENT_A17CF434429DFEF115DF	target_d001	PROTEIN	exendin-4	false	medical_kg_gold				target	1		false
t::d001::ENT_A1803D889750D28FB914	ENT_A1803D889750D28FB914	target_d001	METABOLITE	ADMA	false	medical_kg_gold				target	1		false
t::d001::ENT_A18B1EF62A0D649EEE22	ENT_A18B1EF62A0D649EEE22	target_d001	DISEASE	MS	false	medical_kg_gold				target	1		false
t::d001::ENT_A18DBBE50947FD248CB4	ENT_A18DBBE50947FD248CB4	target_d001	BIOMARKER	adiponectin	false	medical_kg_gold				target	1		false
t::d001::ENT_A18DFD203A6161DC0BF8	ENT_A18DFD203A6161DC0BF8	target_d001	PHENOTYPE	impaired fasting glucose	false	medical_kg_gold				target	1		false
t::d001::ENT_A1A69E60DECD6BE2B716	ENT_A1A69E60DECD6BE2B716	target_d001	OTHER	Gly5Gly polymorphism	false	medical_kg_gold				target	1		false
t::d001::ENT_A1AC7CB50BB38CF35726	ENT_A1AC7CB50BB38CF35726	target_d001	DISEASE	arrhythmia	false	medical_kg_gold				target	1		false
t::d001::ENT_A1AD5EFAD6EB02981215	ENT_A1AD5EFAD6EB02981215	target_d001	DISEASE	primary or secondary glomerulopathy	false	medical_kg_gold				target	1		false
t::d001::ENT_A1B65974C1091248261C	ENT_A1B65974C1091248261C	target_d001	BIOLOGICAL_PROCESS	b-cell apoptosis	false	medical_kg_gold				target	1		false
t::d001::ENT_A1D7C19FE2AF4E7395C2	ENT_A1D7C19FE2AF4E7395C2	target_d001	LIFESTYLE_FACTOR	Current smokers	false	medical_kg_gold				target	1		false
t::d001::ENT_A1DBF004BBD93BFCEAE3	ENT_A1DBF004BBD93BFCEAE3	target_d001	LAB_MEASUREMENT	PT	false	medical_kg_gold				target	1		false
t::d001::ENT_A1DD36A8405918FFB82E	ENT_A1DD36A8405918FFB82E	target_d001	BIOLOGICAL_PROCESS	insulin receptor tyrosine kinase activity	false	medical_kg_gold				target	1		false
t::d001::ENT_A1E81F3BC4DB2C52526A	ENT_A1E81F3BC4DB2C52526A	target_d001	DISEASE	Sickle Cell Trait	false	medical_kg_gold				target	1		false
t::d001::ENT_A1EDE92BDE63DC30FD5A	ENT_A1EDE92BDE63DC30FD5A	target_d001	LAB_MEASUREMENT	HOMAIR	false	medical_kg_gold				target	1		false
t::d001::ENT_A1F02FB7E014112CFC3C	ENT_A1F02FB7E014112CFC3C	target_d001	LIFESTYLE_FACTOR	a change in lifestyle	false	medical_kg_gold				target	1		false
t::d001::ENT_A1FC8B5A979D6394291F	ENT_A1FC8B5A979D6394291F	target_d001	BIOMARKER	ACE2 expression	false	medical_kg_gold				target	1		false
t::d001::ENT_A1FE8D5E7B456A2218A2	ENT_A1FE8D5E7B456A2218A2	target_d001	PROTEIN	PR	false	medical_kg_gold				target	1		false
t::d001::ENT_A203A4B628857B34337F	ENT_A203A4B628857B34337F	target_d001	GENE	miR-320	false	medical_kg_gold				target	1		false
t::d001::ENT_A22FD1B7E341B8DC45EF	ENT_A22FD1B7E341B8DC45EF	target_d001	LAB_MEASUREMENT	microalbuminuria	false	medical_kg_gold				target	1		false
t::d001::ENT_A2343218466676BD3A00	ENT_A2343218466676BD3A00	target_d001	OTHER	CD14 promoter gene C-159T polymorphism	false	medical_kg_gold				target	1		false
t::d001::ENT_A23D2090424062955512	ENT_A23D2090424062955512	target_d001	LAB_MEASUREMENT	BMC	false	medical_kg_gold				target	1		false
t::d001::ENT_A25EBB76A60F0104435F	ENT_A25EBB76A60F0104435F	target_d001	BIOMARKER	ADPN	false	medical_kg_gold				target	1		false
t::d001::ENT_A26B5047B7EF281D1713	ENT_A26B5047B7EF281D1713	target_d001	DISEASE	nonalcoholic steatohepatitis	false	medical_kg_gold				target	1		false
t::d001::ENT_A26FB8FC4C22FDC8D453	ENT_A26FB8FC4C22FDC8D453	target_d001	LAB_MEASUREMENT	RBC-C3bRR	false	medical_kg_gold				target	1		false
t::d001::ENT_A270BB781E1286D82CE1	ENT_A270BB781E1286D82CE1	target_d001	RISK_FACTOR	older	false	medical_kg_gold				target	1		false
t::d001::ENT_A273A09C1B8EE9B9248F	ENT_A273A09C1B8EE9B9248F	target_d001	OTHER	Ser allele carrier	false	medical_kg_gold				target	1		false
t::d001::ENT_A293A274F4D6BADB54AA	ENT_A293A274F4D6BADB54AA	target_d001	PATHWAY	lysosome	false	medical_kg_gold				target	1		false
t::d001::ENT_A29FAC1133309870AE7E	ENT_A29FAC1133309870AE7E	target_d001	DISEASE	hypertension caused by diabetic nephropathy	false	medical_kg_gold				target	1		false
t::d001::ENT_A2BB12FA016AD0D7CA0C	ENT_A2BB12FA016AD0D7CA0C	target_d001	DRUG	Lispro Mix25 insulin combined with Acarbose Tablets	false	medical_kg_gold				target	1		false
t::d001::ENT_A2C3C8E9D0680E36268F	ENT_A2C3C8E9D0680E36268F	target_d001	BIOMARKER	miRNA levels	false	medical_kg_gold				target	1		false
t::d001::ENT_A2C6862830C421158A52	ENT_A2C6862830C421158A52	target_d001	DISEASE	hip fracture	false	medical_kg_gold				target	1		false
t::d001::ENT_A2CA534F38788D50FCB0	ENT_A2CA534F38788D50FCB0	target_d001	OTHER	syndrome of Yin deficiency and heat excess	false	medical_kg_gold				target	1		false
t::d001::ENT_A2E1B19D78D43B8F4009	ENT_A2E1B19D78D43B8F4009	target_d001	TREATMENT	continuous subcutaneous insulin infusion of insulin aspart	false	medical_kg_gold				target	1		false
t::d001::ENT_A2E9BABE7BCAB3B11EBF	ENT_A2E9BABE7BCAB3B11EBF	target_d001	BIOMARKER	high sensitive high reactive protein (hsCRP)	false	medical_kg_gold				target	1		false
t::d001::ENT_A2FD6A810CFA0B4F3FED	ENT_A2FD6A810CFA0B4F3FED	target_d001	RISK_FACTOR	Sex	false	medical_kg_gold				target	1		false
t::d001::ENT_A2FE227EAD0C5E1A2F0A	ENT_A2FE227EAD0C5E1A2F0A	target_d001	OTHER	TNF 308 G/A polymorphism	false	medical_kg_gold				target	1		false
t::d001::ENT_A302D76CB7A8803E8355	ENT_A302D76CB7A8803E8355	target_d001	BIOMARKER	fibrinogen	false	medical_kg_gold				target	1		false
t::d001::ENT_A314272ADF8D35709678	ENT_A314272ADF8D35709678	target_d001	TREATMENT	DPP-4 inhibitor add-on therapy	false	medical_kg_gold				target	1		false
t::d001::ENT_A32384EC22D1EF54ABA4	ENT_A32384EC22D1EF54ABA4	target_d001	LAB_MEASUREMENT	CD4/CD8	false	medical_kg_gold				target	1		false
t::d001::ENT_A33A6B59B76D838F39EF	ENT_A33A6B59B76D838F39EF	target_d001	DISEASE	DAN	false	medical_kg_gold				target	1		false
t::d001::ENT_A33AE3A403A780EBADEA	ENT_A33AE3A403A780EBADEA	target_d001	TREATMENT	metformin and rosiglitazone combination therapy	false	medical_kg_gold				target	1		false
t::d001::ENT_A349909865728596DD47	ENT_A349909865728596DD47	target_d001	BIOMARKER	levels of inflammatory factors	false	medical_kg_gold				target	1		false
t::d001::ENT_A3502313B5EB894F9719	ENT_A3502313B5EB894F9719	target_d001	OTHER	high-fat diet and low dose of STZ	false	medical_kg_gold				target	1		false
t::d001::ENT_A361E3C5CCFDF1370EB6	ENT_A361E3C5CCFDF1370EB6	target_d001	BIOMARKER	Mean Telomere Length Shortening	false	medical_kg_gold				target	1		false
t::d001::ENT_A366891E1A6D3115A941	ENT_A366891E1A6D3115A941	target_d001	PHENOTYPE	myocardial apoptosis	false	medical_kg_gold				target	1		false
t::d001::ENT_A38760478502AFF4D6BB	ENT_A38760478502AFF4D6BB	target_d001	OTHER	miRNAs	false	medical_kg_gold				target	1		false
t::d001::ENT_A39451752CF761B6FD26	ENT_A39451752CF761B6FD26	target_d001	DRUG	GGQLT decoction	false	medical_kg_gold				target	1		false
t::d001::ENT_A3997A05726F34C81A75	ENT_A3997A05726F34C81A75	target_d001	PHENOTYPE	vascular lesion	false	medical_kg_gold				target	1		false
t::d001::ENT_A3A074A5DBDFD8835C14	ENT_A3A074A5DBDFD8835C14	target_d001	DRUG	exogenous insulin	false	medical_kg_gold				target	1		false
t::d001::ENT_A3A15332F6CE6115B41E	ENT_A3A15332F6CE6115B41E	target_d001	BIOMARKER	SA	false	medical_kg_gold				target	1		false
t::d001::ENT_A3BB5689CED8A43EDEB8	ENT_A3BB5689CED8A43EDEB8	target_d001	OTHER	Findrisk Test	false	medical_kg_gold				target	1		false
t::d001::ENT_A3C0FA247A10CC36D7F1	ENT_A3C0FA247A10CC36D7F1	target_d001	PHYSIOLOGICAL_PROCESS	cognitive function	false	medical_kg_gold				target	1		false
t::d001::ENT_A3EAC93B69020C522E63	ENT_A3EAC93B69020C522E63	target_d001	PHENOTYPE	Erythrocyte morphological alterations	false	medical_kg_gold				target	1		false
t::d001::ENT_A3F7C2C02337A89001F2	ENT_A3F7C2C02337A89001F2	target_d001	DISEASE	obesity	false	medical_kg_gold				target	1		false
t::d001::ENT_A413ADFDBA2E79D8FA77	ENT_A413ADFDBA2E79D8FA77	target_d001	OTHER	rs2230604(C>T)	false	medical_kg_gold				target	1		false
t::d001::ENT_A41833CBD42085B093B4	ENT_A41833CBD42085B093B4	target_d001	OTHER	K allele	false	medical_kg_gold				target	1		false
t::d001::ENT_A41E9604CE7A135B3C1A	ENT_A41E9604CE7A135B3C1A	target_d001	OTHER	INS VNTR genotypes	false	medical_kg_gold				target	1		false
t::d001::ENT_A428A01E55919218F09E	ENT_A428A01E55919218F09E	target_d001	PHENOTYPE	enhanced islet α?cell function	false	medical_kg_gold				target	1		false
t::d001::ENT_A437AC3A2583728060F6	ENT_A437AC3A2583728060F6	target_d001	GENE	mutations in GK gene	false	medical_kg_gold				target	1		false
t::d001::ENT_A437BA1876A4683513B5	ENT_A437BA1876A4683513B5	target_d001	LAB_MEASUREMENT	triglyceride(TG)	false	medical_kg_gold				target	1		false
t::d001::ENT_A440713820BF944E9E28	ENT_A440713820BF944E9E28	target_d001	BIOMARKER	interleukin-6	false	medical_kg_gold				target	1		false
t::d001::ENT_A44109ABBBDB66524DE9	ENT_A44109ABBBDB66524DE9	target_d001	METABOLITE	total testosterone in the lower tertile concentration	false	medical_kg_gold				target	1		false
t::d001::ENT_A451D6BD245CB95AE5D5	ENT_A451D6BD245CB95AE5D5	target_d001	OTHER	G3316A mutation	false	medical_kg_gold				target	1		false
t::d001::ENT_A462813623908658FC1A	ENT_A462813623908658FC1A	target_d001	PHYSIOLOGICAL_PROCESS	pulmonary ventilation function	false	medical_kg_gold				target	1		false
t::d001::ENT_A47CD18B639971A20598	ENT_A47CD18B639971A20598	target_d001	BIOMARKER	TBS value	false	medical_kg_gold				target	1		false
t::d001::ENT_A486C82CF09E6286B8A1	ENT_A486C82CF09E6286B8A1	target_d001	OTHER	mutation heterozygotes in exon 5	false	medical_kg_gold				target	1		false
t::d001::ENT_A487E5BB2448FAE6522B	ENT_A487E5BB2448FAE6522B	target_d001	INTERVENTION	low-fat diet and exercise	false	medical_kg_gold				target	1		false
t::d001::ENT_A494AF9BC1B3F67D0D96	ENT_A494AF9BC1B3F67D0D96	target_d001	LAB_MEASUREMENT	Aa	false	medical_kg_gold				target	1		false
t::d001::ENT_A495F90F953FD9ECFC4F	ENT_A495F90F953FD9ECFC4F	target_d001	PHENOTYPE	high triglycerides	false	medical_kg_gold				target	1		false
t::d001::ENT_A4AF0D4A64A30DF56B6E	ENT_A4AF0D4A64A30DF56B6E	target_d001	DRUG	Inhibitors SGLT2 co-transporters	false	medical_kg_gold				target	1		false
t::d001::ENT_A4AF4355BE61A7B0CFBF	ENT_A4AF4355BE61A7B0CFBF	target_d001	PROTEIN	endothelin	false	medical_kg_gold				target	1		false
t::d001::ENT_A4B760BB18C77135FD35	ENT_A4B760BB18C77135FD35	target_d001	OTHER	SNP44 C-allele	false	medical_kg_gold				target	1		false
t::d001::ENT_A4CA1301BAD5C7A70056	ENT_A4CA1301BAD5C7A70056	target_d001	PROTEIN	HNP1-3 levels	false	medical_kg_gold				target	1		false
t::d001::ENT_A4F07B95E11D8F3882C2	ENT_A4F07B95E11D8F3882C2	target_d001	PHYSIOLOGICAL_PROCESS	in vivo skeletal muscle oxidative capacity	false	medical_kg_gold				target	1		false
t::d001::ENT_A4F13D613FF3E430DFDC	ENT_A4F13D613FF3E430DFDC	target_d001	RISK_FACTOR	Preterm birth before 35 weeks of gestation	false	medical_kg_gold				target	1		false
t::d001::ENT_A4F4A9DC9218CE2E2D0A	ENT_A4F4A9DC9218CE2E2D0A	target_d001	LAB_MEASUREMENT	arterial compliance (AC)	false	medical_kg_gold				target	1		false
t::d001::ENT_A4F97F182062B55D9833	ENT_A4F97F182062B55D9833	target_d001	BIOMARKER	plasminogen activator inhibitor-1	false	medical_kg_gold				target	1		false
t::d001::ENT_A4FF222F6688A2D48544	ENT_A4FF222F6688A2D48544	target_d001	FOOD	milk and dairy products	false	medical_kg_gold				target	1		false
t::d001::ENT_A50F92D9F4C3D525F589	ENT_A50F92D9F4C3D525F589	target_d001	DISEASE	severe arrhythmias	false	medical_kg_gold				target	1		false
t::d001::ENT_A51343041933866DDB0F	ENT_A51343041933866DDB0F	target_d001	OTHER	K等位基因	false	medical_kg_gold				target	1		false
t::d001::ENT_A518B20528B370AC88F5	ENT_A518B20528B370AC88F5	target_d001	BIOMARKER	urine 8-different prostaglandin F2α level	false	medical_kg_gold				target	1		false
t::d001::ENT_A52142B4472D1959CEE4	ENT_A52142B4472D1959CEE4	target_d001	DISEASE	liver dysfunction	false	medical_kg_gold				target	1		false
t::d001::ENT_A52364BB4DE90D4B66C4	ENT_A52364BB4DE90D4B66C4	target_d001	PROCEDURE	LAGB	false	medical_kg_gold				target	1		false
t::d001::ENT_A52BB0A2B52BC510E63F	ENT_A52BB0A2B52BC510E63F	target_d001	SYMPTOM	post-operative arrhythmias	false	medical_kg_gold				target	1		false
t::d001::ENT_A535C1EEA60478EDE563	ENT_A535C1EEA60478EDE563	target_d001	METABOLITE	LDL-c	false	medical_kg_gold				target	1		false
t::d001::ENT_A5379DC74A5A2B8EDB65	ENT_A5379DC74A5A2B8EDB65	target_d001	GENE	Klf14	false	medical_kg_gold				target	1		false
t::d001::ENT_A540998EF88577AF8E6C	ENT_A540998EF88577AF8E6C	target_d001	RISK_FACTOR	history of high blood sugar	false	medical_kg_gold				target	1		false
t::d001::ENT_A54FB1C1308622AB8A69	ENT_A54FB1C1308622AB8A69	target_d001	LAB_MEASUREMENT	HDL cholesterol	false	medical_kg_gold				target	1		false
t::d001::ENT_A55A539B9CADED624DF9	ENT_A55A539B9CADED624DF9	target_d001	TREATMENT	treatment of PTDM	false	medical_kg_gold				target	1		false
t::d001::ENT_A55D8982FFC70DA18F96	ENT_A55D8982FFC70DA18F96	target_d001	NUTRIENT	fructose	false	medical_kg_gold				target	1		false
t::d001::ENT_A5660E2CFEF9EC37C5C1	ENT_A5660E2CFEF9EC37C5C1	target_d001	LAB_MEASUREMENT	HNR	false	medical_kg_gold				target	1		false
t::d001::ENT_A578DECF42B92FFE4730	ENT_A578DECF42B92FFE4730	target_d001	DIET	Low calorie diet	false	medical_kg_gold				target	1		false
t::d001::ENT_A5895CD6293F4F171E93	ENT_A5895CD6293F4F171E93	target_d001	CLINICAL_OUTCOME	treatment success	false	medical_kg_gold				target	1		false
t::d001::ENT_A58D3F6403AE2A12DB70	ENT_A58D3F6403AE2A12DB70	target_d001	PROTEIN	serum ET	false	medical_kg_gold				target	1		false
t::d001::ENT_A58EF6CC55D0023D12B3	ENT_A58EF6CC55D0023D12B3	target_d001	PHENOTYPE	reduced serum adiponectin	false	medical_kg_gold				target	1		false
t::d001::ENT_A59F109F43E18DA91FDB	ENT_A59F109F43E18DA91FDB	target_d001	LAB_MEASUREMENT	H.pylori seropositivity	false	medical_kg_gold				target	1		false
t::d001::ENT_A5BA936A88F0E6FFA255	ENT_A5BA936A88F0E6FFA255	target_d001	OTHER	psychosocial problems	false	medical_kg_gold				target	1		false
t::d001::ENT_A5BBCB35B04CF10FA141	ENT_A5BBCB35B04CF10FA141	target_d001	OTHER	e allele	false	medical_kg_gold				target	1		false
t::d001::ENT_A5BCE90AB7CDA5AE24AA	ENT_A5BCE90AB7CDA5AE24AA	target_d001	PROTEIN	GPO	false	medical_kg_gold				target	1		false
t::d001::ENT_A5C8162307DF28F8EEEB	ENT_A5C8162307DF28F8EEEB	target_d001	OTHER	Polymorphism of microsatellite markers in 11beta-HSD1	false	medical_kg_gold				target	1		false
t::d001::ENT_A5DAFA40DD09202CBB1D	ENT_A5DAFA40DD09202CBB1D	target_d001	LAB_MEASUREMENT	AST (U/L)	false	medical_kg_gold				target	1		false
t::d001::ENT_A5DF237A68BC2DBC44CA	ENT_A5DF237A68BC2DBC44CA	target_d001	METABOLITE	8-iso-PGF2α	false	medical_kg_gold				target	1		false
t::d001::ENT_A5EAAA4945E557F0F636	ENT_A5EAAA4945E557F0F636	target_d001	BIOMARKER	resistin	false	medical_kg_gold				target	1		false
t::d001::ENT_A5F1C676ACBF56B4E47B	ENT_A5F1C676ACBF56B4E47B	target_d001	METABOLITE	AHB	false	medical_kg_gold				target	1		false
t::d001::ENT_A6104F14E8AF1ADA17D8	ENT_A6104F14E8AF1ADA17D8	target_d001	PROTEIN	adiponectin	false	medical_kg_gold				target	1		false
t::d001::ENT_A61A692433820B9A4969	ENT_A61A692433820B9A4969	target_d001	TREATMENT	surgical treatment	false	medical_kg_gold				target	1		false
t::d001::ENT_A61FBDA2B46DB2C6E4D4	ENT_A61FBDA2B46DB2C6E4D4	target_d001	LAB_MEASUREMENT	T 4/T 8	false	medical_kg_gold				target	1		false
t::d001::ENT_A620150A955396CD775C	ENT_A620150A955396CD775C	target_d001	TREATMENT	bedtime insulin combined with medicine	false	medical_kg_gold				target	1		false
t::d001::ENT_A6390AD80A81AA0FA21E	ENT_A6390AD80A81AA0FA21E	target_d001	RISK_FACTOR	waist circumference (WC)	false	medical_kg_gold				target	1		false
t::d001::ENT_A63CAD30810291B6F038	ENT_A63CAD30810291B6F038	target_d001	OTHER	ANN model	false	medical_kg_gold				target	1		false
t::d001::ENT_A641766D3F1937BA7D3A	ENT_A641766D3F1937BA7D3A	target_d001	PROTEIN	serum leptin	false	medical_kg_gold				target	1		false
t::d001::ENT_A64D2E05D53A441E5DE8	ENT_A64D2E05D53A441E5DE8	target_d001	BIOMARKER	PPAR-γ2 expression level	false	medical_kg_gold				target	1		false
t::d001::ENT_A663C98EA938C72D43D1	ENT_A663C98EA938C72D43D1	target_d001	BIOMARKER	serum Lp(a)	false	medical_kg_gold				target	1		false
t::d001::ENT_A671E680DA776BF03875	ENT_A671E680DA776BF03875	target_d001	OTHER	A misfolded, aggregated form of this peptide	false	medical_kg_gold				target	1		false
t::d001::ENT_A673EE0E159AD344E85D	ENT_A673EE0E159AD344E85D	target_d001	BIOMARKER	serum ET-1	false	medical_kg_gold				target	1		false
t::d001::ENT_A67E2B88697DE9B1DECE	ENT_A67E2B88697DE9B1DECE	target_d001	DISEASE	NPDR	false	medical_kg_gold				target	1		false
t::d001::ENT_A68494A5430B17673F1B	ENT_A68494A5430B17673F1B	target_d001	INTERVENTION	Community based screening	false	medical_kg_gold				target	1		false
t::d001::ENT_A69C6FCD72D3640316CF	ENT_A69C6FCD72D3640316CF	target_d001	DRUG	Ramipril	false	medical_kg_gold				target	1		false
t::d001::ENT_A6A577EBA1DF6BA3A76C	ENT_A6A577EBA1DF6BA3A76C	target_d001	DRUG	Fufang Danshen Drop-pill	false	medical_kg_gold				target	1		false
t::d001::ENT_A6B1D2A1F720B427447B	ENT_A6B1D2A1F720B427447B	target_d001	DRUG	clopidogrel	false	medical_kg_gold				target	1		false
t::d001::ENT_A6BEB4209E0118D380F8	ENT_A6BEB4209E0118D380F8	target_d001	PROTEIN	apolipoprotein AII	false	medical_kg_gold				target	1		false
t::d001::ENT_A6C1AD3D861036F31E7B	ENT_A6C1AD3D861036F31E7B	target_d001	DRUG	Glucagon-like peptide 1 receptor agonists (GLP-1 RA)	false	medical_kg_gold				target	1		false
t::d001::ENT_A6D123E8BC4795ADC87A	ENT_A6D123E8BC4795ADC87A	target_d001	POPULATION	obese children	false	medical_kg_gold				target	1		false
t::d001::ENT_A6D68B17C1CDD6450282	ENT_A6D68B17C1CDD6450282	target_d001	LIFESTYLE_FACTOR	increasing consumption of calories and fat	false	medical_kg_gold				target	1		false
t::d001::ENT_A6D884546164C9F617D9	ENT_A6D884546164C9F617D9	target_d001	GENE	miR-375	false	medical_kg_gold				target	1		false
t::d001::ENT_A6E717CF461C402A83F2	ENT_A6E717CF461C402A83F2	target_d001	TREATMENT	insulin glargine plus repaglinide regimen	false	medical_kg_gold				target	1		false
t::d001::ENT_A6F52E0B784E1FA104FF	ENT_A6F52E0B784E1FA104FF	target_d001	METABOLITE	glutamine	false	medical_kg_gold				target	1		false
t::d001::ENT_A6F91FEB50840F9735BF	ENT_A6F91FEB50840F9735BF	target_d001	METABOLITE	atherogenic lipid fractions	false	medical_kg_gold				target	1		false
t::d001::ENT_A70386EA50C95AA7EBF9	ENT_A70386EA50C95AA7EBF9	target_d001	BEHAVIOR	Frequent SSB consumption	false	medical_kg_gold				target	1		false
t::d001::ENT_A71499F3FFF77D3F0BF9	ENT_A71499F3FFF77D3F0BF9	target_d001	LAB_MEASUREMENT	one point pulse wave velocity (PWVβ)	false	medical_kg_gold				target	1		false
t::d001::ENT_A72C5C52E1A9C70EBB84	ENT_A72C5C52E1A9C70EBB84	target_d001	LAB_MEASUREMENT	postprandial glucose	false	medical_kg_gold				target	1		false
t::d001::ENT_A7453BEF323D6AFDAE8F	ENT_A7453BEF323D6AFDAE8F	target_d001	DRUG	Alprostadil injection	false	medical_kg_gold				target	1		false
t::d001::ENT_A7543997AED98564C46A	ENT_A7543997AED98564C46A	target_d001	LAB_MEASUREMENT	meanF0	false	medical_kg_gold				target	1		false
t::d001::ENT_A75903EC7B6AFD0975E2	ENT_A75903EC7B6AFD0975E2	target_d001	ENVIRONMENTAL_EXPOSURE	residential proximity to a major roadway	false	medical_kg_gold				target	1		false
t::d001::ENT_A75BC64BBB5C6F52AA62	ENT_A75BC64BBB5C6F52AA62	target_d001	PROTEIN	anti-inflammatory cytokines	false	medical_kg_gold				target	1		false
t::d001::ENT_A781AC062C5A17A69110	ENT_A781AC062C5A17A69110	target_d001	COMPOUND	HYP	false	medical_kg_gold				target	1		false
t::d001::ENT_A7997D23B6A6FFE7E6D7	ENT_A7997D23B6A6FFE7E6D7	target_d001	RISK_FACTOR	cardiovascular risk factors clustering	false	medical_kg_gold				target	1		false
t::d001::ENT_A807B433DFD5DB3B9AA1	ENT_A807B433DFD5DB3B9AA1	target_d001	GENE	VDR gene Fok I ff genotype	false	medical_kg_gold				target	1		false
t::d001::ENT_A80F6B8632375494FDEB	ENT_A80F6B8632375494FDEB	target_d001	TISSUE	EAT	false	medical_kg_gold				target	1		false
t::d001::ENT_A81F6D1A94ABC801CE73	ENT_A81F6D1A94ABC801CE73	target_d001	OTHER	Changes in expressions of these 2 genes	false	medical_kg_gold				target	1		false
t::d001::ENT_A82A69FB74ECF060232B	ENT_A82A69FB74ECF060232B	target_d001	DRUG	Biphasic insulin aspart 30	false	medical_kg_gold				target	1		false
t::d001::ENT_A83E2D47B74EDC06C7B0	ENT_A83E2D47B74EDC06C7B0	target_d001	TREATMENT	Yiqi Yangyin Recipe(YQYYF)	false	medical_kg_gold				target	1		false
t::d001::ENT_A83F417C88E811554FE6	ENT_A83F417C88E811554FE6	target_d001	OTHER	12.46%	false	medical_kg_gold				target	1		false
t::d001::ENT_A83FCAB3041B27CD6A1E	ENT_A83FCAB3041B27CD6A1E	target_d001	OTHER	H pylori	false	medical_kg_gold				target	1		false
t::d001::ENT_A84F81A6C09BC2C23758	ENT_A84F81A6C09BC2C23758	target_d001	OTHER	inhibition of miR-802 expression	false	medical_kg_gold				target	1		false
t::d001::ENT_A86CE1DA94AA94554245	ENT_A86CE1DA94AA94554245	target_d001	BIOMARKER	ZAG	false	medical_kg_gold				target	1		false
t::d001::ENT_A87F1A2D3B3EF1171190	ENT_A87F1A2D3B3EF1171190	target_d001	GENE	TNF-α-308A	false	medical_kg_gold				target	1		false
t::d001::ENT_A88462EBB934B1603115	ENT_A88462EBB934B1603115	target_d001	LAB_MEASUREMENT	F?	false	medical_kg_gold				target	1		false
t::d001::ENT_A887D62FBEBE3FA36170	ENT_A887D62FBEBE3FA36170	target_d001	PROTEIN	HO-1 protein	false	medical_kg_gold				target	1		false
t::d001::ENT_A88FD0DB5771265035F9	ENT_A88FD0DB5771265035F9	target_d001	COMPOUND	LDL particles	false	medical_kg_gold				target	1		false
t::d001::ENT_A8A398DEA83E8245DBB2	ENT_A8A398DEA83E8245DBB2	target_d001	METABOLITE	serum triglyceride (TG)	false	medical_kg_gold				target	1		false
t::d001::ENT_A8A42BB8A3DE5D19CA51	ENT_A8A42BB8A3DE5D19CA51	target_d001	LAB_MEASUREMENT	hs-CRP (mg/L)	false	medical_kg_gold				target	1		false
t::d001::ENT_A8A8ADF556F63DCD7E26	ENT_A8A8ADF556F63DCD7E26	target_d001	TREATMENT	blood glucose control	false	medical_kg_gold				target	1		false
t::d001::ENT_A8AFCCE5D7E4AD3DC018	ENT_A8AFCCE5D7E4AD3DC018	target_d001	FOOD	PMP	false	medical_kg_gold				target	1		false
t::d001::ENT_A8C60F88864A7BD8B356	ENT_A8C60F88864A7BD8B356	target_d001	PHYSIOLOGICAL_PROCESS	islet β cells function	false	medical_kg_gold				target	1		false
t::d001::ENT_A8C8D99C519D96FFD63E	ENT_A8C8D99C519D96FFD63E	target_d001	PROTEIN	albumin	false	medical_kg_gold				target	1		false
t::d001::ENT_A8CF00D993619771C478	ENT_A8CF00D993619771C478	target_d001	GENE	PRKAA2, PRKAB1, and PRKAB2	false	medical_kg_gold				target	1		false
t::d001::ENT_A8E2E1A82E19F502B601	ENT_A8E2E1A82E19F502B601	target_d001	OTHER	Inactivating and activating mutations in GK gene	false	medical_kg_gold				target	1		false
t::d001::ENT_A8F15B5FE015A9125B78	ENT_A8F15B5FE015A9125B78	target_d001	PROTEIN	TG-Ab	false	medical_kg_gold				target	1		false
t::d001::ENT_A8F41AB454E3B3158D23	ENT_A8F41AB454E3B3158D23	target_d001	POPULATION	British South Asians	false	medical_kg_gold				target	1		false
t::d001::ENT_A8F9B217896D16EC51B8	ENT_A8F9B217896D16EC51B8	target_d001	DISEASE	relapsed cerebral infarction	false	medical_kg_gold				target	1		false
t::d001::ENT_A906D9ECAFE80C42985A	ENT_A906D9ECAFE80C42985A	target_d001	DISEASE	systemic sclerosis	false	medical_kg_gold				target	1		false
t::d001::ENT_A90BC3959357315120AF	ENT_A90BC3959357315120AF	target_d001	OTHER	four-amino acids combination	false	medical_kg_gold				target	1		false
t::d001::ENT_A90C0B59615A092EB3AF	ENT_A90C0B59615A092EB3AF	target_d001	GENE	variant E23K (rs5219) of KCNJ11	false	medical_kg_gold				target	1		false
t::d001::ENT_A91AA41246E66107E1A9	ENT_A91AA41246E66107E1A9	target_d001	POPULATION	rural girls	false	medical_kg_gold				target	1		false
t::d001::ENT_A91E7E7D5C219807EA88	ENT_A91E7E7D5C219807EA88	target_d001	RISK_FACTOR	history of gestational diabetes	false	medical_kg_gold				target	1		false
t::d001::ENT_A9243D70C134EB0072C6	ENT_A9243D70C134EB0072C6	target_d001	PROTEIN	SAA	false	medical_kg_gold				target	1		false
t::d001::ENT_A926E92E1AFAE55EB346	ENT_A926E92E1AFAE55EB346	target_d001	POPULATION	Native Americans who receive care from the Indian Health Service	false	medical_kg_gold				target	1		false
t::d001::ENT_A95E606101955F486FEC	ENT_A95E606101955F486FEC	target_d001	GENE	INSR	false	medical_kg_gold				target	1		false
t::d001::ENT_A97BCA6BD1FC2CE037A1	ENT_A97BCA6BD1FC2CE037A1	target_d001	DISEASE	pulmonary tuberculosis	false	medical_kg_gold				target	1		false
t::d001::ENT_A981AB57F8931B25174C	ENT_A981AB57F8931B25174C	target_d001	LAB_MEASUREMENT	carotid artery IMT	false	medical_kg_gold				target	1		false
t::d001::ENT_A98460A6119B4CBD8AFD	ENT_A98460A6119B4CBD8AFD	target_d001	CLINICAL_OUTCOME	rising obesity rates	false	medical_kg_gold				target	1		false
t::d001::ENT_A9980EDCCBC15262CBF4	ENT_A9980EDCCBC15262CBF4	target_d001	BEHAVIOR	current smoking	false	medical_kg_gold				target	1		false
t::d001::ENT_A9999779516B66BC99A0	ENT_A9999779516B66BC99A0	target_d001	OTHER	Rs736118	false	medical_kg_gold				target	1		false
t::d001::ENT_A99A1070DE9362250CC4	ENT_A99A1070DE9362250CC4	target_d001	PHENOTYPE	cognition function	false	medical_kg_gold				target	1		false
t::d001::ENT_A99BA06F4F621AA4F1DD	ENT_A99BA06F4F621AA4F1DD	target_d001	COMPOUND	a glucosidase inhibitors	false	medical_kg_gold				target	1		false
t::d001::ENT_A99F7777174731CF963D	ENT_A99F7777174731CF963D	target_d001	RISK_FACTOR	no qualifications	false	medical_kg_gold				target	1		false
t::d001::ENT_A9A34913009D5E69ADB4	ENT_A9A34913009D5E69ADB4	target_d001	PHYSIOLOGICAL_PROCESS	speech perception in noise	false	medical_kg_gold				target	1		false
t::d001::ENT_A9A97D30EE339CE5623D	ENT_A9A97D30EE339CE5623D	target_d001	GENE	LEPR (rs11208654)	false	medical_kg_gold				target	1		false
t::d001::ENT_A9B5592F3BAB24CE1D39	ENT_A9B5592F3BAB24CE1D39	target_d001	DRUG	oral anti - diabetic drug	false	medical_kg_gold				target	1		false
t::d001::ENT_A9BA6EBAE5E0412AF40F	ENT_A9BA6EBAE5E0412AF40F	target_d001	BIOMARKER	low density lipoprotein cholesterol	false	medical_kg_gold				target	1		false
t::d001::ENT_A9BEC844D5A73A0FC09E	ENT_A9BEC844D5A73A0FC09E	target_d001	LAB_MEASUREMENT	left ventricular posterior wall thickness	false	medical_kg_gold				target	1		false
t::d001::ENT_A9C9BC465669BDD8A36C	ENT_A9C9BC465669BDD8A36C	target_d001	BIOMARKER	antibody titer to islet cells	false	medical_kg_gold				target	1		false
t::d001::ENT_A9DA6E18C080BE7E8D17	ENT_A9DA6E18C080BE7E8D17	target_d001	PROTEIN	C-reactive protein(CRP)	false	medical_kg_gold				target	1		false
t::d001::ENT_A9E6EE2F20E3ADE14731	ENT_A9E6EE2F20E3ADE14731	target_d001	GENE	rs4402960 polymorphism	false	medical_kg_gold				target	1		false
t::d001::ENT_A9FBB54772ED345C36C6	ENT_A9FBB54772ED345C36C6	target_d001	PHENOTYPE	high WC	false	medical_kg_gold				target	1		false
t::d001::ENT_AA0A0A78EF410855C2D3	ENT_AA0A0A78EF410855C2D3	target_d001	DRUG	Glimepiride combined with metformin	false	medical_kg_gold				target	1		false
t::d001::ENT_AA1E03CD2923F0EFA6DA	ENT_AA1E03CD2923F0EFA6DA	target_d001	PROTEIN	SF	false	medical_kg_gold				target	1		false
t::d001::ENT_AA20F2ECCAAE6378AFE9	ENT_AA20F2ECCAAE6378AFE9	target_d001	INTERVENTION	urging all the national people to do more to fight against it	false	medical_kg_gold				target	1		false
t::d001::ENT_AA46FB6ADA8AB4581286	ENT_AA46FB6ADA8AB4581286	target_d001	OTHER	Klebsiella pneumoniae	false	medical_kg_gold				target	1		false
t::d001::ENT_AA62D8387DB7A64F5111	ENT_AA62D8387DB7A64F5111	target_d001	PHENOTYPE	progressive insulin secretory defects	false	medical_kg_gold				target	1		false
t::d001::ENT_AA63D05B8BF6301D5DB3	ENT_AA63D05B8BF6301D5DB3	target_d001	INTERVENTION	new abdominal rotation method in insulin injection	false	medical_kg_gold				target	1		false
t::d001::ENT_AA6CAB6E7BE3BEB701FE	ENT_AA6CAB6E7BE3BEB701FE	target_d001	BIOLOGICAL_PROCESS	defective cellular energy production	false	medical_kg_gold				target	1		false
t::d001::ENT_AA7F96E0023018D9F1AC	ENT_AA7F96E0023018D9F1AC	target_d001	DISEASE	asymptomatic bacteriuria	false	medical_kg_gold				target	1		false
t::d001::ENT_AA8A631F3C519529FCCA	ENT_AA8A631F3C519529FCCA	target_d001	PROTEIN	Plasma HGF	false	medical_kg_gold				target	1		false
t::d001::ENT_AA96BDBD2B5298CC1CD6	ENT_AA96BDBD2B5298CC1CD6	target_d001	PHYSIOLOGICAL_PROCESS	local sensory nerve vasodilation	false	medical_kg_gold				target	1		false
t::d001::ENT_AA9DDBA4D6F1B5C74196	ENT_AA9DDBA4D6F1B5C74196	target_d001	RISK_FACTOR	Central obesity	false	medical_kg_gold				target	1		false
t::d001::ENT_AAB2E72A57B10AF9E7D1	ENT_AAB2E72A57B10AF9E7D1	target_d001	RISK_FACTOR	a family history of T2DM	false	medical_kg_gold				target	1		false
t::d001::ENT_AAB5ED1F5A329CECEB7B	ENT_AAB5ED1F5A329CECEB7B	target_d001	OTHER	atherogenic remnants	false	medical_kg_gold				target	1		false
t::d001::ENT_AAC8DDC3F05D6DADB0B3	ENT_AAC8DDC3F05D6DADB0B3	target_d001	METABOLITE	serum cortisol	false	medical_kg_gold				target	1		false
t::d001::ENT_AAE39483E701E0D3702C	ENT_AAE39483E701E0D3702C	target_d001	LAB_MEASUREMENT	ApoB	false	medical_kg_gold				target	1		false
t::d001::ENT_AAE7E000D5F676B561DC	ENT_AAE7E000D5F676B561DC	target_d001	DISEASE	intracranial and intraspinal abscesses	false	medical_kg_gold				target	1		false
t::d001::ENT_AAF3F07D97FBFB0F7B0E	ENT_AAF3F07D97FBFB0F7B0E	target_d001	LAB_MEASUREMENT	Total urine output	false	medical_kg_gold				target	1		false
t::d001::ENT_AAF78140B1EEABA302DC	ENT_AAF78140B1EEABA302DC	target_d001	INTERVENTION	professional instruction	false	medical_kg_gold				target	1		false
t::d001::ENT_AAF87055662688569F4A	ENT_AAF87055662688569F4A	target_d001	EXERCISE	combined aerobic and resistance exercises	false	medical_kg_gold				target	1		false
t::d001::ENT_AB10884B9F230575475B	ENT_AB10884B9F230575475B	target_d001	GENE	ApoEe2 carriers	false	medical_kg_gold				target	1		false
t::d001::ENT_AB11582FA7BB68826C6B	ENT_AB11582FA7BB68826C6B	target_d001	PROCEDURE	Bariatric/metabolic surgery	false	medical_kg_gold				target	1		false
t::d001::ENT_AB3B812E991743828472	ENT_AB3B812E991743828472	target_d001	LAB_MEASUREMENT	serum Zn	false	medical_kg_gold				target	1		false
t::d001::ENT_AB416131D74E92EC9754	ENT_AB416131D74E92EC9754	target_d001	DIET	reasonable diet	false	medical_kg_gold				target	1		false
t::d001::ENT_AB434EC23482E10D4264	ENT_AB434EC23482E10D4264	target_d001	OTHER	D allele	false	medical_kg_gold				target	1		false
t::d001::ENT_AB45286EB0D48DEE8ACB	ENT_AB45286EB0D48DEE8ACB	target_d001	BIOMARKER	low level of serum adiponectin	false	medical_kg_gold				target	1		false
t::d001::ENT_AB563896508524D45CBF	ENT_AB563896508524D45CBF	target_d001	OTHER	SLC30A8 alleles	false	medical_kg_gold				target	1		false
t::d001::ENT_AB596D9A82CB212A157C	ENT_AB596D9A82CB212A157C	target_d001	PHENOTYPE	increased arterial stiffness	false	medical_kg_gold				target	1		false
t::d001::ENT_AB68ADA1E571890B0E04	ENT_AB68ADA1E571890B0E04	target_d001	COMPOUND	cortisol	false	medical_kg_gold				target	1		false
t::d001::ENT_AB6E647627C313543EFB	ENT_AB6E647627C313543EFB	target_d001	GENE	rs1137100 polymorphism in LEPR	false	medical_kg_gold				target	1		false
t::d001::ENT_AB788A3755217763FFF1	ENT_AB788A3755217763FFF1	target_d001	BIOMARKER	antibody titer to glutamate decarboxylase	false	medical_kg_gold				target	1		false
t::d001::ENT_AB87E790F2F9984A105B	ENT_AB87E790F2F9984A105B	target_d001	COMPOUND	quercetin	false	medical_kg_gold				target	1		false
t::d001::ENT_AB8D548F9B5DF20CA622	ENT_AB8D548F9B5DF20CA622	target_d001	OTHER	high AVSI-index	false	medical_kg_gold				target	1		false
t::d001::ENT_AB972E7F0482BB896B12	ENT_AB972E7F0482BB896B12	target_d001	DISEASE	triple vessel coronary artery disease	false	medical_kg_gold				target	1		false
t::d001::ENT_ABA6AFD9F26A264B6CA8	ENT_ABA6AFD9F26A264B6CA8	target_d001	TREATMENT	Rosiglitazone combined with metformin	false	medical_kg_gold				target	1		false
t::d001::ENT_ABB76D6B513E6570D5F0	ENT_ABB76D6B513E6570D5F0	target_d001	RISK_FACTOR	Female	false	medical_kg_gold				target	1		false
t::d001::ENT_ABB7F95A3DE69F5CACE1	ENT_ABB7F95A3DE69F5CACE1	target_d001	DRUG	combination of pioglitazone hydrochloride and metformin	false	medical_kg_gold				target	1		false
t::d001::ENT_ABBEB27ECD0F00142FC0	ENT_ABBEB27ECD0F00142FC0	target_d001	PROTEIN	serum ZAG	false	medical_kg_gold				target	1		false
t::d001::ENT_ABC6255F1321EF171A92	ENT_ABC6255F1321EF171A92	target_d001	BIOMARKER	t-PA	false	medical_kg_gold				target	1		false
t::d001::ENT_ABC8AA06AB82664BFCDD	ENT_ABC8AA06AB82664BFCDD	target_d001	BIOMARKER	ATX expression	false	medical_kg_gold				target	1		false
t::d001::ENT_ABDA8EED48E1A296D87F	ENT_ABDA8EED48E1A296D87F	target_d001	LIFESTYLE_FACTOR	Alcohol	false	medical_kg_gold				target	1		false
t::d001::ENT_ABDB6D539FE5EE233BD0	ENT_ABDB6D539FE5EE233BD0	target_d001	DISEASE	superior mesenteric artery disease	false	medical_kg_gold				target	1		false
t::d001::ENT_ABEF5C23BD1DF5FC7376	ENT_ABEF5C23BD1DF5FC7376	target_d001	METABOLITE	serum iron(SI) concentration	false	medical_kg_gold				target	1		false
t::d001::ENT_ABF627CCCC9270BA6B2F	ENT_ABF627CCCC9270BA6B2F	target_d001	OTHER	clove	false	medical_kg_gold				target	1		false
t::d001::ENT_AC0095C609326886154D	ENT_AC0095C609326886154D	target_d001	EXERCISE	physical work	false	medical_kg_gold				target	1		false
t::d001::ENT_AC083D6AFA2BF0A5C829	ENT_AC083D6AFA2BF0A5C829	target_d001	BIOMARKER	HOMA index	false	medical_kg_gold				target	1		false
t::d001::ENT_AC0CA3A2DDF97569126F	ENT_AC0CA3A2DDF97569126F	target_d001	PHYSIOLOGICAL_PROCESS	Incretin effect	false	medical_kg_gold				target	1		false
t::d001::ENT_AC12CC3F6251EF842032	ENT_AC12CC3F6251EF842032	target_d001	POPULATION	adults 65+	false	medical_kg_gold				target	1		false
t::d001::ENT_AC245331BEA3B073FB5F	ENT_AC245331BEA3B073FB5F	target_d001	PHENOTYPE	intestinal flora diversity	false	medical_kg_gold				target	1		false
t::d001::ENT_AC254ABD28B8BC0050B7	ENT_AC254ABD28B8BC0050B7	target_d001	PROTEIN	E-selectin and VCAM-1	false	medical_kg_gold				target	1		false
t::d001::ENT_AC2C2478987373AB6465	ENT_AC2C2478987373AB6465	target_d001	DISEASE	NAFLD-related hepatocellular carcinoma	false	medical_kg_gold				target	1		false
t::d001::ENT_AC3703D1B9F4CB4489ED	ENT_AC3703D1B9F4CB4489ED	target_d001	PHENOTYPE	morning peak	false	medical_kg_gold				target	1		false
t::d001::ENT_AC45F7D63254A0E3B67C	ENT_AC45F7D63254A0E3B67C	target_d001	POPULATION	sedentary individuals	false	medical_kg_gold				target	1		false
t::d001::ENT_AC4F6B7F0113D9E306BE	ENT_AC4F6B7F0113D9E306BE	target_d001	LAB_MEASUREMENT	hematological factors	false	medical_kg_gold				target	1		false
t::d001::ENT_AC5708BFE6C67CCCD4D1	ENT_AC5708BFE6C67CCCD4D1	target_d001	DRUG	acarbose	false	medical_kg_gold				target	1		false
t::d001::ENT_AC5D34E01DB76826B218	ENT_AC5D34E01DB76826B218	target_d001	PHYSIOLOGICAL_PROCESS	decreased oxidative capacity	false	medical_kg_gold				target	1		false
t::d001::ENT_AC5D4E7D9A944B80AEFB	ENT_AC5D4E7D9A944B80AEFB	target_d001	BIOMARKER	D-D dimmers	false	medical_kg_gold				target	1		false
t::d001::ENT_AC6D4CA40856873D9CBB	ENT_AC6D4CA40856873D9CBB	target_d001	LAB_MEASUREMENT	pitch SD	false	medical_kg_gold				target	1		false
t::d001::ENT_AC8632218786EEA1227C	ENT_AC8632218786EEA1227C	target_d001	TREATMENT	red onion prescription	false	medical_kg_gold				target	1		false
t::d001::ENT_AC87CFC1E5F2A544D870	ENT_AC87CFC1E5F2A544D870	target_d001	PHENOTYPE	Low level of androgen	false	medical_kg_gold				target	1		false
t::d001::ENT_AC9E2AA13D71C65DB928	ENT_AC9E2AA13D71C65DB928	target_d001	OTHER	double-layered micro-needles	false	medical_kg_gold				target	1		false
t::d001::ENT_ACCA5090FDA989ABF648	ENT_ACCA5090FDA989ABF648	target_d001	PHENOTYPE	severe vitamin D deficiency	false	medical_kg_gold				target	1		false
t::d001::ENT_ACE2510944F5BC1897B1	ENT_ACE2510944F5BC1897B1	target_d001	LAB_MEASUREMENT	neutrophil quantity	false	medical_kg_gold				target	1		false
t::d001::ENT_ACE6EBF76ECCF29533C7	ENT_ACE6EBF76ECCF29533C7	target_d001	LAB_MEASUREMENT	RWT and LVMI	false	medical_kg_gold				target	1		false
t::d001::ENT_ACE96F052D3B893E0977	ENT_ACE96F052D3B893E0977	target_d001	OTHER	rs727428	false	medical_kg_gold				target	1		false
t::d001::ENT_ACEF0B311F74BF865C3C	ENT_ACEF0B311F74BF865C3C	target_d001	TREATMENT	metformin therapy	false	medical_kg_gold				target	1		false
t::d001::ENT_ACEF84D64B0EB45B0C3F	ENT_ACEF84D64B0EB45B0C3F	target_d001	BIOMARKER	diabetes immunoantibodes	false	medical_kg_gold				target	1		false
t::d001::ENT_ACF37262F3D6BC6CB810	ENT_ACF37262F3D6BC6CB810	target_d001	LAB_MEASUREMENT	urinary albumin excretion rate	false	medical_kg_gold				target	1		false
t::d001::ENT_ACF3D08B8D5BFA9A2311	ENT_ACF3D08B8D5BFA9A2311	target_d001	DISEASE	monogenic diabetes	false	medical_kg_gold				target	1		false
t::d001::ENT_ACFCAB141F084429DFA8	ENT_ACFCAB141F084429DFA8	target_d001	DRUG	antipsychotics	false	medical_kg_gold				target	1		false
t::d001::ENT_AD1873A63C40FC0CFF39	ENT_AD1873A63C40FC0CFF39	target_d001	BIOMARKER	OC	false	medical_kg_gold				target	1		false
t::d001::ENT_AD1A9242153CA0B2D676	ENT_AD1A9242153CA0B2D676	target_d001	SYMPTOM	cognitive decline	false	medical_kg_gold				target	1		false
t::d001::ENT_AD2FAC70385C3D5E10CD	ENT_AD2FAC70385C3D5E10CD	target_d001	RISK_FACTOR	slow rate of intrauterine growth	false	medical_kg_gold				target	1		false
t::d001::ENT_AD2FBBE56E3A6F630A3A	ENT_AD2FBBE56E3A6F630A3A	target_d001	POPULATION	TALLYHO/Jng (TH) mice	false	medical_kg_gold				target	1		false
t::d001::ENT_AD3B7A44EC79B5EAB10B	ENT_AD3B7A44EC79B5EAB10B	target_d001	RISK_FACTOR	history of taking high blood pressure drugs	false	medical_kg_gold				target	1		false
t::d001::ENT_AD5675FC94D561BDF3AE	ENT_AD5675FC94D561BDF3AE	target_d001	DISEASE	pre-diabetes	false	medical_kg_gold				target	1		false
t::d001::ENT_AD58D9FB0CA357BC4536	ENT_AD58D9FB0CA357BC4536	target_d001	PHENOTYPE	β cell secretory dysfunction	false	medical_kg_gold				target	1		false
t::d001::ENT_AD748EB405E03E5A39C8	ENT_AD748EB405E03E5A39C8	target_d001	DISEASE	Insulin resistance in skeletal muscle	false	medical_kg_gold				target	1		false
t::d001::ENT_AD7A4E22CC76CB493895	ENT_AD7A4E22CC76CB493895	target_d001	PROTEIN	p53	false	medical_kg_gold				target	1		false
t::d001::ENT_AD7F562D007A8AA92279	ENT_AD7F562D007A8AA92279	target_d001	PHENOTYPE	peripheral insulin resistance in muscle tissues	false	medical_kg_gold				target	1		false
t::d001::ENT_AD8DD4406CD3CF162FE3	ENT_AD8DD4406CD3CF162FE3	target_d001	DISEASE	painless myocardial ischemia	false	medical_kg_gold				target	1		false
t::d001::ENT_AD990EC83F9A51912FB6	ENT_AD990EC83F9A51912FB6	target_d001	LIFESTYLE_FACTOR	lifestyle factors	false	medical_kg_gold				target	1		false
t::d001::ENT_ADB4152260655D87794E	ENT_ADB4152260655D87794E	target_d001	DRUG	glimepride	false	medical_kg_gold				target	1		false
t::d001::ENT_ADB7CEEF76C57F07582D	ENT_ADB7CEEF76C57F07582D	target_d001	DRUG	Glucagon-like peptide-1 agonists	false	medical_kg_gold				target	1		false
t::d001::ENT_ADC6744F793752E959FC	ENT_ADC6744F793752E959FC	target_d001	PROTEIN	PICP	false	medical_kg_gold				target	1		false
t::d001::ENT_ADCC69F863D5F551693C	ENT_ADCC69F863D5F551693C	target_d001	CLINICAL_OUTCOME	one-year case fatality of 28 day survivors	false	medical_kg_gold				target	1		false
t::d001::ENT_ADE8EDBA59465F4D43A3	ENT_ADE8EDBA59465F4D43A3	target_d001	PROTEIN	iNOS	false	medical_kg_gold				target	1		false
t::d001::ENT_ADE8F604C89E08246C99	ENT_ADE8F604C89E08246C99	target_d001	PROTEIN	UCP2 and UCP3	false	medical_kg_gold				target	1		false
t::d001::ENT_ADEE494DB83B5F1CD477	ENT_ADEE494DB83B5F1CD477	target_d001	GENE	D allele	false	medical_kg_gold				target	1		false
t::d001::ENT_ADF0094D39269B89D534	ENT_ADF0094D39269B89D534	target_d001	FOOD	habitual coffee consumption	false	medical_kg_gold				target	1		false
t::d001::ENT_AE1E8B7C7B5F5D9F474B	ENT_AE1E8B7C7B5F5D9F474B	target_d001	PROTEIN	TGF-β1	false	medical_kg_gold				target	1		false
t::d001::ENT_AE3590FA3CB83746D6C0	ENT_AE3590FA3CB83746D6C0	target_d001	PHYSIOLOGICAL_PROCESS	oxidative stress	false	medical_kg_gold				target	1		false
t::d001::ENT_AE4809A04DB4DFBC591A	ENT_AE4809A04DB4DFBC591A	target_d001	GENE	IRS1	false	medical_kg_gold				target	1		false
t::d001::ENT_AE7109DBB62F647029D6	ENT_AE7109DBB62F647029D6	target_d001	COMPOUND	24-hour urinary free cortisol	false	medical_kg_gold				target	1		false
t::d001::ENT_AE796A45F55E72068515	ENT_AE796A45F55E72068515	target_d001	CLINICAL_OUTCOME	recurrence of acute pancreatitis	false	medical_kg_gold				target	1		false
t::d001::ENT_AE932EFB4BF2559E24A4	ENT_AE932EFB4BF2559E24A4	target_d001	COMPOUND	The Trivedi Effect® Treated selenium	false	medical_kg_gold				target	1		false
t::d001::ENT_AE95033BC6F7C35B8A1E	ENT_AE95033BC6F7C35B8A1E	target_d001	FOOD	coffee consumption	false	medical_kg_gold				target	1		false
t::d001::ENT_AE9C61B7E78D60FC3CB6	ENT_AE9C61B7E78D60FC3CB6	target_d001	LAB_MEASUREMENT	decelerating wave intensity (W2)	false	medical_kg_gold				target	1		false
t::d001::ENT_AEA4BB1240C397825926	ENT_AEA4BB1240C397825926	target_d001	TREATMENT	gliclazide sustained-release tablets and aspart 30	false	medical_kg_gold				target	1		false
t::d001::ENT_AEC1B8030A0844B2C92C	ENT_AEC1B8030A0844B2C92C	target_d001	CLINICAL_OUTCOME	microvascular complications	false	medical_kg_gold				target	1		false
t::d001::ENT_AEC1D485E68D47A3AFF5	ENT_AEC1D485E68D47A3AFF5	target_d001	PROTEIN	plasma AT	false	medical_kg_gold				target	1		false
t::d001::ENT_AECF12F619ACCC103D27	ENT_AECF12F619ACCC103D27	target_d001	INTERVENTION	high fatty diet plus low dose STZ injection	false	medical_kg_gold				target	1		false
t::d001::ENT_AEE03279B3B0A4AAB599	ENT_AEE03279B3B0A4AAB599	target_d001	DISEASE	stenosis of carotid arteries and LEAs	false	medical_kg_gold				target	1		false
t::d001::ENT_AEEB8FB7AFB706188212	ENT_AEEB8FB7AFB706188212	target_d001	INTERVENTION	STZ-CD	false	medical_kg_gold				target	1		false
t::d001::ENT_AEEDB7B047BA5BBDACDC	ENT_AEEDB7B047BA5BBDACDC	target_d001	NUTRIENT	fats	false	medical_kg_gold				target	1		false
t::d001::ENT_AEF5C3DA055B093BB61C	ENT_AEF5C3DA055B093BB61C	target_d001	OTHER	NAT2 mutation	false	medical_kg_gold				target	1		false
t::d001::ENT_AEF8BFA4AFD839E8B17E	ENT_AEF8BFA4AFD839E8B17E	target_d001	BIOMARKER	serum IL6	false	medical_kg_gold				target	1		false
t::d001::ENT_AEFDD3DD7AEF4911BA14	ENT_AEFDD3DD7AEF4911BA14	target_d001	PHENOTYPE	central adiposity	false	medical_kg_gold				target	1		false
t::d001::ENT_AF00A6DE17AA078DB943	ENT_AF00A6DE17AA078DB943	target_d001	LAB_MEASUREMENT	average blood glucose	false	medical_kg_gold				target	1		false
t::d001::ENT_AF043FD5B330E2936916	ENT_AF043FD5B330E2936916	target_d001	LAB_MEASUREMENT	AVLT-recognition	false	medical_kg_gold				target	1		false
t::d001::ENT_AF18C771BF17600F66BB	ENT_AF18C771BF17600F66BB	target_d001	CLINICAL_OUTCOME	prevalence	false	medical_kg_gold				target	1		false
t::d001::ENT_AF1E2B8468D36C168BFF	ENT_AF1E2B8468D36C168BFF	target_d001	TREATMENT	triple combination therapy	false	medical_kg_gold				target	1		false
t::d001::ENT_AF24705DC1B14AC7BD93	ENT_AF24705DC1B14AC7BD93	target_d001	DRUG	SGLT2is	false	medical_kg_gold				target	1		false
t::d001::ENT_AF24E33D19EC316700BB	ENT_AF24E33D19EC316700BB	target_d001	PHYSIOLOGICAL_PROCESS	increment of amylin secretion	false	medical_kg_gold				target	1		false
t::d001::ENT_AF35DF499D3E532BC00D	ENT_AF35DF499D3E532BC00D	target_d001	COMPOUND	low density lipoprotein	false	medical_kg_gold				target	1		false
t::d001::ENT_AF3ECCC9078B94E017E1	ENT_AF3ECCC9078B94E017E1	target_d001	TREATMENT	continuous subcutaneous insulin infusion	false	medical_kg_gold				target	1		false
t::d001::ENT_AF430E96A22A69CF0A16	ENT_AF430E96A22A69CF0A16	target_d001	BIOMARKER	BMI	false	medical_kg_gold				target	1		false
t::d001::ENT_AF4DADB04F43C593FF6D	ENT_AF4DADB04F43C593FF6D	target_d001	CLINICAL_OUTCOME	microvascular and macrovascular complications	false	medical_kg_gold				target	1		false
t::d001::ENT_AF57839256B75E262856	ENT_AF57839256B75E262856	target_d001	PROCEDURE	argentine stimulation test	false	medical_kg_gold				target	1		false
t::d001::ENT_AF6C803E2C27FBC8B6D7	ENT_AF6C803E2C27FBC8B6D7	target_d001	LAB_MEASUREMENT	serum leptin concentration	false	medical_kg_gold				target	1		false
t::d001::ENT_AF71D5BC7D1E0C4B6C76	ENT_AF71D5BC7D1E0C4B6C76	target_d001	DIET	fruits, vegetables and nuts and whole grains in conjunction with canola oil or mustered oil	false	medical_kg_gold				target	1		false
t::d001::ENT_AF81EDE23F42F6A6265D	ENT_AF81EDE23F42F6A6265D	target_d001	FOOD	mussel meat protein hydrolysates	false	medical_kg_gold				target	1		false
t::d001::ENT_AF8B31BA850E2152EF53	ENT_AF8B31BA850E2152EF53	target_d001	DISEASE	diabetic hyperlipidemia	false	medical_kg_gold				target	1		false
t::d001::ENT_AF95C56588B7FE39D9E3	ENT_AF95C56588B7FE39D9E3	target_d001	CLINICAL_OUTCOME	sputum negative conversion	false	medical_kg_gold				target	1		false
t::d001::ENT_AFBE8A39F5323A47FC93	ENT_AFBE8A39F5323A47FC93	target_d001	DISEASE	hyperlipidemia	false	medical_kg_gold				target	1		false
t::d001::ENT_AFC1C0E509DE1BF9C572	ENT_AFC1C0E509DE1BF9C572	target_d001	OTHER	CT genotype of EXT2 rs11037909	false	medical_kg_gold				target	1		false
t::d001::ENT_AFC6AE265CB7827CAAD4	ENT_AFC6AE265CB7827CAAD4	target_d001	INTERVENTION	TCM nursing	false	medical_kg_gold				target	1		false
t::d001::ENT_AFC735A394C9A1AF4B1B	ENT_AFC735A394C9A1AF4B1B	target_d001	PHENOTYPE	impaired β-cell functioning	false	medical_kg_gold				target	1		false
t::d001::ENT_AFD4F43ED02E29CB3F93	ENT_AFD4F43ED02E29CB3F93	target_d001	METABOLITE	salivary lipids	false	medical_kg_gold				target	1		false
t::d001::ENT_AFE08D2D20B38CA7626B	ENT_AFE08D2D20B38CA7626B	target_d001	BIOLOGICAL_PROCESS	adiponectin secretion	false	medical_kg_gold				target	1		false
t::d001::ENT_AFECF6BCA77B6D021ABF	ENT_AFECF6BCA77B6D021ABF	target_d001	BIOMARKER	PEA15 expression	false	medical_kg_gold				target	1		false
t::d001::ENT_AFF79121F1316DAE2201	ENT_AFF79121F1316DAE2201	target_d001	EXERCISE	Regular physical exercise	false	medical_kg_gold				target	1		false
t::d001::ENT_B007FE275D83A3ED6BC6	ENT_B007FE275D83A3ED6BC6	target_d001	OTHER	gender	false	medical_kg_gold				target	1		false
t::d001::ENT_B01E4D2262EEDA7DCD3D	ENT_B01E4D2262EEDA7DCD3D	target_d001	TREATMENT	lispro mix25 insulin combined with acarbose tablets	false	medical_kg_gold				target	1		false
t::d001::ENT_B02ED80A1235C198F2E7	ENT_B02ED80A1235C198F2E7	target_d001	LIFESTYLE_FACTOR	psychological factors	false	medical_kg_gold				target	1		false
t::d001::ENT_B045002EFC0B36720542	ENT_B045002EFC0B36720542	target_d001	LAB_MEASUREMENT	T3	false	medical_kg_gold				target	1		false
t::d001::ENT_B069547774B034F2E84A	ENT_B069547774B034F2E84A	target_d001	PHYSIOLOGICAL_PROCESS	pulmonary diffusion capacity	false	medical_kg_gold				target	1		false
t::d001::ENT_B06CAC37F532043C64F9	ENT_B06CAC37F532043C64F9	target_d001	GENE	HSIGVL022	false	medical_kg_gold				target	1		false
t::d001::ENT_B06F541BE2479119C9BA	ENT_B06F541BE2479119C9BA	target_d001	POPULATION	overweight or obese individuals	false	medical_kg_gold				target	1		false
t::d001::ENT_B088D4F1BE2FEE3ED2CA	ENT_B088D4F1BE2FEE3ED2CA	target_d001	PHENOTYPE	cardinal features of OSA	false	medical_kg_gold				target	1		false
t::d001::ENT_B08A71A378FD096478FF	ENT_B08A71A378FD096478FF	target_d001	LAB_MEASUREMENT	cross-sectional area	false	medical_kg_gold				target	1		false
t::d001::ENT_B0971FC8757D594C0B5B	ENT_B0971FC8757D594C0B5B	target_d001	LAB_MEASUREMENT	HAMA score	false	medical_kg_gold				target	1		false
t::d001::ENT_B0988102A219746416D2	ENT_B0988102A219746416D2	target_d001	INTERVENTION	high fat high sucrose diet plus STZ	false	medical_kg_gold				target	1		false
t::d001::ENT_B09891B887EF7F4461F6	ENT_B09891B887EF7F4461F6	target_d001	LIFESTYLE_FACTOR	Physical activity (≥150 min/week, %)	false	medical_kg_gold				target	1		false
t::d001::ENT_B09FD6A429493AAF6CAA	ENT_B09FD6A429493AAF6CAA	target_d001	BIOMARKER	high fetuin-A levels	false	medical_kg_gold				target	1		false
t::d001::ENT_B0AA32523C47C2754B44	ENT_B0AA32523C47C2754B44	target_d001	DISEASE	metabolic diseases	false	medical_kg_gold				target	1		false
t::d001::ENT_B0AF43628D771BDBCEF4	ENT_B0AF43628D771BDBCEF4	target_d001	DISEASE	subclinical stroke	false	medical_kg_gold				target	1		false
t::d001::ENT_B0BC5BA8D96460061E4E	ENT_B0BC5BA8D96460061E4E	target_d001	PHYSIOLOGICAL_PROCESS	chronic subclinical inflammation	false	medical_kg_gold				target	1		false
t::d001::ENT_B0D9FDC189A57DEDC013	ENT_B0D9FDC189A57DEDC013	target_d001	OTHER	allele G of rs1544410	false	medical_kg_gold				target	1		false
t::d001::ENT_B0E3DEAB58F362C86B3C	ENT_B0E3DEAB58F362C86B3C	target_d001	LAB_MEASUREMENT	ppq5Jitter	false	medical_kg_gold				target	1		false
t::d001::ENT_B0EE1F0EDF32FDCE4E32	ENT_B0EE1F0EDF32FDCE4E32	target_d001	POPULATION	HIV-infected people	false	medical_kg_gold				target	1		false
t::d001::ENT_B0F0FCA1FFFF7FB26211	ENT_B0F0FCA1FFFF7FB26211	target_d001	PHENOTYPE	prolonged hyperglycemia	false	medical_kg_gold				target	1		false
t::d001::ENT_B0F4E01F6241376B2E01	ENT_B0F4E01F6241376B2E01	target_d001	LAB_MEASUREMENT	collum femoris BMD	false	medical_kg_gold				target	1		false
t::d001::ENT_B0FAC892D93CC0068981	ENT_B0FAC892D93CC0068981	target_d001	PROTEIN	interleukin 6 (IL-6)	false	medical_kg_gold				target	1		false
t::d001::ENT_B10201715BEB0937B10A	ENT_B10201715BEB0937B10A	target_d001	TREATMENT	healthy lifestyle modifications	false	medical_kg_gold				target	1		false
t::d001::ENT_B1331AC0E5A7E1CBDE36	ENT_B1331AC0E5A7E1CBDE36	target_d001	POPULATION	Magelang Regency	false	medical_kg_gold				target	1		false
t::d001::ENT_B13EF5D261540BD89F57	ENT_B13EF5D261540BD89F57	target_d001	PATHWAY	taurine metabolism	false	medical_kg_gold				target	1		false
t::d001::ENT_B1611B5EF12BB694B2B3	ENT_B1611B5EF12BB694B2B3	target_d001	RISK_FACTOR	genetic factors	false	medical_kg_gold				target	1		false
t::d001::ENT_B171E40DC88B136331E1	ENT_B171E40DC88B136331E1	target_d001	GENE	PPAR-γ2 expression level	false	medical_kg_gold				target	1		false
t::d001::ENT_B17E97513AFE79011183	ENT_B17E97513AFE79011183	target_d001	DIET	a diet based on foods and beverages with high sugar content and digestible starch	false	medical_kg_gold				target	1		false
t::d001::ENT_B17FCBA5152B7A98319F	ENT_B17FCBA5152B7A98319F	target_d001	BIOMARKER	OSM expression	false	medical_kg_gold				target	1		false
t::d001::ENT_B18012FF0EFE20E312EF	ENT_B18012FF0EFE20E312EF	target_d001	METABOLITE	homocysteine	false	medical_kg_gold				target	1		false
t::d001::ENT_B1BACCA49E0E32241DEC	ENT_B1BACCA49E0E32241DEC	target_d001	CLINICAL_OUTCOME	adverse cardiovascular clinical outcomes	false	medical_kg_gold				target	1		false
t::d001::ENT_B1BB03D48A75B4C2A43E	ENT_B1BB03D48A75B4C2A43E	target_d001	RISK_FACTOR	older age	false	medical_kg_gold				target	1		false
t::d001::ENT_B1C54AAFA0199B0DD3E8	ENT_B1C54AAFA0199B0DD3E8	target_d001	BIOMARKER	elevation of PAI-1 level	false	medical_kg_gold				target	1		false
t::d001::ENT_B1CE4589A42F426D94B0	ENT_B1CE4589A42F426D94B0	target_d001	GENE	eNOS mRNA	false	medical_kg_gold				target	1		false
t::d001::ENT_B1D9C4D707ECFB5933C1	ENT_B1D9C4D707ECFB5933C1	target_d001	DRUG	PSM 2b	false	medical_kg_gold				target	1		false
t::d001::ENT_B1E15AA8DC762C056770	ENT_B1E15AA8DC762C056770	target_d001	GENE	T allele frequency of PON1-108C/T	false	medical_kg_gold				target	1		false
t::d001::ENT_B1E8DABEDC7C6D8BD620	ENT_B1E8DABEDC7C6D8BD620	target_d001	OTHER	quantity and quality of sleep	false	medical_kg_gold				target	1		false
t::d001::ENT_B1E980A1A400FDACA1B2	ENT_B1E980A1A400FDACA1B2	target_d001	BIOMARKER	Inflammatory factors	false	medical_kg_gold				target	1		false
t::d001::ENT_B1EAA9C7A295063EBFDE	ENT_B1EAA9C7A295063EBFDE	target_d001	BIOMARKER	TBS	false	medical_kg_gold				target	1		false
t::d001::ENT_B1ED4B480D469D08D345	ENT_B1ED4B480D469D08D345	target_d001	GENE	mRNA expression of ghrelin receptor	false	medical_kg_gold				target	1		false
t::d001::ENT_B1F114282EF4057B61C0	ENT_B1F114282EF4057B61C0	target_d001	BIOMARKER	pitch, pitch SD, and relative average pertubation jitter	false	medical_kg_gold				target	1		false
t::d001::ENT_B1FEA65BCFAEA5F5877B	ENT_B1FEA65BCFAEA5F5877B	target_d001	DRUG	Indonesian bay leaf	false	medical_kg_gold				target	1		false
t::d001::ENT_B21A2211D34BBDCA7B76	ENT_B21A2211D34BBDCA7B76	target_d001	CLINICAL_OUTCOME	cardiovascular outcomes	false	medical_kg_gold				target	1		false
t::d001::ENT_B221D9D86D4C66EA48A9	ENT_B221D9D86D4C66EA48A9	target_d001	PHYSIOLOGICAL_PROCESS	GFR	false	medical_kg_gold				target	1		false
t::d001::ENT_B22F52AA2A2668D74990	ENT_B22F52AA2A2668D74990	target_d001	LAB_MEASUREMENT	pulsatility indexes	false	medical_kg_gold				target	1		false
t::d001::ENT_B2333B8E1B2F7F6A3208	ENT_B2333B8E1B2F7F6A3208	target_d001	DISEASE	fibrosis	false	medical_kg_gold				target	1		false
t::d001::ENT_B2371257005463240782	ENT_B2371257005463240782	target_d001	BIOMARKER	carotid IMT	false	medical_kg_gold				target	1		false
t::d001::ENT_B23C23E88AD0E1B3890B	ENT_B23C23E88AD0E1B3890B	target_d001	POPULATION	Hans	false	medical_kg_gold				target	1		false
t::d001::ENT_B243C16522FE12C23ADD	ENT_B243C16522FE12C23ADD	target_d001	LAB_MEASUREMENT	Hct	false	medical_kg_gold				target	1		false
t::d001::ENT_B25E4DE5899EB7DC06CB	ENT_B25E4DE5899EB7DC06CB	target_d001	PROTEIN	CCR5 receptor	false	medical_kg_gold				target	1		false
t::d001::ENT_B265D74700657D519258	ENT_B265D74700657D519258	target_d001	PROTEIN	TNF-a	false	medical_kg_gold				target	1		false
t::d001::ENT_B2832FA84A179FF1E133	ENT_B2832FA84A179FF1E133	target_d001	POPULATION	rural adult population of Karnataka, India	false	medical_kg_gold				target	1		false
t::d001::ENT_B284296DE25F9A59553C	ENT_B284296DE25F9A59553C	target_d001	PHYSIOLOGICAL_PROCESS	insulin resistance	false	medical_kg_gold				target	1		false
t::d001::ENT_B284490C4BBE4E8AA52A	ENT_B284490C4BBE4E8AA52A	target_d001	BIOMARKER	haplotype GGTG	false	medical_kg_gold				target	1		false
t::d001::ENT_B2864298320097FED2E7	ENT_B2864298320097FED2E7	target_d001	PROTEIN	hepatitis B core antibody	false	medical_kg_gold				target	1		false
t::d001::ENT_B28EAEEB5BE1AFC58DC9	ENT_B28EAEEB5BE1AFC58DC9	target_d001	RISK_FACTOR	smoking history	false	medical_kg_gold				target	1		false
t::d001::ENT_B290BEC8FC9219D70437	ENT_B290BEC8FC9219D70437	target_d001	DRUG	gliclazide	false	medical_kg_gold				target	1		false
t::d001::ENT_B293790F88537ABFDB65	ENT_B293790F88537ABFDB65	target_d001	BIOLOGICAL_PROCESS	phosphorylation of Akt	false	medical_kg_gold				target	1		false
t::d001::ENT_B296DA2D17E87CCEAC2F	ENT_B296DA2D17E87CCEAC2F	target_d001	DISEASE	blindness	false	medical_kg_gold				target	1		false
t::d001::ENT_B2AC680DF9E843CD6DDD	ENT_B2AC680DF9E843CD6DDD	target_d001	OTHER	qidepression	false	medical_kg_gold				target	1		false
t::d001::ENT_B2AE45C54B4BE615D65F	ENT_B2AE45C54B4BE615D65F	target_d001	POPULATION	Black Asian and minority Ethnic communities (BAME) communities	false	medical_kg_gold				target	1		false
t::d001::ENT_B2D8F99CBA6A6AE852D8	ENT_B2D8F99CBA6A6AE852D8	target_d001	PHENOTYPE	islet beta cell dysfunction and decrease	false	medical_kg_gold				target	1		false
t::d001::ENT_B2EAF68EAB3C5749EE68	ENT_B2EAF68EAB3C5749EE68	target_d001	POPULATION	children and young adults	false	medical_kg_gold				target	1		false
t::d001::ENT_B2EC66C044E0F8934362	ENT_B2EC66C044E0F8934362	target_d001	DISEASE	HF	false	medical_kg_gold				target	1		false
t::d001::ENT_B2EC8C6F0D8B48B132B3	ENT_B2EC8C6F0D8B48B132B3	target_d001	GENE	polymorphism of Calpain10 gene	false	medical_kg_gold				target	1		false
t::d001::ENT_B2F305666406862988F9	ENT_B2F305666406862988F9	target_d001	TREATMENT	Early controlling blood glucose level	false	medical_kg_gold				target	1		false
t::d001::ENT_B30BCB4161F6F923B46F	ENT_B30BCB4161F6F923B46F	target_d001	DRUG	dulaglutide	false	medical_kg_gold				target	1		false
t::d001::ENT_B31431BDBCD0FBE748B9	ENT_B31431BDBCD0FBE748B9	target_d001	TREATMENT	reconstruction of islet function	false	medical_kg_gold				target	1		false
t::d001::ENT_B319BE1E52045988FD6D	ENT_B319BE1E52045988FD6D	target_d001	DISEASE	Chronic obstructive pulmonary disease	false	medical_kg_gold				target	1		false
t::d001::ENT_B31B218840915A12CED3	ENT_B31B218840915A12CED3	target_d001	POPULATION	racial and ethnic minority populations	false	medical_kg_gold				target	1		false
t::d001::ENT_B33386B905CBA147829A	ENT_B33386B905CBA147829A	target_d001	GENE	SNP45 in adiponectin gene	false	medical_kg_gold				target	1		false
t::d001::ENT_B3361103C706C61ECD0D	ENT_B3361103C706C61ECD0D	target_d001	TREATMENT	common pharmacotherapeutic options	false	medical_kg_gold				target	1		false
t::d001::ENT_B33FDA35C953C5170DE8	ENT_B33FDA35C953C5170DE8	target_d001	BIOMARKER	serum levels of IL-6 and leptin	false	medical_kg_gold				target	1		false
t::d001::ENT_B350057058B6DAED8A03	ENT_B350057058B6DAED8A03	target_d001	LAB_MEASUREMENT	high morning blood glucose levels [115–130 mg/dl]	false	medical_kg_gold				target	1		false
t::d001::ENT_B35D3562A68668E4E7F2	ENT_B35D3562A68668E4E7F2	target_d001	LAB_MEASUREMENT	blood lipid	false	medical_kg_gold				target	1		false
t::d001::ENT_B35DA1E0D046BAA0527F	ENT_B35DA1E0D046BAA0527F	target_d001	POPULATION	Native American communities	false	medical_kg_gold				target	1		false
t::d001::ENT_B36579FA6E3941B53F6B	ENT_B36579FA6E3941B53F6B	target_d001	DISEASE	insulinoma	false	medical_kg_gold				target	1		false
t::d001::ENT_B3702813F6E6EE843394	ENT_B3702813F6E6EE843394	target_d001	BEHAVIOR	unfavorable attitudes	false	medical_kg_gold				target	1		false
t::d001::ENT_B371AE0A6AC556A63FFE	ENT_B371AE0A6AC556A63FFE	target_d001	DIET	Eating a poor-quality diet high in junk food	false	medical_kg_gold				target	1		false
t::d001::ENT_B3749365CF0416670242	ENT_B3749365CF0416670242	target_d001	BIOMARKER	IL-6	false	medical_kg_gold				target	1		false
t::d001::ENT_B3791A24AC7C8C786B96	ENT_B3791A24AC7C8C786B96	target_d001	EXERCISE	regular exercise	false	medical_kg_gold				target	1		false
t::d001::ENT_B38F542CFC21E38B878B	ENT_B38F542CFC21E38B878B	target_d001	PROTEIN	insulin receptor substrate 2	false	medical_kg_gold				target	1		false
t::d001::ENT_B39025A4DAD752D12004	ENT_B39025A4DAD752D12004	target_d001	DISEASE	cirrhosis	false	medical_kg_gold				target	1		false
t::d001::ENT_B3964A145A86FD7AFEAF	ENT_B3964A145A86FD7AFEAF	target_d001	DIET	Frequent SSB consumption	false	medical_kg_gold				target	1		false
t::d001::ENT_B397C4F30B41CEE934B6	ENT_B397C4F30B41CEE934B6	target_d001	DISEASE	lacunar infarction	false	medical_kg_gold				target	1		false
t::d001::ENT_B3A109895946F06EE324	ENT_B3A109895946F06EE324	target_d001	DISEASE	non-communicable disease	false	medical_kg_gold				target	1		false
t::d001::ENT_B3A387AB92BFC04AB2FC	ENT_B3A387AB92BFC04AB2FC	target_d001	PHENOTYPE	thickened tunica intima and tunica media	false	medical_kg_gold				target	1		false
t::d001::ENT_B3A8A0BDB7537C1400B4	ENT_B3A8A0BDB7537C1400B4	target_d001	PHYSIOLOGICAL_PROCESS	RI	false	medical_kg_gold				target	1		false
t::d001::ENT_B3AA0F5B7DE2042C690A	ENT_B3AA0F5B7DE2042C690A	target_d001	PROTEIN	serum sCD14 level	false	medical_kg_gold				target	1		false
t::d001::ENT_B3ACAACC935777B8ED46	ENT_B3ACAACC935777B8ED46	target_d001	PROTEIN	Aβ	false	medical_kg_gold				target	1		false
t::d001::ENT_B3B0391C2198CFA05F5C	ENT_B3B0391C2198CFA05F5C	target_d001	GENE	acyl CoA dehydroge nase	false	medical_kg_gold				target	1		false
t::d001::ENT_B3C76956EDF920539825	ENT_B3C76956EDF920539825	target_d001	BIOMARKER	elevated inflammatory factor	false	medical_kg_gold				target	1		false
t::d001::ENT_B3CB3876A7B0B0F240B3	ENT_B3CB3876A7B0B0F240B3	target_d001	COMPOUND	Testosterone	false	medical_kg_gold				target	1		false
t::d001::ENT_B3D02FA6DED825FA9482	ENT_B3D02FA6DED825FA9482	target_d001	OTHER	diffusive lesions	false	medical_kg_gold				target	1		false
t::d001::ENT_B3D838741678E6FDACE8	ENT_B3D838741678E6FDACE8	target_d001	LAB_MEASUREMENT	SBI	false	medical_kg_gold				target	1		false
t::d001::ENT_B401956C2A950925EAFB	ENT_B401956C2A950925EAFB	target_d001	CLINICAL_OUTCOME	long-term vascular and neurological consequences	false	medical_kg_gold				target	1		false
t::d001::ENT_B4035F154D5A499EB261	ENT_B4035F154D5A499EB261	target_d001	METABOLITE	serum Cu	false	medical_kg_gold				target	1		false
t::d001::ENT_B406C624980F9037FC2D	ENT_B406C624980F9037FC2D	target_d001	PHENOTYPE	Body mass index (BMI, kg/m²)	false	medical_kg_gold				target	1		false
t::d001::ENT_B4094D4AC374EFF45D3A	ENT_B4094D4AC374EFF45D3A	target_d001	LAB_MEASUREMENT	expression of tumor necrosis factor-alpha	false	medical_kg_gold				target	1		false
t::d001::ENT_B40DFDF0310C2AA7796D	ENT_B40DFDF0310C2AA7796D	target_d001	PROTEIN	Vonwillebrands factor	false	medical_kg_gold				target	1		false
t::d001::ENT_B4137470F3EAD4397967	ENT_B4137470F3EAD4397967	target_d001	PROTEIN	adiponectin concentration	false	medical_kg_gold				target	1		false
t::d001::ENT_B416B6255AF313255EB7	ENT_B416B6255AF313255EB7	target_d001	BIOMARKER	atherogenic index of plasma	false	medical_kg_gold				target	1		false
t::d001::ENT_B418F4188118AAD38362	ENT_B418F4188118AAD38362	target_d001	GENE	AdipoR1+10225C/G polymorphism	false	medical_kg_gold				target	1		false
t::d001::ENT_B41AB8F8B8B203AFFBE2	ENT_B41AB8F8B8B203AFFBE2	target_d001	LAB_MEASUREMENT	CAD Gensini cumulative index	false	medical_kg_gold				target	1		false
t::d001::ENT_B41BE27FBE6CB5A86578	ENT_B41BE27FBE6CB5A86578	target_d001	GENE	UCP3-55C/T	false	medical_kg_gold				target	1		false
t::d001::ENT_B41C55DCA9430428AB92	ENT_B41C55DCA9430428AB92	target_d001	BIOMARKER	GMP 140	false	medical_kg_gold				target	1		false
t::d001::ENT_B429EAF2F12FC8E4DB0D	ENT_B429EAF2F12FC8E4DB0D	target_d001	BIOMARKER	Markers and Mediators of Autophagy	false	medical_kg_gold				target	1		false
t::d001::ENT_B43D528BCB999188B00E	ENT_B43D528BCB999188B00E	target_d001	BIOMARKER	sCD40L	false	medical_kg_gold				target	1		false
t::d001::ENT_B43F65483DFEAD04810F	ENT_B43F65483DFEAD04810F	target_d001	DRUG	PTP-1B inhibitors	false	medical_kg_gold				target	1		false
t::d001::ENT_B44B927FBB0C17007501	ENT_B44B927FBB0C17007501	target_d001	RISK_FACTOR	age and BMI	false	medical_kg_gold				target	1		false
t::d001::ENT_B44F05F26F3620590EA8	ENT_B44F05F26F3620590EA8	target_d001	BIOMARKER	TLR4 expression	false	medical_kg_gold				target	1		false
t::d001::ENT_B44FAD95CD07F5823E27	ENT_B44FAD95CD07F5823E27	target_d001	OTHER	T130I of HNF4A	false	medical_kg_gold				target	1		false
t::d001::ENT_B461D3D6EB9A9A738ED0	ENT_B461D3D6EB9A9A738ED0	target_d001	DISEASE	sleep apnea syndrome	false	medical_kg_gold				target	1		false
t::d001::ENT_B461DFC508DA1DE1B558	ENT_B461DFC508DA1DE1B558	target_d001	DISEASE	obsessive compulsive disorder	false	medical_kg_gold				target	1		false
t::d001::ENT_B46F05B7D2B225D1E6CA	ENT_B46F05B7D2B225D1E6CA	target_d001	PHENOTYPE	reduced incretin effect	false	medical_kg_gold				target	1		false
t::d001::ENT_B478126EA559276D7C87	ENT_B478126EA559276D7C87	target_d001	PROTEIN	albumin levels	false	medical_kg_gold				target	1		false
t::d001::ENT_B491FD3F69EC9346C813	ENT_B491FD3F69EC9346C813	target_d001	DRUG	pumpkin polysaccharides and puerarin combination	false	medical_kg_gold				target	1		false
t::d001::ENT_B496F39F12DDDD5AB230	ENT_B496F39F12DDDD5AB230	target_d001	BIOMARKER	plasma urotensin II level	false	medical_kg_gold				target	1		false
t::d001::ENT_B49C66922671AFF5BBFE	ENT_B49C66922671AFF5BBFE	target_d001	OTHER	insulin receptor substrate-1 (IRS-1) gene polymorphism	false	medical_kg_gold				target	1		false
t::d001::ENT_B4A7DD6974D4F7DF908A	ENT_B4A7DD6974D4F7DF908A	target_d001	PHYSIOLOGICAL_PROCESS	left ventricular diastolic function	false	medical_kg_gold				target	1		false
t::d001::ENT_B4B3883522C3BF12E559	ENT_B4B3883522C3BF12E559	target_d001	OTHER	Mutations in mitochondrial DNA (mtDNA)	false	medical_kg_gold				target	1		false
t::d001::ENT_B4BC2B61480773F7D88E	ENT_B4BC2B61480773F7D88E	target_d001	OTHER	Loci on region 1p31, 20p13 and 20q13.3	false	medical_kg_gold				target	1		false
t::d001::ENT_B4C55EE2730505AAA451	ENT_B4C55EE2730505AAA451	target_d001	PHENOTYPE	perturbations in cholesterol metabolism	false	medical_kg_gold				target	1		false
t::d001::ENT_B4C623338BD10BE86D7B	ENT_B4C623338BD10BE86D7B	target_d001	PHYSIOLOGICAL_PROCESS	visual and spatial working memory	false	medical_kg_gold				target	1		false
t::d001::ENT_B4D0D8BD2FFB26093D4F	ENT_B4D0D8BD2FFB26093D4F	target_d001	OTHER	SUR1 31外显子等位基因A	false	medical_kg_gold				target	1		false
t::d001::ENT_B4E19C58E8A5AD12907C	ENT_B4E19C58E8A5AD12907C	target_d001	GENE	HLA-A2	false	medical_kg_gold				target	1		false
t::d001::ENT_B4F193FCF55317CE792E	ENT_B4F193FCF55317CE792E	target_d001	PROTEIN	serum MMP-2	false	medical_kg_gold				target	1		false
t::d001::ENT_B4F4F916ADE439AFFF1D	ENT_B4F4F916ADE439AFFF1D	target_d001	PHENOTYPE	this defect	false	medical_kg_gold				target	1		false
t::d001::ENT_B4F7360EE9BCEB7CB404	ENT_B4F7360EE9BCEB7CB404	target_d001	PROTEIN	CD3	false	medical_kg_gold				target	1		false
t::d001::ENT_B4FCAAC456E98440012C	ENT_B4FCAAC456E98440012C	target_d001	LAB_MEASUREMENT	serum osteocalcin	false	medical_kg_gold				target	1		false
t::d001::ENT_B506BB2F2EDE73C0C9B5	ENT_B506BB2F2EDE73C0C9B5	target_d001	DISEASE	lower extremity arterial atherosclerosis	false	medical_kg_gold				target	1		false
t::d001::ENT_B51CFF6519AD4DA884E0	ENT_B51CFF6519AD4DA884E0	target_d001	LAB_MEASUREMENT	PPD	false	medical_kg_gold				target	1		false
t::d001::ENT_B5218675ABF48028E1BF	ENT_B5218675ABF48028E1BF	target_d001	LAB_MEASUREMENT	serum uric acid	false	medical_kg_gold				target	1		false
t::d001::ENT_B5278CC0AE8380EC0F76	ENT_B5278CC0AE8380EC0F76	target_d001	LAB_MEASUREMENT	cardio-ankle vascular index	false	medical_kg_gold				target	1		false
t::d001::ENT_B53378220E299ED6045E	ENT_B53378220E299ED6045E	target_d001	BEHAVIOR	alcohol addiction	false	medical_kg_gold				target	1		false
t::d001::ENT_B53773DB8E4186DDD365	ENT_B53773DB8E4186DDD365	target_d001	OTHER	TT genotype of EXT2 rs11037909	false	medical_kg_gold				target	1		false
t::d001::ENT_B54CA5624BC677A9FDA7	ENT_B54CA5624BC677A9FDA7	target_d001	PHYSIOLOGICAL_PROCESS	weight loss	false	medical_kg_gold				target	1		false
t::d001::ENT_B557E687816AC5FB7BB2	ENT_B557E687816AC5FB7BB2	target_d001	EXERCISE	exercise prescription	false	medical_kg_gold				target	1		false
t::d001::ENT_B56C82CF5D4F039FC06C	ENT_B56C82CF5D4F039FC06C	target_d001	METABOLITE	alanine	false	medical_kg_gold				target	1		false
t::d001::ENT_B5741DEA43B5F1C0810F	ENT_B5741DEA43B5F1C0810F	target_d001	LAB_MEASUREMENT	Serum creatinine	false	medical_kg_gold				target	1		false
t::d001::ENT_B5785B519B5C053F29EE	ENT_B5785B519B5C053F29EE	target_d001	CLINICAL_OUTCOME	sudden cardiac death	false	medical_kg_gold				target	1		false
t::d001::ENT_B58FCF9F7A76E7A35C4A	ENT_B58FCF9F7A76E7A35C4A	target_d001	OTHER	Disposition Index	false	medical_kg_gold				target	1		false
t::d001::ENT_B5908F33D7519B77A80B	ENT_B5908F33D7519B77A80B	target_d001	RISK_FACTOR	fazla kilo ve sismanligin	false	medical_kg_gold				target	1		false
t::d001::ENT_B5971EC0643080B809CF	ENT_B5971EC0643080B809CF	target_d001	OTHER	D. gangeticum	false	medical_kg_gold				target	1		false
t::d001::ENT_B5A02F41949BC99456ED	ENT_B5A02F41949BC99456ED	target_d001	LAB_MEASUREMENT	albuminuria	false	medical_kg_gold				target	1		false
t::d001::ENT_B5A8F01B0EEDACCAE967	ENT_B5A8F01B0EEDACCAE967	target_d001	BIOMARKER	plasma endothelin	false	medical_kg_gold				target	1		false
t::d001::ENT_B5B7FE2E430E27FB1EA0	ENT_B5B7FE2E430E27FB1EA0	target_d001	TREATMENT	mesenchymal stem cell infusion	false	medical_kg_gold				target	1		false
t::d001::ENT_B5BA016435A398A01B79	ENT_B5BA016435A398A01B79	target_d001	GENE	sulfonylurea receptor 1 gene variant	false	medical_kg_gold				target	1		false
t::d001::ENT_B5C3DB7C90A702FD3D65	ENT_B5C3DB7C90A702FD3D65	target_d001	OTHER	C allele of rs12953258 polymorphism of SOCS-3	false	medical_kg_gold				target	1		false
t::d001::ENT_B5C6EDBDDDC46E396F69	ENT_B5C6EDBDDDC46E396F69	target_d001	GENE	IGF2BP2 rs4402960 polymorphism	false	medical_kg_gold				target	1		false
t::d001::ENT_B5D172E86EEFEDFDCCF2	ENT_B5D172E86EEFEDFDCCF2	target_d001	DISEASE	lower extremity vascular disease	false	medical_kg_gold				target	1		false
t::d001::ENT_B5D22ACB3A490ECBD826	ENT_B5D22ACB3A490ECBD826	target_d001	PROTEIN	HbA1c	false	medical_kg_gold				target	1		false
t::d001::ENT_B5DA034D5AA45166C6EB	ENT_B5DA034D5AA45166C6EB	target_d001	CLINICAL_OUTCOME	SYNTAX score	false	medical_kg_gold				target	1		false
t::d001::ENT_B5DC8B07AA625D6B5693	ENT_B5DC8B07AA625D6B5693	target_d001	OTHER	sonographic characteristics	false	medical_kg_gold				target	1		false
t::d001::ENT_B5F5CCFBDAF50FF04969	ENT_B5F5CCFBDAF50FF04969	target_d001	OTHER	53.24%	false	medical_kg_gold				target	1		false
t::d001::ENT_B5FE0EEF45E176B06733	ENT_B5FE0EEF45E176B06733	target_d001	DRUG	strepzotocin	false	medical_kg_gold				target	1		false
t::d001::ENT_B6047BF6A456EF909481	ENT_B6047BF6A456EF909481	target_d001	DISEASE	overlap syndrome	false	medical_kg_gold				target	1		false
t::d001::ENT_B60EA058525B8BA17FDF	ENT_B60EA058525B8BA17FDF	target_d001	LAB_MEASUREMENT	blood urea	false	medical_kg_gold				target	1		false
t::d001::ENT_B634E6361E107A60CEFB	ENT_B634E6361E107A60CEFB	target_d001	RISK_FACTOR	foetal and infant nutritional role	false	medical_kg_gold				target	1		false
t::d001::ENT_B6390E0C181022908CFB	ENT_B6390E0C181022908CFB	target_d001	PROCEDURE	sleeve gastrectomy with ileal interposition and duodenojejunal bypass	false	medical_kg_gold				target	1		false
t::d001::ENT_B6430C7B00A03D2CE88F	ENT_B6430C7B00A03D2CE88F	target_d001	BIOMARKER	serum cystatin C	false	medical_kg_gold				target	1		false
t::d001::ENT_B645B2D254734AF7C298	ENT_B645B2D254734AF7C298	target_d001	GENE	IGF2BP2	false	medical_kg_gold				target	1		false
t::d001::ENT_B64A28C70954953F1825	ENT_B64A28C70954953F1825	target_d001	OTHER	phlegm and blood	false	medical_kg_gold				target	1		false
t::d001::ENT_B64EA64433A2A09528F5	ENT_B64EA64433A2A09528F5	target_d001	GENE	P239Q mutation of IPF1	false	medical_kg_gold				target	1		false
t::d001::ENT_B6501BEA694DA61C8A00	ENT_B6501BEA694DA61C8A00	target_d001	LAB_MEASUREMENT	24-hour urinary protein excretion	false	medical_kg_gold				target	1		false
t::d001::ENT_B667D8C608D02B58DD7B	ENT_B667D8C608D02B58DD7B	target_d001	PROTEIN	soluble leptin receptor	false	medical_kg_gold				target	1		false
t::d001::ENT_B66A8B822AD7C5EF0131	ENT_B66A8B822AD7C5EF0131	target_d001	OTHER	three-typed syndrome differentiation	false	medical_kg_gold				target	1		false
t::d001::ENT_B672CDE7F94E6BB23F49	ENT_B672CDE7F94E6BB23F49	target_d001	OTHER	mitochondrial single nucleotide polymorphisms	false	medical_kg_gold				target	1		false
t::d001::ENT_B6734F2D0B17B5FD830F	ENT_B6734F2D0B17B5FD830F	target_d001	FOOD	whole grains	false	medical_kg_gold				target	1		false
t::d001::ENT_B682A12BCED622163382	ENT_B682A12BCED622163382	target_d001	COMPOUND	1α,25-hydroxyvitamin D3	false	medical_kg_gold				target	1		false
t::d001::ENT_B6A3641E35877CE29C65	ENT_B6A3641E35877CE29C65	target_d001	DRUG	GLP-1 RA	false	medical_kg_gold				target	1		false
t::d001::ENT_B6AA2B84CDC80E73F344	ENT_B6AA2B84CDC80E73F344	target_d001	TREATMENT	toxin-relieving, collateral-unblocking and liver-discharging therapy	false	medical_kg_gold				target	1		false
t::d001::ENT_B6B4A77BC70F0BD12938	ENT_B6B4A77BC70F0BD12938	target_d001	PROTEIN	reduced serum adiponectin	false	medical_kg_gold				target	1		false
t::d001::ENT_B6B6387CF4F0F8A3850E	ENT_B6B6387CF4F0F8A3850E	target_d001	DISEASE	tuberculosis	false	medical_kg_gold				target	1		false
t::d001::ENT_B6C5A64D5CB3718917C1	ENT_B6C5A64D5CB3718917C1	target_d001	GENE	Genotype TT	false	medical_kg_gold				target	1		false
t::d001::ENT_B6D47498F8EF79545F32	ENT_B6D47498F8EF79545F32	target_d001	TREATMENT	sitagliptin combined with metformin	false	medical_kg_gold				target	1		false
t::d001::ENT_B6D628CEE5D658025F45	ENT_B6D628CEE5D658025F45	target_d001	METABOLITE	TCH	false	medical_kg_gold				target	1		false
t::d001::ENT_B6E8366693C44F48F5ED	ENT_B6E8366693C44F48F5ED	target_d001	BEHAVIOR	regular oral health examination	false	medical_kg_gold				target	1		false
t::d001::ENT_B6F51733EB7F3B6507AA	ENT_B6F51733EB7F3B6507AA	target_d001	PROTEIN	ClC-3 protein	false	medical_kg_gold				target	1		false
t::d001::ENT_B6F95397F56221E487D5	ENT_B6F95397F56221E487D5	target_d001	RISK_FACTOR	clustering of metabolic syndrome components	false	medical_kg_gold				target	1		false
t::d001::ENT_B6F9E25D6DAC2594E8D6	ENT_B6F9E25D6DAC2594E8D6	target_d001	CLINICAL_OUTCOME	implant osseointergration	false	medical_kg_gold				target	1		false
t::d001::ENT_B7142C644B2621E995E4	ENT_B7142C644B2621E995E4	target_d001	LAB_MEASUREMENT	blood pressure	false	medical_kg_gold				target	1		false
t::d001::ENT_B7192DAAABDCBB7158F1	ENT_B7192DAAABDCBB7158F1	target_d001	DIET	often eating sweet food	false	medical_kg_gold				target	1		false
t::d001::ENT_B71BBAE3E94977D322C3	ENT_B71BBAE3E94977D322C3	target_d001	ORGAN	the pancreas	false	medical_kg_gold				target	1		false
t::d001::ENT_B72549F0A2EF25ED8CC6	ENT_B72549F0A2EF25ED8CC6	target_d001	BEHAVIOR	cigarette smoking	false	medical_kg_gold				target	1		false
t::d001::ENT_B7374771483190AD793D	ENT_B7374771483190AD793D	target_d001	OTHER	double-layered microneedle	false	medical_kg_gold				target	1		false
t::d001::ENT_B739C526BBC4BF5F518C	ENT_B739C526BBC4BF5F518C	target_d001	BIOMARKER	serum GLDL	false	medical_kg_gold				target	1		false
t::d001::ENT_B74E1B5E46B5C5B12B22	ENT_B74E1B5E46B5C5B12B22	target_d001	BIOMARKER	P300 component of ERPs	false	medical_kg_gold				target	1		false
t::d001::ENT_B75C91E9681E993F072D	ENT_B75C91E9681E993F072D	target_d001	DISEASE	hypertriglyceridaemia	false	medical_kg_gold				target	1		false
t::d001::ENT_B76960546F25CDDDFE91	ENT_B76960546F25CDDDFE91	target_d001	PHENOTYPE	β-cell functioning	false	medical_kg_gold				target	1		false
t::d001::ENT_B77524CAB008AB2E3E42	ENT_B77524CAB008AB2E3E42	target_d001	GENE	ACC-beta (I16/73 CT) polymorphism	false	medical_kg_gold				target	1		false
t::d001::ENT_B7771528E0D3B03B34C3	ENT_B7771528E0D3B03B34C3	target_d001	DISEASE	hyperosmolar hyperglycemic state (HHS)	false	medical_kg_gold				target	1		false
t::d001::ENT_B77E7799482265A5127B	ENT_B77E7799482265A5127B	target_d001	PROTEIN	cystatin C	false	medical_kg_gold				target	1		false
t::d001::ENT_B79B34FE56FF70F24B0E	ENT_B79B34FE56FF70F24B0E	target_d001	OTHER	relative insulin decrease	false	medical_kg_gold				target	1		false
t::d001::ENT_B7ACB92D87CDF935418C	ENT_B7ACB92D87CDF935418C	target_d001	BIOMARKER	WHR	false	medical_kg_gold				target	1		false
t::d001::ENT_B7C063E95011DE71BBBF	ENT_B7C063E95011DE71BBBF	target_d001	GENE	5351A→ G	false	medical_kg_gold				target	1		false
t::d001::ENT_B7CAC42CE2DA5394DD08	ENT_B7CAC42CE2DA5394DD08	target_d001	LIFESTYLE_FACTOR	lack of physical activity	false	medical_kg_gold				target	1		false
t::d001::ENT_B7D3CDBF65A0CFEABF1F	ENT_B7D3CDBF65A0CFEABF1F	target_d001	DISEASE	obstructive sleep apnea	false	medical_kg_gold				target	1		false
t::d001::ENT_B7ED0BF7BA463417CBAB	ENT_B7ED0BF7BA463417CBAB	target_d001	DISEASE	PD	false	medical_kg_gold				target	1		false
t::d001::ENT_B7EDA52006D5A585E601	ENT_B7EDA52006D5A585E601	target_d001	OTHER	attention	false	medical_kg_gold				target	1		false
t::d001::ENT_B7F159927F29A48F13BF	ENT_B7F159927F29A48F13BF	target_d001	PHYSIOLOGICAL_PROCESS	glucose uptake	false	medical_kg_gold				target	1		false
t::d001::ENT_B801D6DD9B3F5F7897C3	ENT_B801D6DD9B3F5F7897C3	target_d001	OTHER	Bacteroides	false	medical_kg_gold				target	1		false
t::d001::ENT_B807A1466C7A7F3EF555	ENT_B807A1466C7A7F3EF555	target_d001	BIOMARKER	Disproportionately increased PI	false	medical_kg_gold				target	1		false
t::d001::ENT_B81166E6C5E628CDC7BB	ENT_B81166E6C5E628CDC7BB	target_d001	DISEASE	Hypertension	false	medical_kg_gold				target	1		false
t::d001::ENT_B814AB132D0DDFA5A701	ENT_B814AB132D0DDFA5A701	target_d001	NUTRIENT	calcium	false	medical_kg_gold				target	1		false
t::d001::ENT_B817484FBA2364FF894C	ENT_B817484FBA2364FF894C	target_d001	POPULATION	individuals with lower education, income, and racial/ethnic minorities	false	medical_kg_gold				target	1		false
t::d001::ENT_B81F02F87E2613A2075B	ENT_B81F02F87E2613A2075B	target_d001	BIOMARKER	LAP	false	medical_kg_gold				target	1		false
t::d001::ENT_B82185C275BAF3F01EB0	ENT_B82185C275BAF3F01EB0	target_d001	LAB_MEASUREMENT	Urinary bile acid excretion	false	medical_kg_gold				target	1		false
t::d001::ENT_B833B4AC04C6A8E29A91	ENT_B833B4AC04C6A8E29A91	target_d001	RISK_FACTOR	IRS-1 codon 971 AGG genotype	false	medical_kg_gold				target	1		false
t::d001::ENT_B837EE6B8E407A5C9F69	ENT_B837EE6B8E407A5C9F69	target_d001	LIFESTYLE_FACTOR	Nutrition and physical activity	false	medical_kg_gold				target	1		false
t::d001::ENT_B838B49D3586E5BAB98B	ENT_B838B49D3586E5BAB98B	target_d001	CLINICAL_OUTCOME	response to antiviral therapy	false	medical_kg_gold				target	1		false
t::d001::ENT_B859263F1E8771A5E2E3	ENT_B859263F1E8771A5E2E3	target_d001	BIOMARKER	plasma omentin1 levels	false	medical_kg_gold				target	1		false
t::d001::ENT_B85C102850F66756060C	ENT_B85C102850F66756060C	target_d001	LAB_MEASUREMENT	DI	false	medical_kg_gold				target	1		false
t::d001::ENT_B85D49AA7A86836184FA	ENT_B85D49AA7A86836184FA	target_d001	GENE	TCF7L2 polymorphism Rs7903146	false	medical_kg_gold				target	1		false
t::d001::ENT_B85D7B275475044C117D	ENT_B85D7B275475044C117D	target_d001	LAB_MEASUREMENT	fasting insulin	false	medical_kg_gold				target	1		false
t::d001::ENT_B86289940EE3B7020160	ENT_B86289940EE3B7020160	target_d001	GENE	SR-B1	false	medical_kg_gold				target	1		false
t::d001::ENT_B86AC39DF7C38C87B205	ENT_B86AC39DF7C38C87B205	target_d001	PHYSIOLOGICAL_PROCESS	dysfunction of all phases of insulin secretion	false	medical_kg_gold				target	1		false
t::d001::ENT_B87627EF908D33377FEE	ENT_B87627EF908D33377FEE	target_d001	LAB_MEASUREMENT	elevated blood glucose levels	false	medical_kg_gold				target	1		false
t::d001::ENT_B87A7472351EF9AD1209	ENT_B87A7472351EF9AD1209	target_d001	INTERVENTION	high fat diet adding STZ	false	medical_kg_gold				target	1		false
t::d001::ENT_B882E88855111C576E85	ENT_B882E88855111C576E85	target_d001	RISK_FACTOR	waist-to-hip ratio(WHR)	false	medical_kg_gold				target	1		false
t::d001::ENT_B8859AA920B34C0DD6BD	ENT_B8859AA920B34C0DD6BD	target_d001	DISEASE	rhinomaxillary mucormycosis	false	medical_kg_gold				target	1		false
t::d001::ENT_B886840336EA5AABBE79	ENT_B886840336EA5AABBE79	target_d001	BIOMARKER	voice recordings	false	medical_kg_gold				target	1		false
t::d001::ENT_B88780C999BC00FF6B26	ENT_B88780C999BC00FF6B26	target_d001	DISEASE	Turner syndrome	false	medical_kg_gold				target	1		false
t::d001::ENT_B88EA467C8E40CBFC16E	ENT_B88EA467C8E40CBFC16E	target_d001	BEHAVIOR	light to moderate alcohol consumption	false	medical_kg_gold				target	1		false
t::d001::ENT_B890B37010D98414B95D	ENT_B890B37010D98414B95D	target_d001	CLINICAL_OUTCOME	serious complications	false	medical_kg_gold				target	1		false
t::d001::ENT_B8999E8A015105B83ADB	ENT_B8999E8A015105B83ADB	target_d001	TREATMENT	the combination	false	medical_kg_gold				target	1		false
t::d001::ENT_B8AAFDBB29F7BF4F1BD7	ENT_B8AAFDBB29F7BF4F1BD7	target_d001	DISEASE	Type I Diabetes Mellitus	false	medical_kg_gold				target	1		false
t::d001::ENT_B8AC8A3A1DCE41E8765E	ENT_B8AC8A3A1DCE41E8765E	target_d001	PHYSIOLOGICAL_PROCESS	peripheral insulin resistance	false	medical_kg_gold				target	1		false
t::d001::ENT_B8B2DC60D6FF31434957	ENT_B8B2DC60D6FF31434957	target_d001	OTHER	MC4R p.Ile269Asn	false	medical_kg_gold				target	1		false
t::d001::ENT_B8BA0E74281E8F5A00E2	ENT_B8BA0E74281E8F5A00E2	target_d001	POPULATION	Black Americans -- particularly women	false	medical_kg_gold				target	1		false
t::d001::ENT_B8BE215B2215DC90B626	ENT_B8BE215B2215DC90B626	target_d001	PROTEIN	NGF expression	false	medical_kg_gold				target	1		false
t::d001::ENT_B8C2AD81D7B7DB814075	ENT_B8C2AD81D7B7DB814075	target_d001	METABOLITE	3-NT	false	medical_kg_gold				target	1		false
t::d001::ENT_B8CC578939AFAC15B24E	ENT_B8CC578939AFAC15B24E	target_d001	OTHER	gastric Ghrelin mRNA expression	false	medical_kg_gold				target	1		false
t::d001::ENT_B8F250AFB97A98E568AD	ENT_B8F250AFB97A98E568AD	target_d001	PROCEDURE	metabolic surgery (Laparoscopic Roux-en-Y gastric bypass, LRYGB)	false	medical_kg_gold				target	1		false
t::d001::ENT_B9137DAD517FF6FB0E47	ENT_B9137DAD517FF6FB0E47	target_d001	LAB_MEASUREMENT	free fatty acids	false	medical_kg_gold				target	1		false
t::d001::ENT_B914E63330F88DB9576A	ENT_B914E63330F88DB9576A	target_d001	BIOMARKER	HindIII	false	medical_kg_gold				target	1		false
t::d001::ENT_B920B49807CE5B8A183B	ENT_B920B49807CE5B8A183B	target_d001	PROTEIN	G protein-coupled receptor 40 (GPR40)	false	medical_kg_gold				target	1		false
t::d001::ENT_B92B0616BBCB89680EF3	ENT_B92B0616BBCB89680EF3	target_d001	LAB_MEASUREMENT	HbAIC	false	medical_kg_gold				target	1		false
t::d001::ENT_B93B1FC9F2A8A86FA5CC	ENT_B93B1FC9F2A8A86FA5CC	target_d001	LAB_MEASUREMENT	mid arm circumference (MAC)	false	medical_kg_gold				target	1		false
t::d001::ENT_B93DC7F6656FE6F5E9B5	ENT_B93DC7F6656FE6F5E9B5	target_d001	DISEASE	diyabetik el sendromu	false	medical_kg_gold				target	1		false
t::d001::ENT_B9439043B634FE8A6B3C	ENT_B9439043B634FE8A6B3C	target_d001	COMPOUND	H2S	false	medical_kg_gold				target	1		false
t::d001::ENT_B945414574D1C0283B75	ENT_B945414574D1C0283B75	target_d001	PHENOTYPE	age at menarche	false	medical_kg_gold				target	1		false
t::d001::ENT_B9642E0BA401B503B857	ENT_B9642E0BA401B503B857	target_d001	TREATMENT	DPP-4 inhibition	false	medical_kg_gold				target	1		false
t::d001::ENT_B965FC888A614FF7E4EE	ENT_B965FC888A614FF7E4EE	target_d001	DRUG	domestic repaglinide	false	medical_kg_gold				target	1		false
t::d001::ENT_B9701B3FE8FFDDEF02E2	ENT_B9701B3FE8FFDDEF02E2	target_d001	DISEASE	renal insufficiency	false	medical_kg_gold				target	1		false
t::d001::ENT_B97B85F5544C18B86243	ENT_B97B85F5544C18B86243	target_d001	DISEASE	lesions of vertebral artery	false	medical_kg_gold				target	1		false
t::d001::ENT_B9AA6894E0B36776DB31	ENT_B9AA6894E0B36776DB31	target_d001	OTHER	A5.1 allele	false	medical_kg_gold				target	1		false
t::d001::ENT_B9B4679362CF6BDCB342	ENT_B9B4679362CF6BDCB342	target_d001	PROTEIN	FCP	false	medical_kg_gold				target	1		false
t::d001::ENT_B9B5440E10E843B6CD1D	ENT_B9B5440E10E843B6CD1D	target_d001	BEHAVIOR	Not breastfeeding	false	medical_kg_gold				target	1		false
t::d001::ENT_B9B653DFCA1DF0A939A3	ENT_B9B653DFCA1DF0A939A3	target_d001	BIOMARKER	25-hydroxy vitamin D	false	medical_kg_gold				target	1		false
t::d001::ENT_B9CE76E10839D280DE78	ENT_B9CE76E10839D280DE78	target_d001	PHENOTYPE	aortic arch intima thickening	false	medical_kg_gold				target	1		false
t::d001::ENT_B9D0BB333BA788FB74EF	ENT_B9D0BB333BA788FB74EF	target_d001	METABOLITE	LDL	false	medical_kg_gold				target	1		false
t::d001::ENT_B9D3F8828222585D8A06	ENT_B9D3F8828222585D8A06	target_d001	BIOMARKER	thyroid peroxidase antibody	false	medical_kg_gold				target	1		false
t::d001::ENT_B9D92DA486E9295CA602	ENT_B9D92DA486E9295CA602	target_d001	BIOMARKER	IL-6 level in plasma	false	medical_kg_gold				target	1		false
t::d001::ENT_B9E50C8F96653177CC15	ENT_B9E50C8F96653177CC15	target_d001	GENE	IL-10 (genotype -1082G/G)	false	medical_kg_gold				target	1		false
t::d001::ENT_B9F1580DB81F473B7FBF	ENT_B9F1580DB81F473B7FBF	target_d001	BIOMARKER	serum adiponectin	false	medical_kg_gold				target	1		false
t::d001::ENT_B9F69489A03EE1A9FD2C	ENT_B9F69489A03EE1A9FD2C	target_d001	LAB_MEASUREMENT	immunoglobulin and complement level	false	medical_kg_gold				target	1		false
t::d001::ENT_BA03EE970B13FB8425C5	ENT_BA03EE970B13FB8425C5	target_d001	OTHER	rs4402960 polymorphism in IGF2BP2	false	medical_kg_gold				target	1		false
t::d001::ENT_BA091312BDEAD079E6CE	ENT_BA091312BDEAD079E6CE	target_d001	PROTEIN	visfatin	false	medical_kg_gold				target	1		false
t::d001::ENT_BA0B99B8AAA7C26AEB12	ENT_BA0B99B8AAA7C26AEB12	target_d001	INTERVENTION	weight control	false	medical_kg_gold				target	1		false
t::d001::ENT_BA1E8D0B10C5D3962541	ENT_BA1E8D0B10C5D3962541	target_d001	CLINICAL_OUTCOME	long-term prognosis	false	medical_kg_gold				target	1		false
t::d001::ENT_BA4F58F7AFCF8DE391DD	ENT_BA4F58F7AFCF8DE391DD	target_d001	GENE	TCF7L2 rs12255372	false	medical_kg_gold				target	1		false
t::d001::ENT_BA54EF2ECEFE344D11E1	ENT_BA54EF2ECEFE344D11E1	target_d001	PROTEIN	ATGL	false	medical_kg_gold				target	1		false
t::d001::ENT_BA629BFE97D5F387F467	ENT_BA629BFE97D5F387F467	target_d001	LAB_MEASUREMENT	protein C activity	false	medical_kg_gold				target	1		false
t::d001::ENT_BA6BC4F3EFFDBCC8317D	ENT_BA6BC4F3EFFDBCC8317D	target_d001	LAB_MEASUREMENT	Carotid blood flow velocities in the common carotid and internal carotid arteries	false	medical_kg_gold				target	1		false
t::d001::ENT_BA6F0AE2A1110BC0B108	ENT_BA6F0AE2A1110BC0B108	target_d001	OTHER	AR 5'end(AC)n polymorphic marker	false	medical_kg_gold				target	1		false
t::d001::ENT_BA77CF18A9B3FE5FEC8E	ENT_BA77CF18A9B3FE5FEC8E	target_d001	METABOLITE	Low 25(OH)D	false	medical_kg_gold				target	1		false
t::d001::ENT_BA8B4DF482BF27B3C084	ENT_BA8B4DF482BF27B3C084	target_d001	FOOD	soybean	false	medical_kg_gold				target	1		false
t::d001::ENT_BA930B251381A5ED355E	ENT_BA930B251381A5ED355E	target_d001	PROCEDURE	Bariatric surgery	false	medical_kg_gold				target	1		false
t::d001::ENT_BA935C7F1CF163090916	ENT_BA935C7F1CF163090916	target_d001	OTHER	Pancreatic fat loss	false	medical_kg_gold				target	1		false
t::d001::ENT_BAAF5FC3B77D170A33FD	ENT_BAAF5FC3B77D170A33FD	target_d001	PHYSIOLOGICAL_PROCESS	β-cell functional activity	false	medical_kg_gold				target	1		false
t::d001::ENT_BAC4B3D68D780558615E	ENT_BAC4B3D68D780558615E	target_d001	DISEASE	sleep disorder	false	medical_kg_gold				target	1		false
t::d001::ENT_BACEDE309378FC0F6896	ENT_BACEDE309378FC0F6896	target_d001	BIOMARKER	serum 8-OHdG	false	medical_kg_gold				target	1		false
t::d001::ENT_BAD881937475E248293A	ENT_BAD881937475E248293A	target_d001	INTERVENTION	Appreciation Influence and Control (AIC) technique	false	medical_kg_gold				target	1		false
t::d001::ENT_BAE1B06118142FDADCAB	ENT_BAE1B06118142FDADCAB	target_d001	LAB_MEASUREMENT	fasting blood sugar (FPG)	false	medical_kg_gold				target	1		false
t::d001::ENT_BAE6CC44DB6392C6B2C0	ENT_BAE6CC44DB6392C6B2C0	target_d001	LAB_MEASUREMENT	N40 peak latency	false	medical_kg_gold				target	1		false
t::d001::ENT_BAE9C1C7B5EE73B44CB2	ENT_BAE9C1C7B5EE73B44CB2	target_d001	RISK_FACTOR	early age at adiposity rebound	false	medical_kg_gold				target	1		false
t::d001::ENT_BAF65CB5C303DF04335E	ENT_BAF65CB5C303DF04335E	target_d001	PROCEDURE	laparoscopic Roux-en-Y gastric bypass	false	medical_kg_gold				target	1		false
t::d001::ENT_BAFE1EB1F78472EE8E24	ENT_BAFE1EB1F78472EE8E24	target_d001	NUTRIENT	total fat	false	medical_kg_gold				target	1		false
t::d001::ENT_BB08A365D990ADFD788E	ENT_BB08A365D990ADFD788E	target_d001	DISEASE	hypoglycemia	false	medical_kg_gold				target	1		false
t::d001::ENT_BB0E82F7908DC6391156	ENT_BB0E82F7908DC6391156	target_d001	BIOMARKER	Plasma ZBED3 level	false	medical_kg_gold				target	1		false
t::d001::ENT_BB1092AE789273520FC6	ENT_BB1092AE789273520FC6	target_d001	METABOLITE	25-OH-D3	false	medical_kg_gold				target	1		false
t::d001::ENT_BB10F0758087814D368B	ENT_BB10F0758087814D368B	target_d001	BIOMARKER	H0MA-IR	false	medical_kg_gold				target	1		false
t::d001::ENT_BB1578434C456856934A	ENT_BB1578434C456856934A	target_d001	PHENOTYPE	β cell dysfunction of islets of Langerhans	false	medical_kg_gold				target	1		false
t::d001::ENT_BB1CD5725AF6BCD3CDE7	ENT_BB1CD5725AF6BCD3CDE7	target_d001	OTHER	A3243G point mutation	false	medical_kg_gold				target	1		false
t::d001::ENT_BB212A48DF10879A05A4	ENT_BB212A48DF10879A05A4	target_d001	PHENOTYPE	failure of the cells which make insulin – termed pancreatic beta (or β) cells	false	medical_kg_gold				target	1		false
t::d001::ENT_BB33542B4BBF8B7B5DD5	ENT_BB33542B4BBF8B7B5DD5	target_d001	CLINICAL_OUTCOME	fracture risk	false	medical_kg_gold				target	1		false
t::d001::ENT_BB368F82A6BB695DAC64	ENT_BB368F82A6BB695DAC64	target_d001	GENE	APM1 gene IVS2 +349A/G polymorphism	false	medical_kg_gold				target	1		false
t::d001::ENT_BB3C9B5BACC394F1ED58	ENT_BB3C9B5BACC394F1ED58	target_d001	PHYSIOLOGICAL_PROCESS	crosstalk with many other signal pathways	false	medical_kg_gold				target	1		false
t::d001::ENT_BB61DE70CF061F8B325E	ENT_BB61DE70CF061F8B325E	target_d001	RISK_FACTOR	born preterm	false	medical_kg_gold				target	1		false
t::d001::ENT_BB633FE9F3D926E2A3C6	ENT_BB633FE9F3D926E2A3C6	target_d001	GENE	β3-AR	false	medical_kg_gold				target	1		false
t::d001::ENT_BB68E8800F7C839FDB4E	ENT_BB68E8800F7C839FDB4E	target_d001	DRUG	Repaglinide combined with pioglitazone	false	medical_kg_gold				target	1		false
t::d001::ENT_BB72ADDAE5722915816C	ENT_BB72ADDAE5722915816C	target_d001	LAB_MEASUREMENT	NAD	false	medical_kg_gold				target	1		false
t::d001::ENT_BB76062C61CCCD8E2D8C	ENT_BB76062C61CCCD8E2D8C	target_d001	CLINICAL_OUTCOME	reduced exercise capacity	false	medical_kg_gold				target	1		false
t::d001::ENT_BB874ECDA314DF57046F	ENT_BB874ECDA314DF57046F	target_d001	PHENOTYPE	failure of insulin secretion	false	medical_kg_gold				target	1		false
t::d001::ENT_BB88E681E057ED274D03	ENT_BB88E681E057ED274D03	target_d001	PROTEIN	JNK	false	medical_kg_gold				target	1		false
t::d001::ENT_BB9AD7B89C39FF64AA60	ENT_BB9AD7B89C39FF64AA60	target_d001	PHENOTYPE	high blood fat	false	medical_kg_gold				target	1		false
t::d001::ENT_BBA5B6D7D0094E5E8F44	ENT_BBA5B6D7D0094E5E8F44	target_d001	PROTEIN	TGFβ	false	medical_kg_gold				target	1		false
t::d001::ENT_BBA7259503CCC7630631	ENT_BBA7259503CCC7630631	target_d001	LAB_MEASUREMENT	triglycerides level	false	medical_kg_gold				target	1		false
t::d001::ENT_BBBC0D2F83F53C266010	ENT_BBBC0D2F83F53C266010	target_d001	GENE	(CA) 21 allele	false	medical_kg_gold				target	1		false
t::d001::ENT_BBBC9E73456C75A448AF	ENT_BBBC9E73456C75A448AF	target_d001	GENE	TCF7L2 (rs7903146)	false	medical_kg_gold				target	1		false
t::d001::ENT_BBC1B28B374912E44048	ENT_BBC1B28B374912E44048	target_d001	EXERCISE	exercise	false	medical_kg_gold				target	1		false
t::d001::ENT_BBC70AC400B781FC97ED	ENT_BBC70AC400B781FC97ED	target_d001	BIOMARKER	neck circumference	false	medical_kg_gold				target	1		false
t::d001::ENT_BBCB87AB2F25BE88BDD1	ENT_BBCB87AB2F25BE88BDD1	target_d001	SYMPTOM	urinate frequently	false	medical_kg_gold				target	1		false
t::d001::ENT_BBD6F5B638214B61CE73	ENT_BBD6F5B638214B61CE73	target_d001	GENE	resistin mRNA	false	medical_kg_gold				target	1		false
t::d001::ENT_BBD822683F0DDDDD5E45	ENT_BBD822683F0DDDDD5E45	target_d001	RISK_FACTOR	high waist-to-hip ratio	false	medical_kg_gold				target	1		false
t::d001::ENT_BBDBF167D84308418418	ENT_BBDBF167D84308418418	target_d001	BIOMARKER	waist circumference	false	medical_kg_gold				target	1		false
t::d001::ENT_BBF43065BB9402978DD0	ENT_BBF43065BB9402978DD0	target_d001	PHENOTYPE	a decrease in adiponectin	false	medical_kg_gold				target	1		false
t::d001::ENT_BBFA2FFF2C97F83F3CBC	ENT_BBFA2FFF2C97F83F3CBC	target_d001	OTHER	HSV-1	false	medical_kg_gold				target	1		false
t::d001::ENT_BC052E4F394807E55AD9	ENT_BC052E4F394807E55AD9	target_d001	PROTEIN	plasma obestatin levels	false	medical_kg_gold				target	1		false
t::d001::ENT_BC0CC674C63F86767787	ENT_BC0CC674C63F86767787	target_d001	METABOLITE	maleic dialdehyde	false	medical_kg_gold				target	1		false
t::d001::ENT_BC16AF9C2CD807053E71	ENT_BC16AF9C2CD807053E71	target_d001	DIET	kefir combination from goat milk and soy milk	false	medical_kg_gold				target	1		false
t::d001::ENT_BC1733D27979CB74DDB3	ENT_BC1733D27979CB74DDB3	target_d001	OTHER	SUR1 24内含子等位基因c	false	medical_kg_gold				target	1		false
t::d001::ENT_BC1BF9219759333B2212	ENT_BC1BF9219759333B2212	target_d001	BIOLOGICAL_PROCESS	development of malignant neoplasms	false	medical_kg_gold				target	1		false
t::d001::ENT_BC1F75B883C6AC19975F	ENT_BC1F75B883C6AC19975F	target_d001	CLINICAL_OUTCOME	incomplete coronary artery revascularization	false	medical_kg_gold				target	1		false
t::d001::ENT_BC203BB0B3DD74543211	ENT_BC203BB0B3DD74543211	target_d001	OTHER	FOXO3A rs2802288(G) and PPARGC1A rs8192678(A)	false	medical_kg_gold				target	1		false
t::d001::ENT_BC30E97B2F5367BAB053	ENT_BC30E97B2F5367BAB053	target_d001	GENE	FOXC2	false	medical_kg_gold				target	1		false
t::d001::ENT_BC3CD5D838A673A64BCB	ENT_BC3CD5D838A673A64BCB	target_d001	GENE	ABCA1	false	medical_kg_gold				target	1		false
t::d001::ENT_BC553E2CC4CB8DCDB8D6	ENT_BC553E2CC4CB8DCDB8D6	target_d001	LAB_MEASUREMENT	Levels of insulin-like growth factor-1 (IGF-1)	false	medical_kg_gold				target	1		false
t::d001::ENT_BC640313D5E4B983B9D1	ENT_BC640313D5E4B983B9D1	target_d001	DISEASE	intrahepatic inflammation	false	medical_kg_gold				target	1		false
t::d001::ENT_BC73297F87772BB0E3F7	ENT_BC73297F87772BB0E3F7	target_d001	PHENOTYPE	hyperresistinemia	false	medical_kg_gold				target	1		false
t::d001::ENT_BC7D57ED94B68B10150E	ENT_BC7D57ED94B68B10150E	target_d001	LAB_MEASUREMENT	urine pH	false	medical_kg_gold				target	1		false
t::d001::ENT_BC8260E18D5D942B2776	ENT_BC8260E18D5D942B2776	target_d001	BIOMARKER	Plasma sfrp5 level	false	medical_kg_gold				target	1		false
t::d001::ENT_BC863A27F898A76937AA	ENT_BC863A27F898A76937AA	target_d001	OTHER	disorder of insulin, GH, Cor, GC, C-peptide and ACTH release	false	medical_kg_gold				target	1		false
t::d001::ENT_BC9002378D269601756D	ENT_BC9002378D269601756D	target_d001	PROTEIN	Serum C3 levels	false	medical_kg_gold				target	1		false
t::d001::ENT_BC914AC9C9125532EB3B	ENT_BC914AC9C9125532EB3B	target_d001	BIOMARKER	C-peptide	false	medical_kg_gold				target	1		false
t::d001::ENT_BC9BE7F5F06D9F934E2E	ENT_BC9BE7F5F06D9F934E2E	target_d001	POPULATION	American Indian youth	false	medical_kg_gold				target	1		false
t::d001::ENT_BC9F95D4531A3253CF37	ENT_BC9F95D4531A3253CF37	target_d001	PROTEIN	Lack of sfrp5	false	medical_kg_gold				target	1		false
t::d001::ENT_BCA246BB93716DE87135	ENT_BCA246BB93716DE87135	target_d001	PHYSIOLOGICAL_PROCESS	gastrointestinal motility	false	medical_kg_gold				target	1		false
t::d001::ENT_BCB96303CCEAF88A6061	ENT_BCB96303CCEAF88A6061	target_d001	OTHER	ABCC8 rs1799854	false	medical_kg_gold				target	1		false
t::d001::ENT_BCBC607F659AC551AED1	ENT_BCBC607F659AC551AED1	target_d001	LAB_MEASUREMENT	blood lipids	false	medical_kg_gold				target	1		false
t::d001::ENT_BCD848FF2C1D254401C3	ENT_BCD848FF2C1D254401C3	target_d001	DRUG	Exenatide	false	medical_kg_gold				target	1		false
t::d001::ENT_BCEB3DEB8C67E2588071	ENT_BCEB3DEB8C67E2588071	target_d001	TREATMENT	HAART	false	medical_kg_gold				target	1		false
t::d001::ENT_BCFCBAEF800492AD8644	ENT_BCFCBAEF800492AD8644	target_d001	LAB_MEASUREMENT	increased GCs levels	false	medical_kg_gold				target	1		false
t::d001::ENT_BD108A9A00F414272C1E	ENT_BD108A9A00F414272C1E	target_d001	LAB_MEASUREMENT	platelet-large cell ratio	false	medical_kg_gold				target	1		false
t::d001::ENT_BD221DF748BF68B09935	ENT_BD221DF748BF68B09935	target_d001	CLINICAL_OUTCOME	glycemic control rate	false	medical_kg_gold				target	1		false
t::d001::ENT_BD29F13F4D672BFC7ECB	ENT_BD29F13F4D672BFC7ECB	target_d001	OTHER	Pvu II polymorphism of ESR1	false	medical_kg_gold				target	1		false
t::d001::ENT_BD2F595F305F22660CE4	ENT_BD2F595F305F22660CE4	target_d001	DRUG	DPP-4 inhibitors	false	medical_kg_gold				target	1		false
t::d001::ENT_BD4778CDEC3B04D5FDD6	ENT_BD4778CDEC3B04D5FDD6	target_d001	LAB_MEASUREMENT	urine output	false	medical_kg_gold				target	1		false
t::d001::ENT_BD48A8F4B1E918687DFF	ENT_BD48A8F4B1E918687DFF	target_d001	OTHER	logistic regression and machine learning approaches	false	medical_kg_gold				target	1		false
t::d001::ENT_BD4EE9C11A7C779239DD	ENT_BD4EE9C11A7C779239DD	target_d001	OTHER	RARRES2 polymorphism	false	medical_kg_gold				target	1		false
t::d001::ENT_BD5C68E52C21B8701646	ENT_BD5C68E52C21B8701646	target_d001	LAB_MEASUREMENT	β	false	medical_kg_gold				target	1		false
t::d001::ENT_BD6C791F96226E56EE8A	ENT_BD6C791F96226E56EE8A	target_d001	PROTEIN	SH	false	medical_kg_gold				target	1		false
t::d001::ENT_BD73F55A9012B4D6335F	ENT_BD73F55A9012B4D6335F	target_d001	PROTEIN	sCD40L	false	medical_kg_gold				target	1		false
t::d001::ENT_BDA12572DD87BA8E7830	ENT_BDA12572DD87BA8E7830	target_d001	RISK_FACTOR	high triglyceride	false	medical_kg_gold				target	1		false
t::d001::ENT_BDAEDD42DDFF4CF3AED5	ENT_BDAEDD42DDFF4CF3AED5	target_d001	LAB_MEASUREMENT	BUN	false	medical_kg_gold				target	1		false
t::d001::ENT_BDB984A27C0AA9DBB233	ENT_BDB984A27C0AA9DBB233	target_d001	PROTEIN	FGF-21	false	medical_kg_gold				target	1		false
t::d001::ENT_BDC5AD853AEE723395A0	ENT_BDC5AD853AEE723395A0	target_d001	PROCEDURE	LGBP	false	medical_kg_gold				target	1		false
t::d001::ENT_BDD642DDCC05F6D45722	ENT_BDD642DDCC05F6D45722	target_d001	DRUG	phosphate sitagliptin	false	medical_kg_gold				target	1		false
t::d001::ENT_BDD73FFE34E825015740	ENT_BDD73FFE34E825015740	target_d001	GENE	Ppargc1 a	false	medical_kg_gold				target	1		false
t::d001::ENT_BDD93558E3DA80B7527E	ENT_BDD93558E3DA80B7527E	target_d001	DISEASE	CAs	false	medical_kg_gold				target	1		false
t::d001::ENT_BDE11B8B740833638913	ENT_BDE11B8B740833638913	target_d001	BIOLOGICAL_PROCESS	bone absorption	false	medical_kg_gold				target	1		false
t::d001::ENT_BDE18DE8BC38827A292B	ENT_BDE18DE8BC38827A292B	target_d001	DISEASE	intercurrent diseases and polymorbidity	false	medical_kg_gold				target	1		false
t::d001::ENT_BDE2F51B04D7057FE37F	ENT_BDE2F51B04D7057FE37F	target_d001	DRUG	Sitagliptin with Insulin Glargine	false	medical_kg_gold				target	1		false
t::d001::ENT_BDEA58D179C6358BA7EF	ENT_BDEA58D179C6358BA7EF	target_d001	LAB_MEASUREMENT	OSM levels	false	medical_kg_gold				target	1		false
t::d001::ENT_BDFADDDE8DACAEAB81D4	ENT_BDFADDDE8DACAEAB81D4	target_d001	PROTEIN	serum TRAP	false	medical_kg_gold				target	1		false
t::d001::ENT_BE0169A48B626C02B83F	ENT_BE0169A48B626C02B83F	target_d001	BEHAVIOR	history of drinking	false	medical_kg_gold				target	1		false
t::d001::ENT_BE03B6CEFD1F88390D92	ENT_BE03B6CEFD1F88390D92	target_d001	PHYSIOLOGICAL_PROCESS	decreased pancreatic insulin secretion	false	medical_kg_gold				target	1		false
t::d001::ENT_BE4888F2C9B953899623	ENT_BE4888F2C9B953899623	target_d001	TREATMENT	Shenshu Point fifty-seven	false	medical_kg_gold				target	1		false
t::d001::ENT_BE4F6563CA9566BAED32	ENT_BE4F6563CA9566BAED32	target_d001	OTHER	state of over-nutrition	false	medical_kg_gold				target	1		false
t::d001::ENT_BE80DEE6621B62A8012B	ENT_BE80DEE6621B62A8012B	target_d001	PHENOTYPE	LDL-C derangement	false	medical_kg_gold				target	1		false
t::d001::ENT_BE8E2AD95C5DB6C9AE0E	ENT_BE8E2AD95C5DB6C9AE0E	target_d001	GENE	rs7903146	false	medical_kg_gold				target	1		false
t::d001::ENT_BE8F2864C409B7723092	ENT_BE8F2864C409B7723092	target_d001	LAB_MEASUREMENT	2-hour OGTT glucose	false	medical_kg_gold				target	1		false
t::d001::ENT_BE9556A1B19104C2E8C2	ENT_BE9556A1B19104C2E8C2	target_d001	BIOMARKER	averaged global longitudinal peak systolic strain (aGLPS)	false	medical_kg_gold				target	1		false
t::d001::ENT_BE9E10C044418F122DDA	ENT_BE9E10C044418F122DDA	target_d001	COMPOUND	LPS	false	medical_kg_gold				target	1		false
t::d001::ENT_BEA2DF409916F0EE3769	ENT_BEA2DF409916F0EE3769	target_d001	BIOMARKER	plasma vWF	false	medical_kg_gold				target	1		false
t::d001::ENT_BEACFACC5D748962CC9F	ENT_BEACFACC5D748962CC9F	target_d001	DISEASE	MODY3	false	medical_kg_gold				target	1		false
t::d001::ENT_BEAEAF1551B6320D0216	ENT_BEAEAF1551B6320D0216	target_d001	BEHAVIOR	drinking	false	medical_kg_gold				target	1		false
t::d001::ENT_BECB02E62B8614DD475F	ENT_BECB02E62B8614DD475F	target_d001	PROTEIN	p-NR2B	false	medical_kg_gold				target	1		false
t::d001::ENT_BED2D3DCD0413B4240F1	ENT_BED2D3DCD0413B4240F1	target_d001	PHENOTYPE	squamous metaplasia	false	medical_kg_gold				target	1		false
t::d001::ENT_BED8DA94980C1EC4D208	ENT_BED8DA94980C1EC4D208	target_d001	CLINICAL_OUTCOME	combined end-point	false	medical_kg_gold				target	1		false
t::d001::ENT_BEF4336ADE9C53ECE921	ENT_BEF4336ADE9C53ECE921	target_d001	OTHER	diversity of Bacteroides and Bifidobacterium	false	medical_kg_gold				target	1		false
t::d001::ENT_BEFFA72B0CE61E770C21	ENT_BEFFA72B0CE61E770C21	target_d001	PROTEIN	Adiponectin levels	false	medical_kg_gold				target	1		false
t::d001::ENT_BF16E4AE80F448736BC8	ENT_BF16E4AE80F448736BC8	target_d001	BIOMARKER	Protein carbonyl	false	medical_kg_gold				target	1		false
t::d001::ENT_BF173AEFC70544A335CC	ENT_BF173AEFC70544A335CC	target_d001	DRUG	oral hypoglycemic agents	false	medical_kg_gold				target	1		false
t::d001::ENT_BF20D05050FA6E7426A3	ENT_BF20D05050FA6E7426A3	target_d001	PROTEIN	Aβ(1-42)	false	medical_kg_gold				target	1		false
t::d001::ENT_BF3625BAC0E117A716EF	ENT_BF3625BAC0E117A716EF	target_d001	BIOMARKER	glucose metabolism parameters	false	medical_kg_gold				target	1		false
t::d001::ENT_BF3C6A9C3D90ED9240A5	ENT_BF3C6A9C3D90ED9240A5	target_d001	OTHER	all diabetes cases	false	medical_kg_gold				target	1		false
t::d001::ENT_BF480817CD431CC0C430	ENT_BF480817CD431CC0C430	target_d001	BIOMARKER	sdLDL-C	false	medical_kg_gold				target	1		false
t::d001::ENT_BF65D2D861246F291E64	ENT_BF65D2D861246F291E64	target_d001	GENE	PvuII and XbaI variants	false	medical_kg_gold				target	1		false
t::d001::ENT_BF73DF26200BF95215C5	ENT_BF73DF26200BF95215C5	target_d001	PROTEIN	uromodulin	false	medical_kg_gold				target	1		false
t::d001::ENT_BF92EB3ECBE933E225F9	ENT_BF92EB3ECBE933E225F9	target_d001	BIOMARKER	Carotid intima-media thickness (cIMT)	false	medical_kg_gold				target	1		false
t::d001::ENT_BF9CD2A0EE0E90774C3E	ENT_BF9CD2A0EE0E90774C3E	target_d001	TREATMENT	weight control through diet and exercise	false	medical_kg_gold				target	1		false
t::d001::ENT_BF9D42C56CA1FF02894A	ENT_BF9D42C56CA1FF02894A	target_d001	METABOLITE	monounsaturated fatty acid	false	medical_kg_gold				target	1		false
t::d001::ENT_BF9DBE13ED8BC7FB9829	ENT_BF9DBE13ED8BC7FB9829	target_d001	PHENOTYPE	overweight	false	medical_kg_gold				target	1		false
t::d001::ENT_BFB450411BE1EB654B62	ENT_BFB450411BE1EB654B62	target_d001	OTHER	serious long-term consequences	false	medical_kg_gold				target	1		false
t::d001::ENT_BFC6EBD4E87205641213	ENT_BFC6EBD4E87205641213	target_d001	GENE	KCNQ1	false	medical_kg_gold				target	1		false
t::d001::ENT_BFD6464BE8541BDC736D	ENT_BFD6464BE8541BDC736D	target_d001	PHENOTYPE	Dvitamini eksikliğinin	false	medical_kg_gold				target	1		false
t::d001::ENT_BFEAAF3D6D5048DA4B50	ENT_BFEAAF3D6D5048DA4B50	target_d001	LAB_MEASUREMENT	IBS	false	medical_kg_gold				target	1		false
t::d001::ENT_BFECD6CC24BCA5FC940C	ENT_BFECD6CC24BCA5FC940C	target_d001	LAB_MEASUREMENT	WHR	false	medical_kg_gold				target	1		false
t::d001::ENT_BFF38AE51C542B716FAA	ENT_BFF38AE51C542B716FAA	target_d001	DRUG	sulfonylurea,insulin secretagogues and insulin-sensitizing agents	false	medical_kg_gold				target	1		false
t::d001::ENT_BFF494B0B1D5E0B29D61	ENT_BFF494B0B1D5E0B29D61	target_d001	GENE	PPARγ-2 gene	false	medical_kg_gold				target	1		false
t::d001::ENT_BFF6FF77023ACB2B1A30	ENT_BFF6FF77023ACB2B1A30	target_d001	GENE	CETP TaqⅠB polymorphism	false	medical_kg_gold				target	1		false
t::d001::ENT_C002C55BF7E1A8AECD34	ENT_C002C55BF7E1A8AECD34	target_d001	BIOMARKER	proinsulin	false	medical_kg_gold				target	1		false
t::d001::ENT_C003CCDC5F70DDF6B857	ENT_C003CCDC5F70DDF6B857	target_d001	DISEASE	insulin resistance	false	medical_kg_gold				target	1		false
t::d001::ENT_C0053022932271C8EAE5	ENT_C0053022932271C8EAE5	target_d001	TREATMENT	Tangwei capsule combined with metformin	false	medical_kg_gold				target	1		false
t::d001::ENT_C005B13BF24762A0CAD3	ENT_C005B13BF24762A0CAD3	target_d001	DISEASE	arteriostenosis	false	medical_kg_gold				target	1		false
t::d001::ENT_C00EE3CD96A2634D59A9	ENT_C00EE3CD96A2634D59A9	target_d001	POPULATION	U.S. teenagers and children	false	medical_kg_gold				target	1		false
t::d001::ENT_C02349E5CA55EB5C560C	ENT_C02349E5CA55EB5C560C	target_d001	TREATMENT	liraglutide 1,2 mg in combination with metformin	false	medical_kg_gold				target	1		false
t::d001::ENT_C02AC76C1B0BA67D6C96	ENT_C02AC76C1B0BA67D6C96	target_d001	BIOMARKER	amplitude of P3	false	medical_kg_gold				target	1		false
t::d001::ENT_C0334A4D7E178A11E810	ENT_C0334A4D7E178A11E810	target_d001	SYMPTOM	polyphagia and hungary	false	medical_kg_gold				target	1		false
t::d001::ENT_C04946350236A15BA4D4	ENT_C04946350236A15BA4D4	target_d001	RISK_FACTOR	Overweight or obesity	false	medical_kg_gold				target	1		false
t::d001::ENT_C064E7AE30F7E42F5BC9	ENT_C064E7AE30F7E42F5BC9	target_d001	PHYSIOLOGICAL_PROCESS	l-arginine–induced vascular response	false	medical_kg_gold				target	1		false
t::d001::ENT_C06C1C88E757DB7D6E73	ENT_C06C1C88E757DB7D6E73	target_d001	PROTEIN	Serum TNF-α	false	medical_kg_gold				target	1		false
t::d001::ENT_C06D863B3CC250BD9383	ENT_C06D863B3CC250BD9383	target_d001	LIFESTYLE_FACTOR	diet habit	false	medical_kg_gold				target	1		false
t::d001::ENT_C08049FA34920FC9E91D	ENT_C08049FA34920FC9E91D	target_d001	LAB_MEASUREMENT	creatinine	false	medical_kg_gold				target	1		false
t::d001::ENT_C082EB58E89C778C0629	ENT_C082EB58E89C778C0629	target_d001	BIOLOGICAL_PROCESS	the metabolism of glucose and lipid	false	medical_kg_gold				target	1		false
t::d001::ENT_C0894C03802CDBC073DB	ENT_C0894C03802CDBC073DB	target_d001	DISEASE	cardiovascular diseases	false	medical_kg_gold				target	1		false
t::d001::ENT_C08D1F5A8946474F4C34	ENT_C08D1F5A8946474F4C34	target_d001	BIOMARKER	relative average pertubation jitter	false	medical_kg_gold				target	1		false
t::d001::ENT_C09C1E82E0EE2692787B	ENT_C09C1E82E0EE2692787B	target_d001	METABOLITE	blood lipids	false	medical_kg_gold				target	1		false
t::d001::ENT_C09F158C1621C913BE90	ENT_C09F158C1621C913BE90	target_d001	DISEASE	coronary heart disease	false	medical_kg_gold				target	1		false
t::d001::ENT_C0A8171A0DB5CE645B09	ENT_C0A8171A0DB5CE645B09	target_d001	GENE	APN+45T/G	false	medical_kg_gold				target	1		false
t::d001::ENT_C0AAC70A1310C4180A27	ENT_C0AAC70A1310C4180A27	target_d001	LAB_MEASUREMENT	TSH	false	medical_kg_gold				target	1		false
t::d001::ENT_C0B72C1D89BACE796DF2	ENT_C0B72C1D89BACE796DF2	target_d001	DISEASE	coronary heart disease (CHD)	false	medical_kg_gold				target	1		false
t::d001::ENT_C0C4D8FEEEBFF3C74883	ENT_C0C4D8FEEEBFF3C74883	target_d001	BEHAVIOR	alcohol consumption	false	medical_kg_gold				target	1		false
t::d001::ENT_C0CE3CAE87CF539AF6DB	ENT_C0CE3CAE87CF539AF6DB	target_d001	PHENOTYPE	low birth weight	false	medical_kg_gold				target	1		false
t::d001::ENT_C0DBCC504A0D17F09CEC	ENT_C0DBCC504A0D17F09CEC	target_d001	GENE	4A/B polymorphism of eNOS gene	false	medical_kg_gold				target	1		false
t::d001::ENT_C0E191A5ABF0167D3E95	ENT_C0E191A5ABF0167D3E95	target_d001	BIOMARKER	TrACP-5b	false	medical_kg_gold				target	1		false
t::d001::ENT_C0F32F64E54F232BCC46	ENT_C0F32F64E54F232BCC46	target_d001	PHENOTYPE	insulin secretion delay	false	medical_kg_gold				target	1		false
t::d001::ENT_C10BE431AC34F63B051C	ENT_C10BE431AC34F63B051C	target_d001	TREATMENT	ZnT8 inhibition	false	medical_kg_gold				target	1		false
t::d001::ENT_C1108DA83599D7683554	ENT_C1108DA83599D7683554	target_d001	LAB_MEASUREMENT	LAVIt	false	medical_kg_gold				target	1		false
t::d001::ENT_C110F7453F9B3251B5AA	ENT_C110F7453F9B3251B5AA	target_d001	DISEASE	Subclinical hypothyroidism	false	medical_kg_gold				target	1		false
t::d001::ENT_C12B8022469D23713A51	ENT_C12B8022469D23713A51	target_d001	NUTRIENT	dietary fiber	false	medical_kg_gold				target	1		false
t::d001::ENT_C12C2FB6FCE272183822	ENT_C12C2FB6FCE272183822	target_d001	OTHER	ecNOS 4a allele	false	medical_kg_gold				target	1		false
t::d001::ENT_C12C3E7EC47443895CD1	ENT_C12C3E7EC47443895CD1	target_d001	COMPOUND	LDL-ICs	false	medical_kg_gold				target	1		false
t::d001::ENT_C12EA2265C3A738B9E43	ENT_C12EA2265C3A738B9E43	target_d001	GENE	SUR1 gene	false	medical_kg_gold				target	1		false
t::d001::ENT_C1366F412198688F787A	ENT_C1366F412198688F787A	target_d001	PROTEIN	α 1-AG	false	medical_kg_gold				target	1		false
t::d001::ENT_C13C871904CDF3CF4A3C	ENT_C13C871904CDF3CF4A3C	target_d001	DIET	strict diet control	false	medical_kg_gold				target	1		false
t::d001::ENT_C1449E1ED0CA205B22BA	ENT_C1449E1ED0CA205B22BA	target_d001	BIOMARKER	HNF-4α and HNF-1α mRNA levels	false	medical_kg_gold				target	1		false
t::d001::ENT_C1452A543BDDD6A0A4EE	ENT_C1452A543BDDD6A0A4EE	target_d001	BIOMARKER	global longitudinal peak strain of right ventricle (RVLPSG)	false	medical_kg_gold				target	1		false
t::d001::ENT_C166DB70310B5BA8C446	ENT_C166DB70310B5BA8C446	target_d001	LAB_MEASUREMENT	flow velocity of ICA	false	medical_kg_gold				target	1		false
t::d001::ENT_C174A149E8BB4C033870	ENT_C174A149E8BB4C033870	target_d001	BIOMARKER	25-vitamin D levels	false	medical_kg_gold				target	1		false
t::d001::ENT_C17DB12E771CAB055BCD	ENT_C17DB12E771CAB055BCD	target_d001	EXERCISE	physical activity of moderate intensity	false	medical_kg_gold				target	1		false
t::d001::ENT_C18F1C4A20615136CAFD	ENT_C18F1C4A20615136CAFD	target_d001	LAB_MEASUREMENT	plasma levels of Cystatin C	false	medical_kg_gold				target	1		false
t::d001::ENT_C19C340E60DCED6B4DD3	ENT_C19C340E60DCED6B4DD3	target_d001	PHYSIOLOGICAL_PROCESS	pulmonary ventilatory function	false	medical_kg_gold				target	1		false
t::d001::ENT_C1B9F9B36115E4EAA9FA	ENT_C1B9F9B36115E4EAA9FA	target_d001	DISEASE	erectile dysfunction (ED)	false	medical_kg_gold				target	1		false
t::d001::ENT_C1BD18D6138D0AFE2518	ENT_C1BD18D6138D0AFE2518	target_d001	BIOMARKER	ET	false	medical_kg_gold				target	1		false
t::d001::ENT_C1CAAC1DD486C4DCD524	ENT_C1CAAC1DD486C4DCD524	target_d001	DISEASE	HFpEF	false	medical_kg_gold				target	1		false
t::d001::ENT_C1E0BA2F403E35E2E887	ENT_C1E0BA2F403E35E2E887	target_d001	PROTEIN	PTP-1B	false	medical_kg_gold				target	1		false
t::d001::ENT_C1E692F3BC7FFE8A79AB	ENT_C1E692F3BC7FFE8A79AB	target_d001	OTHER	rs7649121	false	medical_kg_gold				target	1		false
t::d001::ENT_C1E6EB6C76C39E79BE94	ENT_C1E6EB6C76C39E79BE94	target_d001	GENE	VDR-Bsm1 B allele	false	medical_kg_gold				target	1		false
t::d001::ENT_C205AE95D68959193B2E	ENT_C205AE95D68959193B2E	target_d001	PROTEIN	CTRP12	false	medical_kg_gold				target	1		false
t::d001::ENT_C210252559CA15532FCD	ENT_C210252559CA15532FCD	target_d001	PROTEIN	plasma omentin	false	medical_kg_gold				target	1		false
t::d001::ENT_C211D77FA099056345C5	ENT_C211D77FA099056345C5	target_d001	BIOMARKER	PDW	false	medical_kg_gold				target	1		false
t::d001::ENT_C235A875EC9618A19EA1	ENT_C235A875EC9618A19EA1	target_d001	PHENOTYPE	concentric hypertrophy	false	medical_kg_gold				target	1		false
t::d001::ENT_C2431B8F7FA1D9DB97B5	ENT_C2431B8F7FA1D9DB97B5	target_d001	SYMPTOM	typical syndromes (polyuria, polydipsia, polyfhagia and weight loss)	false	medical_kg_gold				target	1		false
t::d001::ENT_C246865FEC20DD7BA7D3	ENT_C246865FEC20DD7BA7D3	target_d001	PHYSIOLOGICAL_PROCESS	cell insensitivity to insulin	false	medical_kg_gold				target	1		false
t::d001::ENT_C254816BCB030D43CFF3	ENT_C254816BCB030D43CFF3	target_d001	LAB_MEASUREMENT	urine mALB	false	medical_kg_gold				target	1		false
t::d001::ENT_C2594E619E9E170501DA	ENT_C2594E619E9E170501DA	target_d001	BIOLOGICAL_PROCESS	nutrient signaling	false	medical_kg_gold				target	1		false
t::d001::ENT_C26D6325255E9511FC8B	ENT_C26D6325255E9511FC8B	target_d001	DRUG	thiazolidinedione	false	medical_kg_gold				target	1		false
t::d001::ENT_C27123291F095148725C	ENT_C27123291F095148725C	target_d001	BIOMARKER	plasma OXLDL	false	medical_kg_gold				target	1		false
t::d001::ENT_C2728E0D00C8124939CB	ENT_C2728E0D00C8124939CB	target_d001	GENE	Ser447Ter G allele	false	medical_kg_gold				target	1		false
t::d001::ENT_C277E05FF2450D8C8562	ENT_C277E05FF2450D8C8562	target_d001	PROCEDURE	diabetes surgery	false	medical_kg_gold				target	1		false
t::d001::ENT_C27A4092BFF611551D46	ENT_C27A4092BFF611551D46	target_d001	GENE	TNF 308 G/A polymorphism	false	medical_kg_gold				target	1		false
t::d001::ENT_C27EA1B50099514A2621	ENT_C27EA1B50099514A2621	target_d001	LAB_MEASUREMENT	Total cholesterol (mg/dL)	false	medical_kg_gold				target	1		false
t::d001::ENT_C284D8047910F6DC6589	ENT_C284D8047910F6DC6589	target_d001	DISEASE	cholecystitis	false	medical_kg_gold				target	1		false
t::d001::ENT_C296E1EFC0A2CB65D427	ENT_C296E1EFC0A2CB65D427	target_d001	OTHER	AA genotype	false	medical_kg_gold				target	1		false
t::d001::ENT_C297533CADE34BD9CA8E	ENT_C297533CADE34BD9CA8E	target_d001	DISEASE	结、直肠癌	false	medical_kg_gold				target	1		false
t::d001::ENT_C29F9FB0A05425D1ACA4	ENT_C29F9FB0A05425D1ACA4	target_d001	OTHER	family burden	false	medical_kg_gold				target	1		false
t::d001::ENT_C2AC35CAAF03AFE7A8C1	ENT_C2AC35CAAF03AFE7A8C1	target_d001	DISEASE	high cholesterol	false	medical_kg_gold				target	1		false
t::d001::ENT_C2AC92A980EEE4FDBDEA	ENT_C2AC92A980EEE4FDBDEA	target_d001	LAB_MEASUREMENT	H2O2 concentration	false	medical_kg_gold				target	1		false
t::d001::ENT_C2B4F04CBE05F6E181BA	ENT_C2B4F04CBE05F6E181BA	target_d001	PHENOTYPE	resistance to insulin action	false	medical_kg_gold				target	1		false
t::d001::ENT_C2B8875078B2579BE316	ENT_C2B8875078B2579BE316	target_d001	PROCEDURE	glucose tolerance test and insulin release test	false	medical_kg_gold				target	1		false
t::d001::ENT_C2BE8B0BD3E28790BAAE	ENT_C2BE8B0BD3E28790BAAE	target_d001	PHYSIOLOGICAL_PROCESS	defective insulin secretion	false	medical_kg_gold				target	1		false
t::d001::ENT_C2CD1C3AF7F8D9C00B93	ENT_C2CD1C3AF7F8D9C00B93	target_d001	TREATMENT	repaglinide in combination with insulin detemir	false	medical_kg_gold				target	1		false
t::d001::ENT_C2E6D0BC62A34231A8E4	ENT_C2E6D0BC62A34231A8E4	target_d001	LAB_MEASUREMENT	ALT	false	medical_kg_gold				target	1		false
t::d001::ENT_C3156C36D70F2196AC14	ENT_C3156C36D70F2196AC14	target_d001	PROTEIN	e-NOS	false	medical_kg_gold				target	1		false
t::d001::ENT_C3174AEEC73B63006D71	ENT_C3174AEEC73B63006D71	target_d001	LAB_MEASUREMENT	LDL	false	medical_kg_gold				target	1		false
t::d001::ENT_C31F754CD20E9063707C	ENT_C31F754CD20E9063707C	target_d001	EXERCISE	moderate resistance training	false	medical_kg_gold				target	1		false
t::d001::ENT_C32BA276EAE480ADDE46	ENT_C32BA276EAE480ADDE46	target_d001	DISEASE	atrial fibrillation	false	medical_kg_gold				target	1		false
t::d001::ENT_C335E15AEB3B3888E950	ENT_C335E15AEB3B3888E950	target_d001	OTHER	islet amyloid	false	medical_kg_gold				target	1		false
t::d001::ENT_C33A1AF60B9D9B8362F9	ENT_C33A1AF60B9D9B8362F9	target_d001	BIOLOGICAL_PROCESS	free radical oxidation	false	medical_kg_gold				target	1		false
t::d001::ENT_C3401F0AE1D75B72EA88	ENT_C3401F0AE1D75B72EA88	target_d001	PHYSIOLOGICAL_PROCESS	electrophysiological function	false	medical_kg_gold				target	1		false
t::d001::ENT_C34D353F1A46AD7E02D1	ENT_C34D353F1A46AD7E02D1	target_d001	DISEASE	vascular dementia	false	medical_kg_gold				target	1		false
t::d001::ENT_C34F5B9759170A0739D4	ENT_C34F5B9759170A0739D4	target_d001	METABOLITE	SA	false	medical_kg_gold				target	1		false
t::d001::ENT_C36D87D3B0C8EAA9B88D	ENT_C36D87D3B0C8EAA9B88D	target_d001	OTHER	waist/hip ratio	false	medical_kg_gold				target	1		false
t::d001::ENT_C3748B3CC8D1889120BB	ENT_C3748B3CC8D1889120BB	target_d001	LAB_MEASUREMENT	waist circumference (WC)	false	medical_kg_gold				target	1		false
t::d001::ENT_C3A83B63D585FBB0A084	ENT_C3A83B63D585FBB0A084	target_d001	RISK_FACTOR	science, education, cultural and health profession	false	medical_kg_gold				target	1		false
t::d001::ENT_C3AB265E0DDA4DFC98BB	ENT_C3AB265E0DDA4DFC98BB	target_d001	LAB_MEASUREMENT	Lower extremity arterial IMT thickness	false	medical_kg_gold				target	1		false
t::d001::ENT_C3CB70E385533DB62CCF	ENT_C3CB70E385533DB62CCF	target_d001	METABOLITE	plasma total homocysteine(tHcy)	false	medical_kg_gold				target	1		false
t::d001::ENT_C3DDF8B4BDE0AA0CAB52	ENT_C3DDF8B4BDE0AA0CAB52	target_d001	TREATMENT	antipsychotic treatment	false	medical_kg_gold				target	1		false
t::d001::ENT_C3E93AC9810940FF6EF1	ENT_C3E93AC9810940FF6EF1	target_d001	PHYSIOLOGICAL_PROCESS	Loss of erythrocyte membrane deformability	false	medical_kg_gold				target	1		false
t::d001::ENT_C3F2144DAC1BB9B07E1E	ENT_C3F2144DAC1BB9B07E1E	target_d001	POPULATION	Western Pacific Region	false	medical_kg_gold				target	1		false
t::d001::ENT_C3F7370958B99286CD41	ENT_C3F7370958B99286CD41	target_d001	DISEASE	乳腺癌	false	medical_kg_gold				target	1		false
t::d001::ENT_C3FF07C5454BAF079036	ENT_C3FF07C5454BAF079036	target_d001	METABOLITE	FT4	false	medical_kg_gold				target	1		false
t::d001::ENT_C40315C6A1F39318B64B	ENT_C40315C6A1F39318B64B	target_d001	LAB_MEASUREMENT	HRV time domain indexes	false	medical_kg_gold				target	1		false
t::d001::ENT_C407AF349AA7A03EB2DF	ENT_C407AF349AA7A03EB2DF	target_d001	PHENOTYPE	Defects in GLUT4 translocation	false	medical_kg_gold				target	1		false
t::d001::ENT_C40CDC0166AE55422954	ENT_C40CDC0166AE55422954	target_d001	PROCEDURE	CGMS	false	medical_kg_gold				target	1		false
t::d001::ENT_C415475ED39BA79D1E1C	ENT_C415475ED39BA79D1E1C	target_d001	LAB_MEASUREMENT	CHOL/HDL-C levels	false	medical_kg_gold				target	1		false
t::d001::ENT_C415EE159FE4F8EC2044	ENT_C415EE159FE4F8EC2044	target_d001	DISEASE	type 1 diabetes	false	medical_kg_gold				target	1		false
t::d001::ENT_C418209896CE09F75D83	ENT_C418209896CE09F75D83	target_d001	GENE	Pro12Ala polymorphism of PPAR γ 2 gene	false	medical_kg_gold				target	1		false
t::d001::ENT_C41ADDDD0EFC5C669B05	ENT_C41ADDDD0EFC5C669B05	target_d001	METABOLITE	uric acid	false	medical_kg_gold				target	1		false
t::d001::ENT_C4206BE110CAEAD209E7	ENT_C4206BE110CAEAD209E7	target_d001	METABOLITE	lipid peroxidation products	false	medical_kg_gold				target	1		false
t::d001::ENT_C42180EFBBB7FF9DBA64	ENT_C42180EFBBB7FF9DBA64	target_d001	DRUG	oral agents	false	medical_kg_gold				target	1		false
t::d001::ENT_C427F5137E20563953D0	ENT_C427F5137E20563953D0	target_d001	PROTEIN	C-reactive protein	false	medical_kg_gold				target	1		false
t::d001::ENT_C432CEFF4E52E0226EEC	ENT_C432CEFF4E52E0226EEC	target_d001	LAB_MEASUREMENT	free fatty acid levels	false	medical_kg_gold				target	1		false
t::d001::ENT_C43F335917D6FCB74B6D	ENT_C43F335917D6FCB74B6D	target_d001	BIOMARKER	Resistin and visfatin concentrations	false	medical_kg_gold				target	1		false
t::d001::ENT_C45B412EA3E37D3F9865	ENT_C45B412EA3E37D3F9865	target_d001	LIFESTYLE_FACTOR	Decreased physical activity	false	medical_kg_gold				target	1		false
t::d001::ENT_C46A781F1725AA109BD3	ENT_C46A781F1725AA109BD3	target_d001	BIOMARKER	HbA1c, fasting glucose, HOMA-IR, and acoustic markers such as jitter and shimmer	false	medical_kg_gold				target	1		false
t::d001::ENT_C46FE827B2629C9E2BAC	ENT_C46FE827B2629C9E2BAC	target_d001	ENVIRONMENTAL_EXPOSURE	environmental factors related to nutritional intake and physical activity	false	medical_kg_gold				target	1		false
t::d001::ENT_C4822A809DF91C0CFFE4	ENT_C4822A809DF91C0CFFE4	target_d001	BIOMARKER	HOMA-IS	false	medical_kg_gold				target	1		false
t::d001::ENT_C485947722F525111A58	ENT_C485947722F525111A58	target_d001	PHENOTYPE	small for gestational age (SGA)	false	medical_kg_gold				target	1		false
t::d001::ENT_C48AF27F421056654466	ENT_C48AF27F421056654466	target_d001	PROTEIN	BDNF	false	medical_kg_gold				target	1		false
t::d001::ENT_C4AC59AB1567CBF763E9	ENT_C4AC59AB1567CBF763E9	target_d001	OTHER	epigenetic modification changes of liver histone	false	medical_kg_gold				target	1		false
t::d001::ENT_C4B6B11A9C9332382410	ENT_C4B6B11A9C9332382410	target_d001	DRUG	sodium-glucose cotransporter (SGLT2) inhibitors	false	medical_kg_gold				target	1		false
t::d001::ENT_C4C60E314DEF098574BA	ENT_C4C60E314DEF098574BA	target_d001	BIOMARKER	plasma levels of ghrelin	false	medical_kg_gold				target	1		false
t::d001::ENT_C4C8BE6AF7799226FD92	ENT_C4C8BE6AF7799226FD92	target_d001	CLINICAL_OUTCOME	death rate	false	medical_kg_gold				target	1		false
t::d001::ENT_C4CCE080140CDDA18942	ENT_C4CCE080140CDDA18942	target_d001	LAB_MEASUREMENT	glucose disposition index (DI)	false	medical_kg_gold				target	1		false
t::d001::ENT_C4D1196FA1CB48322A02	ENT_C4D1196FA1CB48322A02	target_d001	METABOLITE	urine deoxypyridinoline(DPD)	false	medical_kg_gold				target	1		false
t::d001::ENT_C4D2C5638B10108F79E9	ENT_C4D2C5638B10108F79E9	target_d001	GENE	risk susceptibility genes	false	medical_kg_gold				target	1		false
t::d001::ENT_C4D2FFDE0F7A9B5C0FE0	ENT_C4D2FFDE0F7A9B5C0FE0	target_d001	PROTEIN	high-sensitive C-reactive protein(hsCRP)	false	medical_kg_gold				target	1		false
t::d001::ENT_C4DE2DFE8331FF0FEA54	ENT_C4DE2DFE8331FF0FEA54	target_d001	NUTRIENT	total fibre	false	medical_kg_gold				target	1		false
t::d001::ENT_C4F23CFD97AFE5368EE1	ENT_C4F23CFD97AFE5368EE1	target_d001	DRUG	enalapril combined with levoamlodipine besylate	false	medical_kg_gold				target	1		false
t::d001::ENT_C4FBB5A3A90C9B61E183	ENT_C4FBB5A3A90C9B61E183	target_d001	PHENOTYPE	decreased insulin secretion	false	medical_kg_gold				target	1		false
t::d001::ENT_C4FE91DA522C53F026D1	ENT_C4FE91DA522C53F026D1	target_d001	DISEASE	ACS	false	medical_kg_gold				target	1		false
t::d001::ENT_C5185E7E203CBBE0BADC	ENT_C5185E7E203CBBE0BADC	target_d001	GENE	UCP2-866G/A	false	medical_kg_gold				target	1		false
t::d001::ENT_C52BAF898FBB8B941788	ENT_C52BAF898FBB8B941788	target_d001	GENE	VLDLR	false	medical_kg_gold				target	1		false
t::d001::ENT_C5418A2BA12014A20DF0	ENT_C5418A2BA12014A20DF0	target_d001	DISEASE	earlier period of hypertension	false	medical_kg_gold				target	1		false
t::d001::ENT_C5439DCE64506398BE7C	ENT_C5439DCE64506398BE7C	target_d001	BIOMARKER	Serum LAN	false	medical_kg_gold				target	1		false
t::d001::ENT_C5496DE1173D039BB8C1	ENT_C5496DE1173D039BB8C1	target_d001	BIOMARKER	MA	false	medical_kg_gold				target	1		false
t::d001::ENT_C55CA6B1FB016F9717EE	ENT_C55CA6B1FB016F9717EE	target_d001	LAB_MEASUREMENT	high serum uric acid level	false	medical_kg_gold				target	1		false
t::d001::ENT_C55FD8DE60C7DFBCD851	ENT_C55FD8DE60C7DFBCD851	target_d001	COMPOUND	QiLian Soup	false	medical_kg_gold				target	1		false
t::d001::ENT_C5656275A13E16791B64	ENT_C5656275A13E16791B64	target_d001	PHENOTYPE	dyslipidemia phenotype	false	medical_kg_gold				target	1		false
t::d001::ENT_C5688B03784A77E50675	ENT_C5688B03784A77E50675	target_d001	PHENOTYPE	hyperinsulinemia	false	medical_kg_gold				target	1		false
t::d001::ENT_C575DB29ECD1039F27EE	ENT_C575DB29ECD1039F27EE	target_d001	OTHER	IG	false	medical_kg_gold				target	1		false
t::d001::ENT_C57E93A1AD818FA5B5D8	ENT_C57E93A1AD818FA5B5D8	target_d001	RISK_FACTOR	age of menarche at ≤11 years old	false	medical_kg_gold				target	1		false
t::d001::ENT_C584E835207699734E44	ENT_C584E835207699734E44	target_d001	PHENOTYPE	inflammation	false	medical_kg_gold				target	1		false
t::d001::ENT_C5929232A712A9B3C80B	ENT_C5929232A712A9B3C80B	target_d001	OTHER	KK-Ay mice	false	medical_kg_gold				target	1		false
t::d001::ENT_C59AC9A2EDC09CFBB0E8	ENT_C59AC9A2EDC09CFBB0E8	target_d001	LAB_MEASUREMENT	increased left ventricular twist	false	medical_kg_gold				target	1		false
t::d001::ENT_C59D68B789B9D387FA64	ENT_C59D68B789B9D387FA64	target_d001	DIET	high caloric intake	false	medical_kg_gold				target	1		false
t::d001::ENT_C5AAFFA0FE923AF53AD7	ENT_C5AAFFA0FE923AF53AD7	target_d001	PROTEIN	superoxide dismutase	false	medical_kg_gold				target	1		false
t::d001::ENT_C5D2EC32B8353F49134A	ENT_C5D2EC32B8353F49134A	target_d001	BIOMARKER	FBG and HbA1c	false	medical_kg_gold				target	1		false
t::d001::ENT_C5D71B78B14E04B4679F	ENT_C5D71B78B14E04B4679F	target_d001	OTHER	LASSO + XGBoost	false	medical_kg_gold				target	1		false
t::d001::ENT_C5DC15A74679F4898E4B	ENT_C5DC15A74679F4898E4B	target_d001	BIOMARKER	serum cholinesterase activity level	false	medical_kg_gold				target	1		false
t::d001::ENT_C5E8AFF13BEEEC9CCEB4	ENT_C5E8AFF13BEEEC9CCEB4	target_d001	BIOMARKER	VEGF	false	medical_kg_gold				target	1		false
t::d001::ENT_C60F76EA3223B53A3CD8	ENT_C60F76EA3223B53A3CD8	target_d001	LAB_MEASUREMENT	fasting blood sugar and HbA1c	false	medical_kg_gold				target	1		false
t::d001::ENT_C611B841A55EE9D4DC3A	ENT_C611B841A55EE9D4DC3A	target_d001	DRUG	nutraceutical products	false	medical_kg_gold				target	1		false
t::d001::ENT_C6199E64D21945167608	ENT_C6199E64D21945167608	target_d001	DRUG	Xiaokekang Capsule	false	medical_kg_gold				target	1		false
t::d001::ENT_C61C7578731BFEE40CD2	ENT_C61C7578731BFEE40CD2	target_d001	DRUG	gliclazide MR	false	medical_kg_gold				target	1		false
t::d001::ENT_C62B446FF5EBCBFDC684	ENT_C62B446FF5EBCBFDC684	target_d001	PROCEDURE	Artificial joint replacement	false	medical_kg_gold				target	1		false
t::d001::ENT_C631C044B598D8560145	ENT_C631C044B598D8560145	target_d001	DISEASE	Impaired fasting glucose (IFG) and impaired glucose tolerance (IGT)	false	medical_kg_gold				target	1		false
t::d001::ENT_C647AAC1FB356FD87A14	ENT_C647AAC1FB356FD87A14	target_d001	RISK_FACTOR	Family history of diabetes mellitus	false	medical_kg_gold				target	1		false
t::d001::ENT_C65B41F661973ACB7928	ENT_C65B41F661973ACB7928	target_d001	LAB_MEASUREMENT	IS	false	medical_kg_gold				target	1		false
t::d001::ENT_C66AE8CE1D201C735D3D	ENT_C66AE8CE1D201C735D3D	target_d001	PROTEIN	ET-1	false	medical_kg_gold				target	1		false
t::d001::ENT_C680DC0094797B0A3ABF	ENT_C680DC0094797B0A3ABF	target_d001	DISEASE	lung cancers	false	medical_kg_gold				target	1		false
t::d001::ENT_C6847C03ECBDF2D6C548	ENT_C6847C03ECBDF2D6C548	target_d001	PHENOTYPE	sleep abnormalities	false	medical_kg_gold				target	1		false
t::d001::ENT_C68DA1B451E2541A128E	ENT_C68DA1B451E2541A128E	target_d001	EXERCISE	Düzenli egzersiz antrenmanları	false	medical_kg_gold				target	1		false
t::d001::ENT_C69666B21CC74D13B239	ENT_C69666B21CC74D13B239	target_d001	BIOLOGICAL_PROCESS	accumulation of fatty acids in nonadipose tissues	false	medical_kg_gold				target	1		false
t::d001::ENT_C6A27F5AEFF147A8878D	ENT_C6A27F5AEFF147A8878D	target_d001	DRUG	glargine	false	medical_kg_gold				target	1		false
t::d001::ENT_C6B7C3AB9EBF910D3B59	ENT_C6B7C3AB9EBF910D3B59	target_d001	PHENOTYPE	abnormally circadian rhythm of blood pressure	false	medical_kg_gold				target	1		false
t::d001::ENT_C6B976062DD990D45ADF	ENT_C6B976062DD990D45ADF	target_d001	DISEASE	MO of HCC	false	medical_kg_gold				target	1		false
t::d001::ENT_C6CF3706FE070B9827D9	ENT_C6CF3706FE070B9827D9	target_d001	DISEASE	bilateral cataracts	false	medical_kg_gold				target	1		false
t::d001::ENT_C6CFAC33B2450A58C088	ENT_C6CFAC33B2450A58C088	target_d001	DRUG	Alpha-Glucosidase inhibitors	false	medical_kg_gold				target	1		false
t::d001::ENT_C6D84FF45C5F826133D9	ENT_C6D84FF45C5F826133D9	target_d001	BEHAVIOR	alcohol drinking	false	medical_kg_gold				target	1		false
t::d001::ENT_C6EEDE47673AE0D1054C	ENT_C6EEDE47673AE0D1054C	target_d001	PROTEIN	Human intestinal maltase (HMA)	false	medical_kg_gold				target	1		false
t::d001::ENT_C6F3F52B27D3A918A0F7	ENT_C6F3F52B27D3A918A0F7	target_d001	DISEASE	all diabetes cases	false	medical_kg_gold				target	1		false
t::d001::ENT_C6F5A37813A652C61B46	ENT_C6F5A37813A652C61B46	target_d001	LAB_MEASUREMENT	PV	false	medical_kg_gold				target	1		false
t::d001::ENT_C702639EF7EBCC7C0139	ENT_C702639EF7EBCC7C0139	target_d001	DIET	daily food intake	false	medical_kg_gold				target	1		false
t::d001::ENT_C70E9E639B136D052BD0	ENT_C70E9E639B136D052BD0	target_d001	PROTEIN	IAPP toxic oligomers	false	medical_kg_gold				target	1		false
t::d001::ENT_C71BD3C29F62DB3C8EDA	ENT_C71BD3C29F62DB3C8EDA	target_d001	DISEASE	pyoderma gangrenosum	false	medical_kg_gold				target	1		false
t::d001::ENT_C71D6BE57E43C44D8109	ENT_C71D6BE57E43C44D8109	target_d001	TREATMENT	Structured education	false	medical_kg_gold				target	1		false
t::d001::ENT_C72CD3A688B2B7191EC7	ENT_C72CD3A688B2B7191EC7	target_d001	OTHER	Coprococcus	false	medical_kg_gold				target	1		false
t::d001::ENT_C72D5171A9C50E7196E6	ENT_C72D5171A9C50E7196E6	target_d001	PROTEIN	bone-specific alkaline phosphatase	false	medical_kg_gold				target	1		false
t::d001::ENT_C74539CC06128A731D46	ENT_C74539CC06128A731D46	target_d001	DRUG	testosterone replacement therapy	false	medical_kg_gold				target	1		false
t::d001::ENT_C74D261197D3166830E0	ENT_C74D261197D3166830E0	target_d001	BIOLOGICAL_PROCESS	bone metabolism	false	medical_kg_gold				target	1		false
t::d001::ENT_C752CB6CD1D2650F5B1B	ENT_C752CB6CD1D2650F5B1B	target_d001	OTHER	MI combined with TabTransformer	false	medical_kg_gold				target	1		false
t::d001::ENT_C76FB655EFED45958C84	ENT_C76FB655EFED45958C84	target_d001	LAB_MEASUREMENT	LVEDP	false	medical_kg_gold				target	1		false
t::d001::ENT_C78364762BB2CAF99A51	ENT_C78364762BB2CAF99A51	target_d001	LAB_MEASUREMENT	osteoclast count	false	medical_kg_gold				target	1		false
t::d001::ENT_C7924022EBE12EF0FEDA	ENT_C7924022EBE12EF0FEDA	target_d001	LAB_MEASUREMENT	postprandial blood pressure	false	medical_kg_gold				target	1		false
t::d001::ENT_C7A052EB322184AA5F1E	ENT_C7A052EB322184AA5F1E	target_d001	BIOMARKER	serum adiponectin level	false	medical_kg_gold				target	1		false
t::d001::ENT_C7C312A20DA8F5A0E2B5	ENT_C7C312A20DA8F5A0E2B5	target_d001	BEHAVIOR	Short sleep	false	medical_kg_gold				target	1		false
t::d001::ENT_C7DDA7424F42EF9B434B	ENT_C7DDA7424F42EF9B434B	target_d001	GENE	LRP5 genotype	false	medical_kg_gold				target	1		false
t::d001::ENT_C7E7AAC7D3E9A6D2E84B	ENT_C7E7AAC7D3E9A6D2E84B	target_d001	PROTEIN	FIB	false	medical_kg_gold				target	1		false
t::d001::ENT_C7FF0133F1054A9323E7	ENT_C7FF0133F1054A9323E7	target_d001	DISEASE	liver disease	false	medical_kg_gold				target	1		false
t::d001::ENT_C807A6D81D0E34C16F20	ENT_C807A6D81D0E34C16F20	target_d001	PROTEIN	MMP-9	false	medical_kg_gold				target	1		false
t::d001::ENT_C8111E382C39D2C591A7	ENT_C8111E382C39D2C591A7	target_d001	OTHER	Mr. A	false	medical_kg_gold				target	1		false
t::d001::ENT_C82D33C406425A22856C	ENT_C82D33C406425A22856C	target_d001	DRUG	Leaves	false	medical_kg_gold				target	1		false
t::d001::ENT_C83310A49E5768813ADC	ENT_C83310A49E5768813ADC	target_d001	DIET	taking more vegetables	false	medical_kg_gold				target	1		false
t::d001::ENT_C8367AC1AF9D48DC85A8	ENT_C8367AC1AF9D48DC85A8	target_d001	SYMPTOM	polydipsia	false	medical_kg_gold				target	1		false
t::d001::ENT_C83CA6C1E5AB2C931441	ENT_C83CA6C1E5AB2C931441	target_d001	DRUG	telmisartan	false	medical_kg_gold				target	1		false
t::d001::ENT_C858C938C4FD22B1ABD5	ENT_C858C938C4FD22B1ABD5	target_d001	LIFESTYLE_FACTOR	changes in lifestyle	false	medical_kg_gold				target	1		false
t::d001::ENT_C85AFDA58F8EB08ADF48	ENT_C85AFDA58F8EB08ADF48	target_d001	OTHER	Gynostemma pentaphyllum	false	medical_kg_gold				target	1		false
t::d001::ENT_C85B2A860C26E89F32D5	ENT_C85B2A860C26E89F32D5	target_d001	BIOMARKER	blood lipid	false	medical_kg_gold				target	1		false
t::d001::ENT_C85C5EDDA0F9B41EC88B	ENT_C85C5EDDA0F9B41EC88B	target_d001	PROTEIN	C-reactive protein and serum amyloid A	false	medical_kg_gold				target	1		false
t::d001::ENT_C862E8D73CDE8AF5607F	ENT_C862E8D73CDE8AF5607F	target_d001	BIOMARKER	CysC level	false	medical_kg_gold				target	1		false
t::d001::ENT_C873882844884FDF0DEB	ENT_C873882844884FDF0DEB	target_d001	BIOMARKER	mtDNA variations	false	medical_kg_gold				target	1		false
t::d001::ENT_C8896814557398FF51B1	ENT_C8896814557398FF51B1	target_d001	LAB_MEASUREMENT	peak systolic longitudinal strain of the subendocardial myocardium	false	medical_kg_gold				target	1		false
t::d001::ENT_C88B71136056D8ACF02D	ENT_C88B71136056D8ACF02D	target_d001	LAB_MEASUREMENT	BPV	false	medical_kg_gold				target	1		false
t::d001::ENT_C8912D41E0D63760D801	ENT_C8912D41E0D63760D801	target_d001	DISEASE	high frequency hearing loss	false	medical_kg_gold				target	1		false
t::d001::ENT_C8A2B37CF785D4EC8232	ENT_C8A2B37CF785D4EC8232	target_d001	PROTEIN	INS	false	medical_kg_gold				target	1		false
t::d001::ENT_C8AC3FC6CDA9AE541564	ENT_C8AC3FC6CDA9AE541564	target_d001	PHENOTYPE	Increase of urotensin II	false	medical_kg_gold				target	1		false
t::d001::ENT_C8BB8ECF9139A191FA00	ENT_C8BB8ECF9139A191FA00	target_d001	PROTEIN	serum hs-CRP level	false	medical_kg_gold				target	1		false
t::d001::ENT_C8BE21A4FEE65F85BBB4	ENT_C8BE21A4FEE65F85BBB4	target_d001	OTHER	Support vector machine	false	medical_kg_gold				target	1		false
t::d001::ENT_C8C128C07022EF3F3CDD	ENT_C8C128C07022EF3F3CDD	target_d001	TREATMENT	insulin glargine combined with repaglinide	false	medical_kg_gold				target	1		false
t::d001::ENT_C8C8AA5E9F081108DD2C	ENT_C8C8AA5E9F081108DD2C	target_d001	DRUG	separated prescription extracts	false	medical_kg_gold				target	1		false
t::d001::ENT_C8CAAF75EB5377262222	ENT_C8CAAF75EB5377262222	target_d001	BIOLOGICAL_PROCESS	inflammation or infection	false	medical_kg_gold				target	1		false
t::d001::ENT_C8D4D16908B7EDFF4959	ENT_C8D4D16908B7EDFF4959	target_d001	PHYSIOLOGICAL_PROCESS	Menopause	false	medical_kg_gold				target	1		false
t::d001::ENT_C8E796EA62F55B4DE594	ENT_C8E796EA62F55B4DE594	target_d001	BIOMARKER	low concentrations of the kidney protein uromodulin	false	medical_kg_gold				target	1		false
t::d001::ENT_C8FD9B5F665D61C354F3	ENT_C8FD9B5F665D61C354F3	target_d001	DISEASE	neurodegeneration	false	medical_kg_gold				target	1		false
t::d001::ENT_C905792DACD4C41CA910	ENT_C905792DACD4C41CA910	target_d001	METABOLITE	Serum Hcy levels	false	medical_kg_gold				target	1		false
t::d001::ENT_C908EEFD20B12BF6CD91	ENT_C908EEFD20B12BF6CD91	target_d001	GENE	rs7830	false	medical_kg_gold				target	1		false
t::d001::ENT_C91862C3C2424B0CBE15	ENT_C91862C3C2424B0CBE15	target_d001	COMPOUND	SP	false	medical_kg_gold				target	1		false
t::d001::ENT_C918813BC3672369BBAB	ENT_C918813BC3672369BBAB	target_d001	PHYSIOLOGICAL_PROCESS	endothelium-dependent vasodilatation function	false	medical_kg_gold				target	1		false
t::d001::ENT_C91DC1EC11EE3F142409	ENT_C91DC1EC11EE3F142409	target_d001	OTHER	renal width	false	medical_kg_gold				target	1		false
t::d001::ENT_C934301D5310DAA1ECF2	ENT_C934301D5310DAA1ECF2	target_d001	PROTEIN	RhoA	false	medical_kg_gold				target	1		false
t::d001::ENT_C940AAD63071D5308243	ENT_C940AAD63071D5308243	target_d001	OTHER	SNP rs696217 of preproghrelin gene	false	medical_kg_gold				target	1		false
t::d001::ENT_C941C665705CE242C2D9	ENT_C941C665705CE242C2D9	target_d001	PROTEIN	Iipin	false	medical_kg_gold				target	1		false
t::d001::ENT_C943F2A052D528BA6D08	ENT_C943F2A052D528BA6D08	target_d001	OTHER	miR-802	false	medical_kg_gold				target	1		false
t::d001::ENT_C9459D3074A7585DEE7D	ENT_C9459D3074A7585DEE7D	target_d001	PROTEIN	TrACP-5b	false	medical_kg_gold				target	1		false
t::d001::ENT_C952D8FC6F841A0024B0	ENT_C952D8FC6F841A0024B0	target_d001	BIOMARKER	plasma CRP	false	medical_kg_gold				target	1		false
t::d001::ENT_C959F40C72CACD373931	ENT_C959F40C72CACD373931	target_d001	CLINICAL_OUTCOME	IIEF scores	false	medical_kg_gold				target	1		false
t::d001::ENT_C96BF6838BBA6ECECFA8	ENT_C96BF6838BBA6ECECFA8	target_d001	PHENOTYPE	functional disturbance in monocytes	false	medical_kg_gold				target	1		false
t::d001::ENT_C9834152114BCC9B9BCE	ENT_C9834152114BCC9B9BCE	target_d001	OTHER	mitochondrial aberrations	false	medical_kg_gold				target	1		false
t::d001::ENT_C98EF63A8EC9E1F975CA	ENT_C98EF63A8EC9E1F975CA	target_d001	OTHER	A allele of EXT2 rs3740878	false	medical_kg_gold				target	1		false
t::d001::ENT_C9A264945C24EA11C5EB	ENT_C9A264945C24EA11C5EB	target_d001	DIET	Intermittent fasting	false	medical_kg_gold				target	1		false
t::d001::ENT_C9B8907068FAD4FB96B9	ENT_C9B8907068FAD4FB96B9	target_d001	GENE	CC and CT genotypes	false	medical_kg_gold				target	1		false
t::d001::ENT_C9CF3710B6080A94C914	ENT_C9CF3710B6080A94C914	target_d001	PHENOTYPE	waist	false	medical_kg_gold				target	1		false
t::d001::ENT_C9D096CDABF0EF17B64A	ENT_C9D096CDABF0EF17B64A	target_d001	LAB_MEASUREMENT	postprandial blood glucose	false	medical_kg_gold				target	1		false
t::d001::ENT_C9D9F4EFBE144A1B3290	ENT_C9D9F4EFBE144A1B3290	target_d001	PHENOTYPE	malignant degree of HCC	false	medical_kg_gold				target	1		false
t::d001::ENT_C9E1B8A57DC52D182267	ENT_C9E1B8A57DC52D182267	target_d001	RISK_FACTOR	vitamin D deficiency	false	medical_kg_gold				target	1		false
t::d001::ENT_C9E926FBA6339F48D299	ENT_C9E926FBA6339F48D299	target_d001	RISK_FACTOR	Family history of diabetes	false	medical_kg_gold				target	1		false
t::d001::ENT_C9EB04F0519DB114B4EE	ENT_C9EB04F0519DB114B4EE	target_d001	GENE	GSTТ1 del/del х GSTP1 105Val/Val	false	medical_kg_gold				target	1		false
t::d001::ENT_C9F61DC2A5C681C952DC	ENT_C9F61DC2A5C681C952DC	target_d001	BIOMARKER	Serum uromodulin	false	medical_kg_gold				target	1		false
t::d001::ENT_CA046E14AC77A03A7263	ENT_CA046E14AC77A03A7263	target_d001	BIOMARKER	pitch SD	false	medical_kg_gold				target	1		false
t::d001::ENT_CA05A03ABEC2F3F59A59	ENT_CA05A03ABEC2F3F59A59	target_d001	DISEASE	thyroid disease	false	medical_kg_gold				target	1		false
t::d001::ENT_CA07875217CB873F778A	ENT_CA07875217CB873F778A	target_d001	NUTRIENT	low dietary fibre	false	medical_kg_gold				target	1		false
t::d001::ENT_CA0937BD132AF7F64EE3	ENT_CA0937BD132AF7F64EE3	target_d001	DRUG	insulin analogue aspart 30	false	medical_kg_gold				target	1		false
t::d001::ENT_CA09F29D14585F35D1D8	ENT_CA09F29D14585F35D1D8	target_d001	CLINICAL_OUTCOME	early morbidity and mortality	false	medical_kg_gold				target	1		false
t::d001::ENT_CA0A983ACE8B6B2FC4A1	ENT_CA0A983ACE8B6B2FC4A1	target_d001	BIOMARKER	serum visfatin levels	false	medical_kg_gold				target	1		false
t::d001::ENT_CA116F982A765A080212	ENT_CA116F982A765A080212	target_d001	COMPOUND	25-hydroxy vitamin D3	false	medical_kg_gold				target	1		false
t::d001::ENT_CA1C198796C002DC8120	ENT_CA1C198796C002DC8120	target_d001	LAB_MEASUREMENT	high fasting glucose	false	medical_kg_gold				target	1		false
t::d001::ENT_CA220F2D50131D18DE88	ENT_CA220F2D50131D18DE88	target_d001	BIOLOGICAL_PROCESS	fibrinolytic system	false	medical_kg_gold				target	1		false
t::d001::ENT_CA2368D1F2A561DF4D29	ENT_CA2368D1F2A561DF4D29	target_d001	RISK_FACTOR	blood pressure	false	medical_kg_gold				target	1		false
t::d001::ENT_CA30B772095D77CD7BDE	ENT_CA30B772095D77CD7BDE	target_d001	DRUG	curcumin	false	medical_kg_gold				target	1		false
t::d001::ENT_CA333230C7D698FD87E8	ENT_CA333230C7D698FD87E8	target_d001	GENE	polymorphisms of leptin receptor gene 3057G/A	false	medical_kg_gold				target	1		false
t::d001::ENT_CA4177E0C292E7506654	ENT_CA4177E0C292E7506654	target_d001	PROTEIN	CD56	false	medical_kg_gold				target	1		false
t::d001::ENT_CA4338DD7EFFEF64432A	ENT_CA4338DD7EFFEF64432A	target_d001	PHENOTYPE	corneal endothelium morphology	false	medical_kg_gold				target	1		false
t::d001::ENT_CA4680B3C6790487459F	ENT_CA4680B3C6790487459F	target_d001	RISK_FACTOR	BMI	false	medical_kg_gold				target	1		false
t::d001::ENT_CA5CD711ADA6023D2B61	ENT_CA5CD711ADA6023D2B61	target_d001	BEHAVIOR	coffee consumption	false	medical_kg_gold				target	1		false
t::d001::ENT_CA724F992CF007E05F41	ENT_CA724F992CF007E05F41	target_d001	LAB_MEASUREMENT	blood urea nitrogen (BUN)	false	medical_kg_gold				target	1		false
t::d001::ENT_CA75D076085073774F40	ENT_CA75D076085073774F40	target_d001	DISEASE	uterine leiomyoma	false	medical_kg_gold				target	1		false
t::d001::ENT_CA771497A6FD936A5D7F	ENT_CA771497A6FD936A5D7F	target_d001	PROCEDURE	pancreas transplantation	false	medical_kg_gold				target	1		false
t::d001::ENT_CA89B52AD7EE424E978C	ENT_CA89B52AD7EE424E978C	target_d001	TISSUE	White adipose tissue	false	medical_kg_gold				target	1		false
t::d001::ENT_CA904766D7F4C01AF41E	ENT_CA904766D7F4C01AF41E	target_d001	LAB_MEASUREMENT	HbAlc	false	medical_kg_gold				target	1		false
t::d001::ENT_CA92A9FBA08A4EAE7A38	ENT_CA92A9FBA08A4EAE7A38	target_d001	GENE	HSL	false	medical_kg_gold				target	1		false
t::d001::ENT_CAAFC2E111A8A0B78E74	ENT_CAAFC2E111A8A0B78E74	target_d001	BIOMARKER	ApoB/A-1 ratio	false	medical_kg_gold				target	1		false
t::d001::ENT_CAC2DC4B5DEDAE3B6B6B	ENT_CAC2DC4B5DEDAE3B6B6B	target_d001	DRUG	MSG	false	medical_kg_gold				target	1		false
t::d001::ENT_CAC975E726C60C29D41B	ENT_CAC975E726C60C29D41B	target_d001	PHENOTYPE	complete occlusions	false	medical_kg_gold				target	1		false
t::d001::ENT_CACEA343B2A2BAEAA774	ENT_CACEA343B2A2BAEAA774	target_d001	PHENOTYPE	abnormal strain	false	medical_kg_gold				target	1		false
t::d001::ENT_CAD8E5D01286AC737767	ENT_CAD8E5D01286AC737767	target_d001	PHENOTYPE	mitochondrial dysfunction	false	medical_kg_gold				target	1		false
t::d001::ENT_CAF5EDB87A6D474C490B	ENT_CAF5EDB87A6D474C490B	target_d001	SYMPTOM	blur	false	medical_kg_gold				target	1		false
t::d001::ENT_CAF6E591AC89C71E959D	ENT_CAF6E591AC89C71E959D	target_d001	GENE	UCP2 gene -866G/A polymorphism	false	medical_kg_gold				target	1		false
t::d001::ENT_CAFB9A931D0F32F53B2C	ENT_CAFB9A931D0F32F53B2C	target_d001	BIOMARKER	Abnormal hepatic tissue IRS2 mRNA expression	false	medical_kg_gold				target	1		false
t::d001::ENT_CAFC83F3E9CFC1253AB3	ENT_CAFC83F3E9CFC1253AB3	target_d001	METABOLITE	non-HDLc concentration	false	medical_kg_gold				target	1		false
t::d001::ENT_CB01001697207D9F6E2A	ENT_CB01001697207D9F6E2A	target_d001	PROTEIN	serum Smad2	false	medical_kg_gold				target	1		false
t::d001::ENT_CB0CD197AB16064D6A7B	ENT_CB0CD197AB16064D6A7B	target_d001	OTHER	rs2746338 (201A>G)	false	medical_kg_gold				target	1		false
t::d001::ENT_CB15D92262CE9A26E20F	ENT_CB15D92262CE9A26E20F	target_d001	BIOMARKER	jitter	false	medical_kg_gold				target	1		false
t::d001::ENT_CB16C74321D2A10C7DF8	ENT_CB16C74321D2A10C7DF8	target_d001	OTHER	RXRG rs1467664	false	medical_kg_gold				target	1		false
t::d001::ENT_CB18331FD439BF686A95	ENT_CB18331FD439BF686A95	target_d001	DISEASE	血管内皮功能失调	false	medical_kg_gold				target	1		false
t::d001::ENT_CB1D7B769A39F8BA7E69	ENT_CB1D7B769A39F8BA7E69	target_d001	PHENOTYPE	insensitivity of the insulin receptors	false	medical_kg_gold				target	1		false
t::d001::ENT_CB2CC57CF6969641449E	ENT_CB2CC57CF6969641449E	target_d001	PHENOTYPE	Skin manifestations	false	medical_kg_gold				target	1		false
t::d001::ENT_CB33FFFB9B48537F3E76	ENT_CB33FFFB9B48537F3E76	target_d001	BEHAVIOR	strong right handedness	false	medical_kg_gold				target	1		false
t::d001::ENT_CB51CE3163BBD740E8C9	ENT_CB51CE3163BBD740E8C9	target_d001	GENE	any one of rsl3026309,rs4952986,rs6739828,rsl3029250,rsl3022691	false	medical_kg_gold				target	1		false
t::d001::ENT_CB5B814D85058F1439E8	ENT_CB5B814D85058F1439E8	target_d001	OTHER	lipotoxicity	false	medical_kg_gold				target	1		false
t::d001::ENT_CB6FA37D25F031DBCDB4	ENT_CB6FA37D25F031DBCDB4	target_d001	PROTEIN	circulating IL-18	false	medical_kg_gold				target	1		false
t::d001::ENT_CB802F6817EF3B859E06	ENT_CB802F6817EF3B859E06	target_d001	CLINICAL_OUTCOME	Akut- und 5-Jahres-Letalität	false	medical_kg_gold				target	1		false
t::d001::ENT_CB813701C5EE33E061F4	ENT_CB813701C5EE33E061F4	target_d001	COMPOUND	fatty acids	false	medical_kg_gold				target	1		false
t::d001::ENT_CB861CDBFB58A487C0F4	ENT_CB861CDBFB58A487C0F4	target_d001	PHENOTYPE	obesity or overweight	false	medical_kg_gold				target	1		false
t::d001::ENT_CB918365CE972789B5FB	ENT_CB918365CE972789B5FB	target_d001	LAB_MEASUREMENT	Sa	false	medical_kg_gold				target	1		false
t::d001::ENT_CBAD731B72B4B0828F0C	ENT_CBAD731B72B4B0828F0C	target_d001	PROTEIN	serum IL-6	false	medical_kg_gold				target	1		false
t::d001::ENT_CBB42A6AE61B7463E5F6	ENT_CBB42A6AE61B7463E5F6	target_d001	PHYSIOLOGICAL_PROCESS	氧化应激	false	medical_kg_gold				target	1		false
t::d001::ENT_CBC2D75F5BE6555F5A7B	ENT_CBC2D75F5BE6555F5A7B	target_d001	BIOMARKER	total proinsulin immunoreactivity	false	medical_kg_gold				target	1		false
t::d001::ENT_CBD8DA493645B5612984	ENT_CBD8DA493645B5612984	target_d001	SYMPTOM	weight loss	false	medical_kg_gold				target	1		false
t::d001::ENT_CBED5DFF56C938413BBD	ENT_CBED5DFF56C938413BBD	target_d001	BIOMARKER	tartrate-resistant acid phosphatase 5b	false	medical_kg_gold				target	1		false
t::d001::ENT_CBF64860AC27400CDE2A	ENT_CBF64860AC27400CDE2A	target_d001	METABOLITE	serum 25(OH)D3	false	medical_kg_gold				target	1		false
t::d001::ENT_CBF72AF403B2137A9B00	ENT_CBF72AF403B2137A9B00	target_d001	BIOLOGICAL_PROCESS	cardioprotection	false	medical_kg_gold				target	1		false
t::d001::ENT_CC06C41F3CBBD8392571	ENT_CC06C41F3CBBD8392571	target_d001	PROTEIN	CD8	false	medical_kg_gold				target	1		false
t::d001::ENT_CC20FFB094ADC88D7F8A	ENT_CC20FFB094ADC88D7F8A	target_d001	PHYSIOLOGICAL_PROCESS	conduction velocity of sciatic nerve	false	medical_kg_gold				target	1		false
t::d001::ENT_CC28907B79F166D5553A	ENT_CC28907B79F166D5553A	target_d001	PROTEIN	CD+62p	false	medical_kg_gold				target	1		false
t::d001::ENT_CC2A606458018A61D376	ENT_CC2A606458018A61D376	target_d001	POPULATION	4 new cases of diabetic people	false	medical_kg_gold				target	1		false
t::d001::ENT_CC2C5D7D11E5006ADCE4	ENT_CC2C5D7D11E5006ADCE4	target_d001	PHENOTYPE	elastic function of carotid artery	false	medical_kg_gold				target	1		false
t::d001::ENT_CC418958BF0D1B28D91D	ENT_CC418958BF0D1B28D91D	target_d001	POPULATION	patients with diabetes	false	medical_kg_gold				target	1		false
t::d001::ENT_CC4B290D2E3F36970E76	ENT_CC4B290D2E3F36970E76	target_d001	GENE	CDKN2A/B rs10811661 (C/T) gene polymorphism	false	medical_kg_gold				target	1		false
t::d001::ENT_CC5C598EE752D83C12EE	ENT_CC5C598EE752D83C12EE	target_d001	TREATMENT	switching from premixed insulin to liraglutide	false	medical_kg_gold				target	1		false
t::d001::ENT_CC610DD4B15D50847F5C	ENT_CC610DD4B15D50847F5C	target_d001	OTHER	NONHSAT160746	false	medical_kg_gold				target	1		false
t::d001::ENT_CC61344ED5F2D9AE7A76	ENT_CC61344ED5F2D9AE7A76	target_d001	PHENOTYPE	increase of systolic pressure	false	medical_kg_gold				target	1		false
t::d001::ENT_CC6CA40D68987E43CD14	ENT_CC6CA40D68987E43CD14	target_d001	INTERVENTION	individual TCM constitution intervention	false	medical_kg_gold				target	1		false
t::d001::ENT_CC72E38FA39F20AEE794	ENT_CC72E38FA39F20AEE794	target_d001	BIOMARKER	NADPH oxidase activity	false	medical_kg_gold				target	1		false
t::d001::ENT_CC7B609C7B85D5F553E9	ENT_CC7B609C7B85D5F553E9	target_d001	BEHAVIOR	Carbonated beverages consumption	false	medical_kg_gold				target	1		false
t::d001::ENT_CC88598E51E5CA0562EC	ENT_CC88598E51E5CA0562EC	target_d001	BIOMARKER	T4	false	medical_kg_gold				target	1		false
t::d001::ENT_CC89206E228C5CBC5D09	ENT_CC89206E228C5CBC5D09	target_d001	POPULATION	first-degree relatives of type 2 diabete probands	false	medical_kg_gold				target	1		false
t::d001::ENT_CC8EAB7B08B25962C1C0	ENT_CC8EAB7B08B25962C1C0	target_d001	CELL	pancreatic stem cell	false	medical_kg_gold				target	1		false
t::d001::ENT_CC9BC09E7C3FAA954577	ENT_CC9BC09E7C3FAA954577	target_d001	PHYSIOLOGICAL_PROCESS	wound healing	false	medical_kg_gold				target	1		false
t::d001::ENT_CC9D901D3402A307C3DD	ENT_CC9D901D3402A307C3DD	target_d001	PHENOTYPE	abnormal blood fat	false	medical_kg_gold				target	1		false
t::d001::ENT_CC9DD6415CA5B28009D5	ENT_CC9DD6415CA5B28009D5	target_d001	METABOLITE	serum triglycerides	false	medical_kg_gold				target	1		false
t::d001::ENT_CCA23A61C28AFE4E3A62	ENT_CCA23A61C28AFE4E3A62	target_d001	GENE	PGC-1α	false	medical_kg_gold				target	1		false
t::d001::ENT_CCAD874C19A11F1AB497	ENT_CCAD874C19A11F1AB497	target_d001	LAB_MEASUREMENT	score of FL	false	medical_kg_gold				target	1		false
t::d001::ENT_CCBADFA5C72BDFAEF255	ENT_CCBADFA5C72BDFAEF255	target_d001	GENE	TNFβ mutation	false	medical_kg_gold				target	1		false
t::d001::ENT_CCD51F7FD4A10F0B455B	ENT_CCD51F7FD4A10F0B455B	target_d001	BIOMARKER	RAPD markers of K 17	false	medical_kg_gold				target	1		false
t::d001::ENT_CCD64FE2D884FC7FF150	ENT_CCD64FE2D884FC7FF150	target_d001	DISEASE	CIS	false	medical_kg_gold				target	1		false
t::d001::ENT_CD02CB8FE31A7360C081	ENT_CD02CB8FE31A7360C081	target_d001	METABOLITE	low-density lipoprotein cholesterol	false	medical_kg_gold				target	1		false
t::d001::ENT_CD03B847E6B3BC7D687D	ENT_CD03B847E6B3BC7D687D	target_d001	DISEASE	femoral artery atherosclerosis	false	medical_kg_gold				target	1		false
t::d001::ENT_CD1681253EFBD81DE9D0	ENT_CD1681253EFBD81DE9D0	target_d001	GENE	eNOS gene Glu298Asp genotype	false	medical_kg_gold				target	1		false
t::d001::ENT_CD2532E823A4EDE50307	ENT_CD2532E823A4EDE50307	target_d001	DRUG	Ipragliflozin	false	medical_kg_gold				target	1		false
t::d001::ENT_CD2B8C878DA7CAC2169E	ENT_CD2B8C878DA7CAC2169E	target_d001	RISK_FACTOR	late diagnosis and delayed initiation of treatment	false	medical_kg_gold				target	1		false
t::d001::ENT_CD3272A6026FA3C157FB	ENT_CD3272A6026FA3C157FB	target_d001	OTHER	B allele	false	medical_kg_gold				target	1		false
t::d001::ENT_CD4C613B4D67C3CE9A81	ENT_CD4C613B4D67C3CE9A81	target_d001	PROTEIN	ApoB	false	medical_kg_gold				target	1		false
t::d001::ENT_CD4D86461D1920303AA2	ENT_CD4D86461D1920303AA2	target_d001	LAB_MEASUREMENT	peak systolic longitudinal strain	false	medical_kg_gold				target	1		false
t::d001::ENT_CD5253EE56AFB874C266	ENT_CD5253EE56AFB874C266	target_d001	DRUG	pioglitazone	false	medical_kg_gold				target	1		false
t::d001::ENT_CD5BC4B011D8C7E92C8A	ENT_CD5BC4B011D8C7E92C8A	target_d001	OTHER	16.76%	false	medical_kg_gold				target	1		false
t::d001::ENT_CD6067BA8424E70766B3	ENT_CD6067BA8424E70766B3	target_d001	LAB_MEASUREMENT	SI	false	medical_kg_gold				target	1		false
t::d001::ENT_CD64AF9E1C59BE2AF4B0	ENT_CD64AF9E1C59BE2AF4B0	target_d001	BIOMARKER	serum Zn level and C-peptide levels	false	medical_kg_gold				target	1		false
t::d001::ENT_CD66DAC9C41FCE9584D7	ENT_CD66DAC9C41FCE9584D7	target_d001	BEHAVIOR	fat addiction	false	medical_kg_gold				target	1		false
t::d001::ENT_CD6B2AFE6F8014AA69A7	ENT_CD6B2AFE6F8014AA69A7	target_d001	LAB_MEASUREMENT	carotid artery intima-media thickness	false	medical_kg_gold				target	1		false
t::d001::ENT_CD798510BB9F7D723242	ENT_CD798510BB9F7D723242	target_d001	PHENOTYPE	multiple small stones	false	medical_kg_gold				target	1		false
t::d001::ENT_CD818ED42245BF22BB8A	ENT_CD818ED42245BF22BB8A	target_d001	POPULATION	immigrants	false	medical_kg_gold				target	1		false
t::d001::ENT_CD83BB613F4EF019EAEF	ENT_CD83BB613F4EF019EAEF	target_d001	DISEASE	lumen plaque	false	medical_kg_gold				target	1		false
t::d001::ENT_CD996A647D5D05137F08	ENT_CD996A647D5D05137F08	target_d001	LAB_MEASUREMENT	systolic blood pressure	false	medical_kg_gold				target	1		false
t::d001::ENT_CD9EB2F9E2DF9962BAC8	ENT_CD9EB2F9E2DF9962BAC8	target_d001	LAB_MEASUREMENT	urinary microalbumin	false	medical_kg_gold				target	1		false
t::d001::ENT_CDA550059AFF7D3FB161	ENT_CDA550059AFF7D3FB161	target_d001	BIOMARKER	sICAM-1	false	medical_kg_gold				target	1		false
t::d001::ENT_CDAAE5305F4D479DCF4C	ENT_CDAAE5305F4D479DCF4C	target_d001	PHENOTYPE	cardiac chamber dilation	false	medical_kg_gold				target	1		false
t::d001::ENT_CDB14CD343D7FF227CDA	ENT_CDB14CD343D7FF227CDA	target_d001	BIOMARKER	serum paraoxonase 1(PON1) activity	false	medical_kg_gold				target	1		false
t::d001::ENT_CDB7DA32CA85950639D5	ENT_CDB7DA32CA85950639D5	target_d001	OTHER	ENPP1 gene K121Q polymorphism	false	medical_kg_gold				target	1		false
t::d001::ENT_CDBA653C0B8719922756	ENT_CDBA653C0B8719922756	target_d001	DISEASE	fragility fractures	false	medical_kg_gold				target	1		false
t::d001::ENT_CDBBCCB1E3A297994C27	ENT_CDBBCCB1E3A297994C27	target_d001	DRUG	diabetes I Fang	false	medical_kg_gold				target	1		false
t::d001::ENT_CDBC800C0EBD2CEDDA7B	ENT_CDBC800C0EBD2CEDDA7B	target_d001	PROTEIN	plasma TNF-α	false	medical_kg_gold				target	1		false
t::d001::ENT_CDC14092949E2915A6E3	ENT_CDC14092949E2915A6E3	target_d001	GENE	TLR4 and IRS1	false	medical_kg_gold				target	1		false
t::d001::ENT_CDC7237FF1CFEAF8604F	ENT_CDC7237FF1CFEAF8604F	target_d001	DISEASE	common, complex genetic disease	false	medical_kg_gold				target	1		false
t::d001::ENT_CDC85CDEE6AD6617E82D	ENT_CDC85CDEE6AD6617E82D	target_d001	PHENOTYPE	necrosis of aortic endothelium	false	medical_kg_gold				target	1		false
t::d001::ENT_CDD4F39BAD9CC6E6FF58	ENT_CDD4F39BAD9CC6E6FF58	target_d001	LAB_MEASUREMENT	total bilirubin level	false	medical_kg_gold				target	1		false
t::d001::ENT_CDDC0BD9FC7E8E7291BA	ENT_CDDC0BD9FC7E8E7291BA	target_d001	INTERVENTION	community health education	false	medical_kg_gold				target	1		false
t::d001::ENT_CDDD43A2F4FC64A2403B	ENT_CDDD43A2F4FC64A2403B	target_d001	GENE	SNP+276	false	medical_kg_gold				target	1		false
t::d001::ENT_CDDE3306AEE8344C5CAE	ENT_CDDE3306AEE8344C5CAE	target_d001	GENE	CDKN2A-CDKN2B (rs1333049)	false	medical_kg_gold				target	1		false
t::d001::ENT_CDED6AA99578593FD9BB	ENT_CDED6AA99578593FD9BB	target_d001	LAB_MEASUREMENT	PI.	false	medical_kg_gold				target	1		false
t::d001::ENT_CDFD93B700B2B9548C85	ENT_CDFD93B700B2B9548C85	target_d001	TREATMENT	treatment	false	medical_kg_gold				target	1		false
t::d001::ENT_CE10867D45EB40190F6C	ENT_CE10867D45EB40190F6C	target_d001	GENE	Calpain10 gene polymorphism	false	medical_kg_gold				target	1		false
t::d001::ENT_CE2C304FC3D7E39BC6C8	ENT_CE2C304FC3D7E39BC6C8	target_d001	SYMPTOM	numbness	false	medical_kg_gold				target	1		false
t::d001::ENT_CE2CC044FB6C0E604FD5	ENT_CE2CC044FB6C0E604FD5	target_d001	TREATMENT	supplementation of vitamin D3	false	medical_kg_gold				target	1		false
t::d001::ENT_CE2D2594F9DA0D1188A6	ENT_CE2D2594F9DA0D1188A6	target_d001	LAB_MEASUREMENT	stdevF0	false	medical_kg_gold				target	1		false
t::d001::ENT_CE352E24BE0161DB283E	ENT_CE352E24BE0161DB283E	target_d001	PROCEDURE	ocular straylight and intraocular thickness measurements	false	medical_kg_gold				target	1		false
t::d001::ENT_CE373521DA6FB7307163	ENT_CE373521DA6FB7307163	target_d001	METABOLITE	FFA levels	false	medical_kg_gold				target	1		false
t::d001::ENT_CE428C91EAA2CA8C29E2	ENT_CE428C91EAA2CA8C29E2	target_d001	PHENOTYPE	myocardium thickening	false	medical_kg_gold				target	1		false
t::d001::ENT_CE44295715DFCBAC7A00	ENT_CE44295715DFCBAC7A00	target_d001	CLINICAL_OUTCOME	prolonged in-hospital stay	false	medical_kg_gold				target	1		false
t::d001::ENT_CE4845AE91C30C21B980	ENT_CE4845AE91C30C21B980	target_d001	LAB_MEASUREMENT	PAI-1 levels	false	medical_kg_gold				target	1		false
t::d001::ENT_CE4C93AC6CCF1813F0D3	ENT_CE4C93AC6CCF1813F0D3	target_d001	GENE	KCNJ11 gene E23K polymorphism	false	medical_kg_gold				target	1		false
t::d001::ENT_CE555B5124FEAFC9B3F8	ENT_CE555B5124FEAFC9B3F8	target_d001	OTHER	Candida albicans	false	medical_kg_gold				target	1		false
t::d001::ENT_CE5893A5F0ADA55D1016	ENT_CE5893A5F0ADA55D1016	target_d001	PHENOTYPE	retinal thickness	false	medical_kg_gold				target	1		false
t::d001::ENT_CE651D1FF39D31BBD59C	ENT_CE651D1FF39D31BBD59C	target_d001	GENE	TNF 308G/A polymorphism	false	medical_kg_gold				target	1		false
t::d001::ENT_CE6F548F48C34C4DD482	ENT_CE6F548F48C34C4DD482	target_d001	INTERVENTION	Taurine supplementation	false	medical_kg_gold				target	1		false
t::d001::ENT_CE8149410586134EBECD	ENT_CE8149410586134EBECD	target_d001	DISEASE	nosocomial infection	false	medical_kg_gold				target	1		false
t::d001::ENT_CE8922740AC4ACFD612B	ENT_CE8922740AC4ACFD612B	target_d001	INTERVENTION	pumpkin polysaccharides and puerarin combination	false	medical_kg_gold				target	1		false
t::d001::ENT_CE8BE8105BA2F7FF689F	ENT_CE8BE8105BA2F7FF689F	target_d001	PHYSIOLOGICAL_PROCESS	perfusion of the brain	false	medical_kg_gold				target	1		false
t::d001::ENT_CE8DD0205BA15E5A6C20	ENT_CE8DD0205BA15E5A6C20	target_d001	BEHAVIOR	lifestyle modification	false	medical_kg_gold				target	1		false
t::d001::ENT_CE947E3C753A0C8CC7AD	ENT_CE947E3C753A0C8CC7AD	target_d001	PROTEIN	downregulation of Kv4.2 and KChIP2	false	medical_kg_gold				target	1		false
t::d001::ENT_CE94D1E2C916B2742189	ENT_CE94D1E2C916B2742189	target_d001	OTHER	TG-lowering alleles involved in peripheral lipolysis (LPL and ANGPTL4)	false	medical_kg_gold				target	1		false
t::d001::ENT_CE9D534455D240989C6D	ENT_CE9D534455D240989C6D	target_d001	DISEASE	gram-negative bacteremia	false	medical_kg_gold				target	1		false
t::d001::ENT_CEAC5DBE4975D04B1FBE	ENT_CEAC5DBE4975D04B1FBE	target_d001	PROTEIN	SHBG	false	medical_kg_gold				target	1		false
t::d001::ENT_CEC85AB373F30F560275	ENT_CEC85AB373F30F560275	target_d001	BIOMARKER	total blood cholesterol	false	medical_kg_gold				target	1		false
t::d001::ENT_CECD28E149056248928D	ENT_CECD28E149056248928D	target_d001	DRUG	Rosiglitazone natrium	false	medical_kg_gold				target	1		false
t::d001::ENT_CEDD73D03EA7BADBCB76	ENT_CEDD73D03EA7BADBCB76	target_d001	BIOMARKER	serum apelin	false	medical_kg_gold				target	1		false
t::d001::ENT_CEE3B90D919BF0F18078	ENT_CEE3B90D919BF0F18078	target_d001	LAB_MEASUREMENT	HDL-C levels	false	medical_kg_gold				target	1		false
t::d001::ENT_CEF57D42AC28A14CCD6B	ENT_CEF57D42AC28A14CCD6B	target_d001	RISK_FACTOR	genetik ve cevresel faktorler	false	medical_kg_gold				target	1		false
t::d001::ENT_CEF68BE923085F57C3CE	ENT_CEF68BE923085F57C3CE	target_d001	DISEASE	retinopathy	false	medical_kg_gold				target	1		false
t::d001::ENT_CEFE03CACF04AB9676FF	ENT_CEFE03CACF04AB9676FF	target_d001	POPULATION	120 patients	false	medical_kg_gold				target	1		false
t::d001::ENT_CF09CDCE0BB9085DD7FA	ENT_CF09CDCE0BB9085DD7FA	target_d001	DRUG	GLP-1 receptor agonists	false	medical_kg_gold				target	1		false
t::d001::ENT_CF10026B75AC9B3E2FF2	ENT_CF10026B75AC9B3E2FF2	target_d001	PROTEIN	serum MMP-9	false	medical_kg_gold				target	1		false
t::d001::ENT_CF195D5D6130C4644BFB	ENT_CF195D5D6130C4644BFB	target_d001	PHENOTYPE	Hip circumference (cm)	false	medical_kg_gold				target	1		false
t::d001::ENT_CF1DCD365744E49E5D09	ENT_CF1DCD365744E49E5D09	target_d001	DIET	preference for sweets	false	medical_kg_gold				target	1		false
t::d001::ENT_CF213ADADDCAAB358A29	ENT_CF213ADADDCAAB358A29	target_d001	PROCEDURE	combined detection	false	medical_kg_gold				target	1		false
t::d001::ENT_CF2ABAA2CB46C69EB3E2	ENT_CF2ABAA2CB46C69EB3E2	target_d001	OTHER	(CCTTT) n polymorphism of iNOS gene	false	medical_kg_gold				target	1		false
t::d001::ENT_CF2E1C55EF6BA21FBE87	ENT_CF2E1C55EF6BA21FBE87	target_d001	LAB_MEASUREMENT	IMT thickening	false	medical_kg_gold				target	1		false
t::d001::ENT_CF8063297A4B3CC4D333	ENT_CF8063297A4B3CC4D333	target_d001	OTHER	Cr	false	medical_kg_gold				target	1		false
t::d001::ENT_CF8720249D8B1489C1A3	ENT_CF8720249D8B1489C1A3	target_d001	OTHER	multi-factorial inheritance pattern	false	medical_kg_gold				target	1		false
t::d001::ENT_CF8A3470BE935DBEB3B9	ENT_CF8A3470BE935DBEB3B9	target_d001	METABOLITE	high density lipoprotein- cholesterol (HDL-C)	false	medical_kg_gold				target	1		false
t::d001::ENT_CF8C07B2060EEC659732	ENT_CF8C07B2060EEC659732	target_d001	DISEASE	hyperlipdemia	false	medical_kg_gold				target	1		false
t::d001::ENT_CF9E396F20A991810BDF	ENT_CF9E396F20A991810BDF	target_d001	PROTEIN	serum osteocalcin(BGP)	false	medical_kg_gold				target	1		false
t::d001::ENT_CFB7E32A8294B2AE8FD4	ENT_CFB7E32A8294B2AE8FD4	target_d001	COMPOUND	Saturated fatty acids	false	medical_kg_gold				target	1		false
t::d001::ENT_CFCBB1A687C39D311C49	ENT_CFCBB1A687C39D311C49	target_d001	DRUG	GLP-1 and its analogues	false	medical_kg_gold				target	1		false
t::d001::ENT_CFF0207F3E671ADFF414	ENT_CFF0207F3E671ADFF414	target_d001	SYMPTOM	Long or Irregular Menses	false	medical_kg_gold				target	1		false
t::d001::ENT_CFFCE4E2C367DE8EA3E1	ENT_CFFCE4E2C367DE8EA3E1	target_d001	OTHER	T allele of EXT2 rs11037909	false	medical_kg_gold				target	1		false
t::d001::ENT_D0155C9C7023D1E1E14C	ENT_D0155C9C7023D1E1E14C	target_d001	METABOLITE	short chain fatty acids	false	medical_kg_gold				target	1		false
t::d001::ENT_D0174772B92DBA8DA4A4	ENT_D0174772B92DBA8DA4A4	target_d001	TREATMENT	Levofloxacin Capsules combined with Longqing Tablets	false	medical_kg_gold				target	1		false
t::d001::ENT_D042BE5FD196F9DCCB97	ENT_D042BE5FD196F9DCCB97	target_d001	BEHAVIOR	Breast-feeding	false	medical_kg_gold				target	1		false
t::d001::ENT_D043A88CD4DE72B70C88	ENT_D043A88CD4DE72B70C88	target_d001	GENE	MTHFR C677T mutation	false	medical_kg_gold				target	1		false
t::d001::ENT_D04FEEE817ED930959FE	ENT_D04FEEE817ED930959FE	target_d001	LAB_MEASUREMENT	HbA1 c	false	medical_kg_gold				target	1		false
t::d001::ENT_D055F847C5CE15665790	ENT_D055F847C5CE15665790	target_d001	PROTEIN	catalase	false	medical_kg_gold				target	1		false
t::d001::ENT_D05D02D852AE69D41C87	ENT_D05D02D852AE69D41C87	target_d001	METABOLITE	Urinary bile acid excretion	false	medical_kg_gold				target	1		false
t::d001::ENT_D063F7EB0B1990DFD876	ENT_D063F7EB0B1990DFD876	target_d001	RISK_FACTOR	lipotoxicity	false	medical_kg_gold				target	1		false
t::d001::ENT_D06F9F1E65A659AE8D5D	ENT_D06F9F1E65A659AE8D5D	target_d001	DISEASE	mental disorders	false	medical_kg_gold				target	1		false
t::d001::ENT_D098806099C241E6263A	ENT_D098806099C241E6263A	target_d001	OTHER	C-2549A	false	medical_kg_gold				target	1		false
t::d001::ENT_D0A6C9747AAE4D70A90F	ENT_D0A6C9747AAE4D70A90F	target_d001	DRUG	streptozotocin (STZ)	false	medical_kg_gold				target	1		false
t::d001::ENT_D0BB01CA640386CE39D9	ENT_D0BB01CA640386CE39D9	target_d001	PHYSIOLOGICAL_PROCESS	endothelial activation	false	medical_kg_gold				target	1		false
t::d001::ENT_D0C57E94A298691C365F	ENT_D0C57E94A298691C365F	target_d001	DRUG	metformin combined with insulin	false	medical_kg_gold				target	1		false
t::d001::ENT_D0C65156DC0C36CCF66F	ENT_D0C65156DC0C36CCF66F	target_d001	GENE	PAM	false	medical_kg_gold				target	1		false
t::d001::ENT_D0C773B995A2613693D9	ENT_D0C773B995A2613693D9	target_d001	PHENOTYPE	myocardial perfusion defects	false	medical_kg_gold				target	1		false
t::d001::ENT_D0D2126C51592773F68D	ENT_D0D2126C51592773F68D	target_d001	BIOMARKER	LDL-C/HDL-C ratio	false	medical_kg_gold				target	1		false
t::d001::ENT_D0D21AD8C03718B70F57	ENT_D0D21AD8C03718B70F57	target_d001	LAB_MEASUREMENT	FT3 level	false	medical_kg_gold				target	1		false
t::d001::ENT_D0DABD85EAFD59E12BEC	ENT_D0DABD85EAFD59E12BEC	target_d001	PHYSIOLOGICAL_PROCESS	endothelium-dependent arterial dilation	false	medical_kg_gold				target	1		false
t::d001::ENT_D0E5B4737D62EAC69808	ENT_D0E5B4737D62EAC69808	target_d001	DISEASE	disorder of lipid metabolism	false	medical_kg_gold				target	1		false
t::d001::ENT_D0E74AB4A989A60404E9	ENT_D0E74AB4A989A60404E9	target_d001	DISEASE	fungal infection	false	medical_kg_gold				target	1		false
t::d001::ENT_D0EB515D623FF7B87F44	ENT_D0EB515D623FF7B87F44	target_d001	OTHER	FINDRISC	false	medical_kg_gold				target	1		false
t::d001::ENT_D0EFC87A772B2A37EDC9	ENT_D0EFC87A772B2A37EDC9	target_d001	INTERVENTION	Inhibition of dipeptidyl peptidase 4	false	medical_kg_gold				target	1		false
t::d001::ENT_D0F7EA295A27F5E7CC55	ENT_D0F7EA295A27F5E7CC55	target_d001	PROTEIN	PPARg	false	medical_kg_gold				target	1		false
t::d001::ENT_D102A08FCC4C4FFD954E	ENT_D102A08FCC4C4FFD954E	target_d001	DISEASE	postprandial hyperglycemia	false	medical_kg_gold				target	1		false
t::d001::ENT_D1098A3CCAD054553F47	ENT_D1098A3CCAD054553F47	target_d001	TREATMENT	Tianmaixiaoke tablet combined with metformin	false	medical_kg_gold				target	1		false
t::d001::ENT_D142E559F34797C7AB04	ENT_D142E559F34797C7AB04	target_d001	PROTEIN	CGRP	false	medical_kg_gold				target	1		false
t::d001::ENT_D14C39D22189A963C9FD	ENT_D14C39D22189A963C9FD	target_d001	BIOLOGICAL_PROCESS	bone turnover rate	false	medical_kg_gold				target	1		false
t::d001::ENT_D15400809708D8CB7E6E	ENT_D15400809708D8CB7E6E	target_d001	DISEASE	Peripheral INS resistance	false	medical_kg_gold				target	1		false
t::d001::ENT_D161B110272989375AED	ENT_D161B110272989375AED	target_d001	RISK_FACTOR	occupation	false	medical_kg_gold				target	1		false
t::d001::ENT_D162AA4BE91BE418AB65	ENT_D162AA4BE91BE418AB65	target_d001	GENE	mutations of INS R gene in exon 17	false	medical_kg_gold				target	1		false
t::d001::ENT_D164BDC4D23271888183	ENT_D164BDC4D23271888183	target_d001	PHYSIOLOGICAL_PROCESS	Reduced glucose transport	false	medical_kg_gold				target	1		false
t::d001::ENT_D169A3CCF85C41BB5608	ENT_D169A3CCF85C41BB5608	target_d001	BIOLOGICAL_PROCESS	chronic, low-grade inflammation	false	medical_kg_gold				target	1		false
t::d001::ENT_D16A18C7E27D135F5C82	ENT_D16A18C7E27D135F5C82	target_d001	LAB_MEASUREMENT	DLCO	false	medical_kg_gold				target	1		false
t::d001::ENT_D16CADC946786E1D763A	ENT_D16CADC946786E1D763A	target_d001	BIOMARKER	duration of the second peak	false	medical_kg_gold				target	1		false
t::d001::ENT_D174CF3E514445F1F4E9	ENT_D174CF3E514445F1F4E9	target_d001	PHENOTYPE	Phlegm-dampness syndrome	false	medical_kg_gold				target	1		false
t::d001::ENT_D18E6A6C958E7CBB6E6B	ENT_D18E6A6C958E7CBB6E6B	target_d001	LAB_MEASUREMENT	Pressure-strain elastic modulus (Ep)	false	medical_kg_gold				target	1		false
t::d001::ENT_D19125E42F3E612380E7	ENT_D19125E42F3E612380E7	target_d001	PHENOTYPE	body weight	false	medical_kg_gold				target	1		false
t::d001::ENT_D191CFEC5B4F72A4B234	ENT_D191CFEC5B4F72A4B234	target_d001	BEHAVIOR	adherence to the Dutch dietary guidelines	false	medical_kg_gold				target	1		false
t::d001::ENT_D1A30E18569E2F26A062	ENT_D1A30E18569E2F26A062	target_d001	PHENOTYPE	Increased production of cytokines and osteoprotegerin	false	medical_kg_gold				target	1		false
t::d001::ENT_D1BDF1EBDDECA458C444	ENT_D1BDF1EBDDECA458C444	target_d001	OTHER	dinucleotide (CA)n repeat polymorphism at the glucokinase locus	false	medical_kg_gold				target	1		false
t::d001::ENT_D1C9D2FA85A910F565E3	ENT_D1C9D2FA85A910F565E3	target_d001	PROTEIN	I	false	medical_kg_gold				target	1		false
t::d001::ENT_D1CAACCB3AE0E6921BA3	ENT_D1CAACCB3AE0E6921BA3	target_d001	DRUG	metformin therapy	false	medical_kg_gold				target	1		false
t::d001::ENT_D1DA9050AA62F849BFDE	ENT_D1DA9050AA62F849BFDE	target_d001	DISEASE	Type I diabetes	false	medical_kg_gold				target	1		false
t::d001::ENT_D1E48D5BE1256A94BF28	ENT_D1E48D5BE1256A94BF28	target_d001	PHENOTYPE	IR	false	medical_kg_gold				target	1		false
t::d001::ENT_D1EA3DE0F22BEEBDA964	ENT_D1EA3DE0F22BEEBDA964	target_d001	DRUG	selective PTP1B inhibitor	false	medical_kg_gold				target	1		false
t::d001::ENT_D1EB79F2C0BA881BB4CB	ENT_D1EB79F2C0BA881BB4CB	target_d001	COMPOUND	sucrose	false	medical_kg_gold				target	1		false
t::d001::ENT_D1FE7A4A9EC8EB3E5927	ENT_D1FE7A4A9EC8EB3E5927	target_d001	LAB_MEASUREMENT	UAC	false	medical_kg_gold				target	1		false
t::d001::ENT_D2008AC9D08FE6100A40	ENT_D2008AC9D08FE6100A40	target_d001	METABOLITE	blood glucose concentration	false	medical_kg_gold				target	1		false
t::d001::ENT_D20FD04B9C1688059A22	ENT_D20FD04B9C1688059A22	target_d001	BIOMARKER	lumbar spine TBS	false	medical_kg_gold				target	1		false
t::d001::ENT_D2131B8C6D44C1859B7A	ENT_D2131B8C6D44C1859B7A	target_d001	PHENOTYPE	insulin resistance and obesity syndromes	false	medical_kg_gold				target	1		false
t::d001::ENT_D2232249A0991114F84C	ENT_D2232249A0991114F84C	target_d001	PROTEIN	ApoA5	false	medical_kg_gold				target	1		false
t::d001::ENT_D22C02DDC7FD3516A833	ENT_D22C02DDC7FD3516A833	target_d001	PROTEIN	Resistin	false	medical_kg_gold				target	1		false
t::d001::ENT_D23743E9235306C286DB	ENT_D23743E9235306C286DB	target_d001	DISEASE	liver tissue steatosis	false	medical_kg_gold				target	1		false
t::d001::ENT_D246748B9300F8163CD4	ENT_D246748B9300F8163CD4	target_d001	COMPOUND	PGE(2)	false	medical_kg_gold				target	1		false
t::d001::ENT_D2594E387EF9060494B3	ENT_D2594E387EF9060494B3	target_d001	OTHER	SNPs of SHBG	false	medical_kg_gold				target	1		false
t::d001::ENT_D27292DF1365CB8F837A	ENT_D27292DF1365CB8F837A	target_d001	BIOMARKER	sCD40L levels	false	medical_kg_gold				target	1		false
t::d001::ENT_D27E6BC338D247C07D25	ENT_D27E6BC338D247C07D25	target_d001	DRUG	PPARγ agonists	false	medical_kg_gold				target	1		false
t::d001::ENT_D28C71EC35532B7ABC18	ENT_D28C71EC35532B7ABC18	target_d001	GENE	allele C in UCSNP-44	false	medical_kg_gold				target	1		false
t::d001::ENT_D29319EAF22846954C9B	ENT_D29319EAF22846954C9B	target_d001	OTHER	NF-κB expression	false	medical_kg_gold				target	1		false
t::d001::ENT_D2AA214F3DB553BC8257	ENT_D2AA214F3DB553BC8257	target_d001	LAB_MEASUREMENT	24 h-Alb/Cr	false	medical_kg_gold				target	1		false
t::d001::ENT_D2C6491782700293EB35	ENT_D2C6491782700293EB35	target_d001	CELL	nonclassical monocytes	false	medical_kg_gold				target	1		false
t::d001::ENT_D2D93F07A80FD153CCE8	ENT_D2D93F07A80FD153CCE8	target_d001	LAB_MEASUREMENT	corneal endothelial cell density	false	medical_kg_gold				target	1		false
t::d001::ENT_D2DF6F46496D8A608E1C	ENT_D2DF6F46496D8A608E1C	target_d001	OTHER	lifestyle disease	false	medical_kg_gold				target	1		false
t::d001::ENT_D2E51CBCF2DEFD4D504C	ENT_D2E51CBCF2DEFD4D504C	target_d001	PROTEIN	TCPTP	false	medical_kg_gold				target	1		false
t::d001::ENT_D2E5248EB1A2D4ABD2D2	ENT_D2E5248EB1A2D4ABD2D2	target_d001	OTHER	quality of life	false	medical_kg_gold				target	1		false
t::d001::ENT_D2E6A72F2CFCF40AD4AC	ENT_D2E6A72F2CFCF40AD4AC	target_d001	PROTEIN	serum CRTC3 level	false	medical_kg_gold				target	1		false
t::d001::ENT_D2F047A44E19CFAF460D	ENT_D2F047A44E19CFAF460D	target_d001	BEHAVIOR	Lactation	false	medical_kg_gold				target	1		false
t::d001::ENT_D2F8E99EAF9543996C0D	ENT_D2F8E99EAF9543996C0D	target_d001	RISK_FACTOR	T2DM family history	false	medical_kg_gold				target	1		false
t::d001::ENT_D2FD3AF0D89CB01353E7	ENT_D2FD3AF0D89CB01353E7	target_d001	OTHER	G→A mutation	false	medical_kg_gold				target	1		false
t::d001::ENT_D303B07D5786EA8B9C29	ENT_D303B07D5786EA8B9C29	target_d001	DISEASE	contrast-induced nephropathy	false	medical_kg_gold				target	1		false
t::d001::ENT_D304CF153ACE791A3447	ENT_D304CF153ACE791A3447	target_d001	BIOMARKER	HDL/TC ratio	false	medical_kg_gold				target	1		false
t::d001::ENT_D3148F2828F9BEC5E7B1	ENT_D3148F2828F9BEC5E7B1	target_d001	DISEASE	Hyperosmolar Hyperglycemic State	false	medical_kg_gold				target	1		false
t::d001::ENT_D3171748184C88FC1CCE	ENT_D3171748184C88FC1CCE	target_d001	OTHER	T2D susceptibility loci	false	medical_kg_gold				target	1		false
t::d001::ENT_D325410B8EE79EA837DB	ENT_D325410B8EE79EA837DB	target_d001	ENVIRONMENTAL_EXPOSURE	phthalate exposure from VPG intake	false	medical_kg_gold				target	1		false
t::d001::ENT_D325B6719F6309CE29CD	ENT_D325B6719F6309CE29CD	target_d001	CLINICAL_OUTCOME	mortality	false	medical_kg_gold				target	1		false
t::d001::ENT_D3337136543AF1279A47	ENT_D3337136543AF1279A47	target_d001	OTHER	Prol2Ala polymorphism in PPARγ2 gene	false	medical_kg_gold				target	1		false
t::d001::ENT_D33A4941B545327060FB	ENT_D33A4941B545327060FB	target_d001	RISK_FACTOR	giving a birth to macrosonia	false	medical_kg_gold				target	1		false
t::d001::ENT_D33C07514F427330ED56	ENT_D33C07514F427330ED56	target_d001	OTHER	HCV	false	medical_kg_gold				target	1		false
t::d001::ENT_D33FDB1946457DCB7E46	ENT_D33FDB1946457DCB7E46	target_d001	DISEASE	RD	false	medical_kg_gold				target	1		false
t::d001::ENT_D348D15AEA795BEA0FB2	ENT_D348D15AEA795BEA0FB2	target_d001	CLINICAL_OUTCOME	severity and extent of coronary artery disease	false	medical_kg_gold				target	1		false
t::d001::ENT_D34B194541A5B35855D0	ENT_D34B194541A5B35855D0	target_d001	LAB_MEASUREMENT	kidney/body weight ratio	false	medical_kg_gold				target	1		false
t::d001::ENT_D35CB326D91FD3F61F1E	ENT_D35CB326D91FD3F61F1E	target_d001	LAB_MEASUREMENT	Ca?? level	false	medical_kg_gold				target	1		false
t::d001::ENT_D368166BF3CB6A4CA58F	ENT_D368166BF3CB6A4CA58F	target_d001	BIOMARKER	PINP	false	medical_kg_gold				target	1		false
t::d001::ENT_D370F666E9AF67EBCAA2	ENT_D370F666E9AF67EBCAA2	target_d001	PROTEIN	plasma TAT	false	medical_kg_gold				target	1		false
t::d001::ENT_D37B5C22982304891448	ENT_D37B5C22982304891448	target_d001	DISEASE	diffused lesions	false	medical_kg_gold				target	1		false
t::d001::ENT_D38ECF5AFF5F778756A1	ENT_D38ECF5AFF5F778756A1	target_d001	METABOLITE	25-OH VitD_3(25OHD_3 )	false	medical_kg_gold				target	1		false
t::d001::ENT_D395D4F630D202AFE09E	ENT_D395D4F630D202AFE09E	target_d001	DRUG	Diaboherb	false	medical_kg_gold				target	1		false
t::d001::ENT_D39A99E5A3AC78230C3A	ENT_D39A99E5A3AC78230C3A	target_d001	PROTEIN	apelin	false	medical_kg_gold				target	1		false
t::d001::ENT_D39F02DAF27D871B8EC4	ENT_D39F02DAF27D871B8EC4	target_d001	OTHER	H3K9Ac	false	medical_kg_gold				target	1		false
t::d001::ENT_D3CA509C86C0102EFDE4	ENT_D3CA509C86C0102EFDE4	target_d001	LAB_MEASUREMENT	GS	false	medical_kg_gold				target	1		false
t::d001::ENT_D3D4C7BE09F9073F9BB8	ENT_D3D4C7BE09F9073F9BB8	target_d001	DISEASE	chronic complications	false	medical_kg_gold				target	1		false
t::d001::ENT_D3D82FA35F3D7478401F	ENT_D3D82FA35F3D7478401F	target_d001	LAB_MEASUREMENT	pressure-strain elasticity modulus	false	medical_kg_gold				target	1		false
t::d001::ENT_D3E76B8627013FCA11CB	ENT_D3E76B8627013FCA11CB	target_d001	DRUG	ACE inhibitors	false	medical_kg_gold				target	1		false
t::d001::ENT_D3E8AA7A3C83D0174051	ENT_D3E8AA7A3C83D0174051	target_d001	PHENOTYPE	accumulation of fatty acids in nonadipose tissues	false	medical_kg_gold				target	1		false
t::d001::ENT_D3ECA4113CF53EF9F4A5	ENT_D3ECA4113CF53EF9F4A5	target_d001	OTHER	diabetes-related complications	false	medical_kg_gold				target	1		false
t::d001::ENT_D413145A767F2CA29C1E	ENT_D413145A767F2CA29C1E	target_d001	PHENOTYPE	acetylate status	false	medical_kg_gold				target	1		false
t::d001::ENT_D4146A24B23FD3C368C4	ENT_D4146A24B23FD3C368C4	target_d001	BIOLOGICAL_PROCESS	SUR mRNA transcription	false	medical_kg_gold				target	1		false
t::d001::ENT_D421672A9ACDECF1C00F	ENT_D421672A9ACDECF1C00F	target_d001	PHENOTYPE	islet α cell dysfunction	false	medical_kg_gold				target	1		false
t::d001::ENT_D42670DFBCB1548B0A0A	ENT_D42670DFBCB1548B0A0A	target_d001	PROTEIN	ALT	false	medical_kg_gold				target	1		false
t::d001::ENT_D426EC8E29B1BC2DFA03	ENT_D426EC8E29B1BC2DFA03	target_d001	DISEASE	dyslipidaemia	false	medical_kg_gold				target	1		false
t::d001::ENT_D42A5EDB2C93FAB2E17E	ENT_D42A5EDB2C93FAB2E17E	target_d001	TREATMENT	CAM	false	medical_kg_gold				target	1		false
t::d001::ENT_D42DEA569878600C70E4	ENT_D42DEA569878600C70E4	target_d001	OTHER	progression of renal insufficiency	false	medical_kg_gold				target	1		false
t::d001::ENT_D4310AD8E0777E305BA3	ENT_D4310AD8E0777E305BA3	target_d001	OTHER	LECAM-1 213PP genotype	false	medical_kg_gold				target	1		false
t::d001::ENT_D43ADAF48BF8BB44E6BA	ENT_D43ADAF48BF8BB44E6BA	target_d001	PROTEIN	γ-GT	false	medical_kg_gold				target	1		false
t::d001::ENT_D44461D38B30E9CAE9C0	ENT_D44461D38B30E9CAE9C0	target_d001	RISK_FACTOR	low income	false	medical_kg_gold				target	1		false
t::d001::ENT_D44BCF8DEA7879E5A06E	ENT_D44BCF8DEA7879E5A06E	target_d001	PHENOTYPE	ST-segment depression (STD) (>1 mm)	false	medical_kg_gold				target	1		false
t::d001::ENT_D45813F68CAD080DB0A0	ENT_D45813F68CAD080DB0A0	target_d001	OTHER	HPA axis	false	medical_kg_gold				target	1		false
t::d001::ENT_D46E511BA1503999F686	ENT_D46E511BA1503999F686	target_d001	PROTEIN	IL-1RA	false	medical_kg_gold				target	1		false
t::d001::ENT_D47D1E79F1F0CB149A00	ENT_D47D1E79F1F0CB149A00	target_d001	LAB_MEASUREMENT	LVGLS	false	medical_kg_gold				target	1		false
t::d001::ENT_D4AFC9765C0A75B9B8C3	ENT_D4AFC9765C0A75B9B8C3	target_d001	OTHER	Polymorphisms of the upstream transcription factor 1 (USF1)	false	medical_kg_gold				target	1		false
t::d001::ENT_D4B1D4A48FA0817FD59D	ENT_D4B1D4A48FA0817FD59D	target_d001	METABOLITE	HDL2-C	false	medical_kg_gold				target	1		false
t::d001::ENT_D4B46026754E08945D70	ENT_D4B46026754E08945D70	target_d001	DIET	malnutrition during pregnancy	false	medical_kg_gold				target	1		false
t::d001::ENT_D4B74F12A677FA4130D0	ENT_D4B74F12A677FA4130D0	target_d001	GENE	RREB1	false	medical_kg_gold				target	1		false
t::d001::ENT_D4B94AE1DA255979589C	ENT_D4B94AE1DA255979589C	target_d001	LAB_MEASUREMENT	Erythrocyte nanostiffness	false	medical_kg_gold				target	1		false
t::d001::ENT_D4BBA33F87FBD6A56615	ENT_D4BBA33F87FBD6A56615	target_d001	OTHER	I allele	false	medical_kg_gold				target	1		false
t::d001::ENT_D4C89E7ECECDDC59AF86	ENT_D4C89E7ECECDDC59AF86	target_d001	LAB_MEASUREMENT	amplitude and latency of P300	false	medical_kg_gold				target	1		false
t::d001::ENT_D4D27564A2BA1A0EFB7D	ENT_D4D27564A2BA1A0EFB7D	target_d001	PROTEIN	Cys C	false	medical_kg_gold				target	1		false
t::d001::ENT_D4DB5F8DDD161D107DD4	ENT_D4DB5F8DDD161D107DD4	target_d001	OTHER	ADIPOQ Gene Variant (rs822396)	false	medical_kg_gold				target	1		false
t::d001::ENT_D4F49C4A969755D75E7E	ENT_D4F49C4A969755D75E7E	target_d001	RISK_FACTOR	deficiency of 25(OH)D	false	medical_kg_gold				target	1		false
t::d001::ENT_D5022976722FD85654D3	ENT_D5022976722FD85654D3	target_d001	TREATMENT	electroacupuncture	false	medical_kg_gold				target	1		false
t::d001::ENT_D5101E7F2A4A97AA4815	ENT_D5101E7F2A4A97AA4815	target_d001	GENE	APOB gene	false	medical_kg_gold				target	1		false
t::d001::ENT_D51309C154DEB177030B	ENT_D51309C154DEB177030B	target_d001	CLINICAL_OUTCOME	adverse clinical outcomes	false	medical_kg_gold				target	1		false
t::d001::ENT_D51F6032D082CFAAEFDA	ENT_D51F6032D082CFAAEFDA	target_d001	LAB_MEASUREMENT	creatinine levels	false	medical_kg_gold				target	1		false
t::d001::ENT_D52268E1F47AFB35CD9A	ENT_D52268E1F47AFB35CD9A	target_d001	BIOMARKER	25(OH) VD	false	medical_kg_gold				target	1		false
t::d001::ENT_D528BA35C50675B7D8C0	ENT_D528BA35C50675B7D8C0	target_d001	GENE	rs3918188	false	medical_kg_gold				target	1		false
t::d001::ENT_D536A9CC467F4E3D9A1D	ENT_D536A9CC467F4E3D9A1D	target_d001	GENE	G894T polymorphism of eNOS gene	false	medical_kg_gold				target	1		false
t::d001::ENT_D538834A177522BD0485	ENT_D538834A177522BD0485	target_d001	DRUG	SSRIs	false	medical_kg_gold				target	1		false
t::d001::ENT_D56808443A4155222B09	ENT_D56808443A4155222B09	target_d001	PHYSIOLOGICAL_PROCESS	loss of insulin production	false	medical_kg_gold				target	1		false
t::d001::ENT_D56DF9E0EEBAC6A23F83	ENT_D56DF9E0EEBAC6A23F83	target_d001	LAB_MEASUREMENT	inter peak latency	false	medical_kg_gold				target	1		false
t::d001::ENT_D56EB07D9BA2F7BBF3B3	ENT_D56EB07D9BA2F7BBF3B3	target_d001	PHENOTYPE	blood vessel lesion	false	medical_kg_gold				target	1		false
t::d001::ENT_D589DBC6105D9A8787B2	ENT_D589DBC6105D9A8787B2	target_d001	OTHER	La nueva variante rara	false	medical_kg_gold				target	1		false
t::d001::ENT_D58E2EEA0CD590F0D644	ENT_D58E2EEA0CD590F0D644	target_d001	COMPOUND	vinegar	false	medical_kg_gold				target	1		false
t::d001::ENT_D5976902E621ED09A875	ENT_D5976902E621ED09A875	target_d001	LAB_MEASUREMENT	BMI	false	medical_kg_gold				target	1		false
t::d001::ENT_D59C386CCDEB497C751C	ENT_D59C386CCDEB497C751C	target_d001	DISEASE	stone	false	medical_kg_gold				target	1		false
t::d001::ENT_D5A37D053C6582E8E1E4	ENT_D5A37D053C6582E8E1E4	target_d001	PATHWAY	fatty acid biosynthesis	false	medical_kg_gold				target	1		false
t::d001::ENT_D5A3BCBAD5BC9D6CDC87	ENT_D5A3BCBAD5BC9D6CDC87	target_d001	LAB_MEASUREMENT	DLCO/VA	false	medical_kg_gold				target	1		false
t::d001::ENT_D5C93BC778F9987B74AD	ENT_D5C93BC778F9987B74AD	target_d001	PHYSIOLOGICAL_PROCESS	intensity of free radical processes	false	medical_kg_gold				target	1		false
t::d001::ENT_D5CB259D809657219AEF	ENT_D5CB259D809657219AEF	target_d001	PROCEDURE	bariatric and metabolic surgery	false	medical_kg_gold				target	1		false
t::d001::ENT_D5D0128E86EB218CDD9C	ENT_D5D0128E86EB218CDD9C	target_d001	PHYSIOLOGICAL_PROCESS	HRV	false	medical_kg_gold				target	1		false
t::d001::ENT_D5D91D0AF9ED18F05B2F	ENT_D5D91D0AF9ED18F05B2F	target_d001	PHYSIOLOGICAL_PROCESS	relative insulin deficiency	false	medical_kg_gold				target	1		false
t::d001::ENT_D5D92FFD216EF4DCF16F	ENT_D5D92FFD216EF4DCF16F	target_d001	DRUG	DPP4 inhibitors	false	medical_kg_gold				target	1		false
t::d001::ENT_D5E1E6C412893CBBB425	ENT_D5E1E6C412893CBBB425	target_d001	BIOMARKER	F1 + 2	false	medical_kg_gold				target	1		false
t::d001::ENT_D5ECFC65C4C83DE32529	ENT_D5ECFC65C4C83DE32529	target_d001	TREATMENT	replenishing Qi to invigorate the spleen	false	medical_kg_gold				target	1		false
t::d001::ENT_D5F071AB08D99B947721	ENT_D5F071AB08D99B947721	target_d001	COMPOUND	blueberry low-molecular weight phenolic compounds	false	medical_kg_gold				target	1		false
t::d001::ENT_D5F4299912A34AAF81EE	ENT_D5F4299912A34AAF81EE	target_d001	TREATMENT	insulin combined repaglinide	false	medical_kg_gold				target	1		false
t::d001::ENT_D5F8F9C42B4E94727206	ENT_D5F8F9C42B4E94727206	target_d001	DIET	dietetic regulation	false	medical_kg_gold				target	1		false
t::d001::ENT_D60457CFF8ADB212864F	ENT_D60457CFF8ADB212864F	target_d001	PROTEIN	t-PA	false	medical_kg_gold				target	1		false
t::d001::ENT_D60B702A65AAFC231AE6	ENT_D60B702A65AAFC231AE6	target_d001	DISEASE	visceral obesity	false	medical_kg_gold				target	1		false
t::d001::ENT_D60EE84F79F435E29C18	ENT_D60EE84F79F435E29C18	target_d001	LAB_MEASUREMENT	Crouse score	false	medical_kg_gold				target	1		false
t::d001::ENT_D6196C5039398CBE8C38	ENT_D6196C5039398CBE8C38	target_d001	LAB_MEASUREMENT	Total cholesterol	false	medical_kg_gold				target	1		false
t::d001::ENT_D630A73D52575815B4B0	ENT_D630A73D52575815B4B0	target_d001	GENE	T3394C mutation	false	medical_kg_gold				target	1		false
t::d001::ENT_D64DE2CFE3A4FC1887A4	ENT_D64DE2CFE3A4FC1887A4	target_d001	OTHER	mitochondrial SNPss	false	medical_kg_gold				target	1		false
t::d001::ENT_D65C982D9C5AF3E177D9	ENT_D65C982D9C5AF3E177D9	target_d001	OTHER	FINDRISC questionnaire	false	medical_kg_gold				target	1		false
t::d001::ENT_D665EC230B995A1B7324	ENT_D665EC230B995A1B7324	target_d001	NUTRIENT	thiamine	false	medical_kg_gold				target	1		false
t::d001::ENT_D67139E94103A37C0BF7	ENT_D67139E94103A37C0BF7	target_d001	OTHER	H241P mutation in adiponectin gene	false	medical_kg_gold				target	1		false
t::d001::ENT_D676C8C5FB06E2F18EF2	ENT_D676C8C5FB06E2F18EF2	target_d001	DISEASE	cholecystitis,gallstones and fatty liver	false	medical_kg_gold				target	1		false
t::d001::ENT_D68F2234BE7DF6C594AF	ENT_D68F2234BE7DF6C594AF	target_d001	DISEASE	overt nephropathy	false	medical_kg_gold				target	1		false
t::d001::ENT_D696EF97983093F2DB9A	ENT_D696EF97983093F2DB9A	target_d001	LAB_MEASUREMENT	plasma FGF-21 level	false	medical_kg_gold				target	1		false
t::d001::ENT_D697F192BB56A868791F	ENT_D697F192BB56A868791F	target_d001	OTHER	root extracts of A.augusta	false	medical_kg_gold				target	1		false
t::d001::ENT_D6A2155D21C29715923F	ENT_D6A2155D21C29715923F	target_d001	OTHER	G/G genotype	false	medical_kg_gold				target	1		false
t::d001::ENT_D6A22B2BD08DA8D4904F	ENT_D6A22B2BD08DA8D4904F	target_d001	RISK_FACTOR	low birth weight	false	medical_kg_gold				target	1		false
t::d001::ENT_D6AB526857717BAD84D0	ENT_D6AB526857717BAD84D0	target_d001	PHYSIOLOGICAL_PROCESS	corneal hysteresis	false	medical_kg_gold				target	1		false
t::d001::ENT_D6B08CC8CF30DCD16E61	ENT_D6B08CC8CF30DCD16E61	target_d001	INTERVENTION	CGMS	false	medical_kg_gold				target	1		false
t::d001::ENT_D6B4242B60AFE4BCEB5A	ENT_D6B4242B60AFE4BCEB5A	target_d001	OTHER	Bayes Network	false	medical_kg_gold				target	1		false
t::d001::ENT_D6B7C66A39CAFFBC4D02	ENT_D6B7C66A39CAFFBC4D02	target_d001	DIET	fast food	false	medical_kg_gold				target	1		false
t::d001::ENT_D6B8B57B9B524D753EC8	ENT_D6B8B57B9B524D753EC8	target_d001	DISEASE	SD	false	medical_kg_gold				target	1		false
t::d001::ENT_D6C30BBB642C2937E36B	ENT_D6C30BBB642C2937E36B	target_d001	OTHER	WTCCC SNPs	false	medical_kg_gold				target	1		false
t::d001::ENT_D6CFA9E467C1EB25EE72	ENT_D6CFA9E467C1EB25EE72	target_d001	OTHER	Ac	false	medical_kg_gold				target	1		false
t::d001::ENT_D6D10E70CA8D03C1D329	ENT_D6D10E70CA8D03C1D329	target_d001	PHYSIOLOGICAL_PROCESS	left ventricular systolic function	false	medical_kg_gold				target	1		false
t::d001::ENT_D6D7565E8C7CBE8837AA	ENT_D6D7565E8C7CBE8837AA	target_d001	LAB_MEASUREMENT	lean body composition of lower limbs	false	medical_kg_gold				target	1		false
t::d001::ENT_D6F7889564263AC70FE1	ENT_D6F7889564263AC70FE1	target_d001	LAB_MEASUREMENT	characteristics of blood rheology	false	medical_kg_gold				target	1		false
t::d001::ENT_D704958A67834C63A707	ENT_D704958A67834C63A707	target_d001	DRUG	Inocutis levis extract	false	medical_kg_gold				target	1		false
t::d001::ENT_D70ECD53119884441068	ENT_D70ECD53119884441068	target_d001	OTHER	Voice and age averaged per individual	false	medical_kg_gold				target	1		false
t::d001::ENT_D71A66FF5656DB745DB8	ENT_D71A66FF5656DB745DB8	target_d001	LAB_MEASUREMENT	OSM expression	false	medical_kg_gold				target	1		false
t::d001::ENT_D71C72D511E6103E4DCD	ENT_D71C72D511E6103E4DCD	target_d001	POPULATION	24 675 residents	false	medical_kg_gold				target	1		false
t::d001::ENT_D7292089E8170BD9F012	ENT_D7292089E8170BD9F012	target_d001	OTHER	complexity and heterogeneity	false	medical_kg_gold				target	1		false
t::d001::ENT_D72B037D89E25DEF695C	ENT_D72B037D89E25DEF695C	target_d001	OTHER	G allele	false	medical_kg_gold				target	1		false
t::d001::ENT_D72D6942311B7F9E7B66	ENT_D72D6942311B7F9E7B66	target_d001	LIFESTYLE_FACTOR	Coffee consumption	false	medical_kg_gold				target	1		false
t::d001::ENT_D7343BCFF10D5FCF1F31	ENT_D7343BCFF10D5FCF1F31	target_d001	BIOLOGICAL_PROCESS	generation of osteoclasts	false	medical_kg_gold				target	1		false
t::d001::ENT_D73C7238077DA76EAB61	ENT_D73C7238077DA76EAB61	target_d001	CLINICAL_OUTCOME	poor metabolic control	false	medical_kg_gold				target	1		false
t::d001::ENT_D7539864ADC56E1548AB	ENT_D7539864ADC56E1548AB	target_d001	BIOMARKER	Low density lipoprotein (LDL)	false	medical_kg_gold				target	1		false
t::d001::ENT_D755248CA000D120B879	ENT_D755248CA000D120B879	target_d001	LAB_MEASUREMENT	HOMA-IR	false	medical_kg_gold				target	1		false
t::d001::ENT_D75751904D6A63EB1F3C	ENT_D75751904D6A63EB1F3C	target_d001	PHENOTYPE	leptin resistance	false	medical_kg_gold				target	1		false
t::d001::ENT_D75CBAB52F2D02516859	ENT_D75CBAB52F2D02516859	target_d001	LAB_MEASUREMENT	activity of t-PA	false	medical_kg_gold				target	1		false
t::d001::ENT_D75F14868D940EF9D2F6	ENT_D75F14868D940EF9D2F6	target_d001	DISEASE	Helicobacter pylori+	false	medical_kg_gold				target	1		false
t::d001::ENT_D77A027D8774FFF16BB3	ENT_D77A027D8774FFF16BB3	target_d001	CLINICAL_OUTCOME	mortality risk	false	medical_kg_gold				target	1		false
t::d001::ENT_D77FCF60FB688C895D67	ENT_D77FCF60FB688C895D67	target_d001	PHENOTYPE	average volume of kidney	false	medical_kg_gold				target	1		false
t::d001::ENT_D793A02BAAAB807FA0B9	ENT_D793A02BAAAB807FA0B9	target_d001	LAB_MEASUREMENT	Ees	false	medical_kg_gold				target	1		false
t::d001::ENT_D79853AFD569B725B69E	ENT_D79853AFD569B725B69E	target_d001	RISK_FACTOR	High residual risk	false	medical_kg_gold				target	1		false
t::d001::ENT_D7A75CB5B1E2E16A32B5	ENT_D7A75CB5B1E2E16A32B5	target_d001	PHYSIOLOGICAL_PROCESS	T lymphocyte immunological functions	false	medical_kg_gold				target	1		false
t::d001::ENT_D7B5E7322898C93ACB0E	ENT_D7B5E7322898C93ACB0E	target_d001	METABOLITE	24 hours urocortisol	false	medical_kg_gold				target	1		false
t::d001::ENT_D7C0B4B6C4CC2E87D95D	ENT_D7C0B4B6C4CC2E87D95D	target_d001	PHENOTYPE	impaired insulin secretion	false	medical_kg_gold				target	1		false
t::d001::ENT_D7D24D0F663E8A10CC39	ENT_D7D24D0F663E8A10CC39	target_d001	OTHER	social support	false	medical_kg_gold				target	1		false
t::d001::ENT_D7DA2295BE006F4C1E21	ENT_D7DA2295BE006F4C1E21	target_d001	PHENOTYPE	morphology of coneal endothelial	false	medical_kg_gold				target	1		false
t::d001::ENT_D7EE7B57774A2C7F8CAB	ENT_D7EE7B57774A2C7F8CAB	target_d001	PROTEIN	serum superoxide dismutase	false	medical_kg_gold				target	1		false
t::d001::ENT_D7F03FEBEE2530D2F5CA	ENT_D7F03FEBEE2530D2F5CA	target_d001	DISEASE	pulmonary fungal infection	false	medical_kg_gold				target	1		false
t::d001::ENT_D7F05321243BB79C8D82	ENT_D7F05321243BB79C8D82	target_d001	PROTEIN	serum visfatin level	false	medical_kg_gold				target	1		false
t::d001::ENT_D7FF14A7584EFCE7EB96	ENT_D7FF14A7584EFCE7EB96	target_d001	DISEASE	thyroid nodules	false	medical_kg_gold				target	1		false
t::d001::ENT_D804048B5394EE60A527	ENT_D804048B5394EE60A527	target_d001	GENE	Calpain10 gene	false	medical_kg_gold				target	1		false
t::d001::ENT_D826165E22A26D9B0BBD	ENT_D826165E22A26D9B0BBD	target_d001	BIOMARKER	T level	false	medical_kg_gold				target	1		false
t::d001::ENT_D8377BA3FC50CCCF9D87	ENT_D8377BA3FC50CCCF9D87	target_d001	LAB_MEASUREMENT	BMD of lumbar spines (L2-4)	false	medical_kg_gold				target	1		false
t::d001::ENT_D83AC94982CF088EE8BA	ENT_D83AC94982CF088EE8BA	target_d001	PROTEIN	Lp(a)	false	medical_kg_gold				target	1		false
t::d001::ENT_D83B5D8DD2ACC24E8FCB	ENT_D83B5D8DD2ACC24E8FCB	target_d001	PHENOTYPE	two-vessel lesion	false	medical_kg_gold				target	1		false
t::d001::ENT_D83EF7CEA791B56027E0	ENT_D83EF7CEA791B56027E0	target_d001	BIOMARKER	osteocalcin	false	medical_kg_gold				target	1		false
t::d001::ENT_D84BBF0FDBDE77FB32F0	ENT_D84BBF0FDBDE77FB32F0	target_d001	GENE	C allele	false	medical_kg_gold				target	1		false
t::d001::ENT_D8519005E678985AC3BA	ENT_D8519005E678985AC3BA	target_d001	PHYSIOLOGICAL_PROCESS	low grade inflammatory process	false	medical_kg_gold				target	1		false
t::d001::ENT_D8639698E1B64ACEE2B4	ENT_D8639698E1B64ACEE2B4	target_d001	OTHER	MCP-1 G(-2518) allete	false	medical_kg_gold				target	1		false
t::d001::ENT_D86663C38C392CDA92E5	ENT_D86663C38C392CDA92E5	target_d001	OTHER	potential drug-drug interactions	false	medical_kg_gold				target	1		false
t::d001::ENT_D8672B6DBB5B0D407828	ENT_D8672B6DBB5B0D407828	target_d001	SYMPTOM	atypical gastrointestinal symptoms	false	medical_kg_gold				target	1		false
t::d001::ENT_D8680DF2C77CB32B0A84	ENT_D8680DF2C77CB32B0A84	target_d001	PATHWAY	muscle glycogen synthesis pathway	false	medical_kg_gold				target	1		false
t::d001::ENT_D86A16DA28EB3EE5342E	ENT_D86A16DA28EB3EE5342E	target_d001	DISEASE	Childhood obesity	false	medical_kg_gold				target	1		false
t::d001::ENT_D87798A7FAA7D538BE2F	ENT_D87798A7FAA7D538BE2F	target_d001	INTERVENTION	GOAL LIT	false	medical_kg_gold				target	1		false
t::d001::ENT_D88889DC3E8A08E8EE4D	ENT_D88889DC3E8A08E8EE4D	target_d001	OTHER	SNP+45	false	medical_kg_gold				target	1		false
t::d001::ENT_D889F7CD5631685007A7	ENT_D889F7CD5631685007A7	target_d001	BIOMARKER	serum ferritin(SF)	false	medical_kg_gold				target	1		false
t::d001::ENT_D89A66B463B86BF04D5C	ENT_D89A66B463B86BF04D5C	target_d001	BIOLOGICAL_PROCESS	insulin secretion	false	medical_kg_gold				target	1		false
t::d001::ENT_D8A552F4898BAF4DB743	ENT_D8A552F4898BAF4DB743	target_d001	PROTEIN	IgA	false	medical_kg_gold				target	1		false
t::d001::ENT_D8A8CE999D92A4D7A5F8	ENT_D8A8CE999D92A4D7A5F8	target_d001	PHYSIOLOGICAL_PROCESS	liver function	false	medical_kg_gold				target	1		false
t::d001::ENT_D8BD337F0596D737F56F	ENT_D8BD337F0596D737F56F	target_d001	TREATMENT	lowering cholesterol	false	medical_kg_gold				target	1		false
t::d001::ENT_D8CB2AEC2CD79A782A8E	ENT_D8CB2AEC2CD79A782A8E	target_d001	DRUG	low dose streptozotocin (STZ)	false	medical_kg_gold				target	1		false
t::d001::ENT_D8CC1DE16D8CD58B62D2	ENT_D8CC1DE16D8CD58B62D2	target_d001	GENE	CDKN2A	false	medical_kg_gold				target	1		false
t::d001::ENT_D8DF0BFBCB5F97F9BF93	ENT_D8DF0BFBCB5F97F9BF93	target_d001	PROTEIN	adiponectin (APN)	false	medical_kg_gold				target	1		false
t::d001::ENT_D8E037D5B4A9CB4F651E	ENT_D8E037D5B4A9CB4F651E	target_d001	DISEASE	digestive system cancer	false	medical_kg_gold				target	1		false
t::d001::ENT_D8E8A000C896CE00240F	ENT_D8E8A000C896CE00240F	target_d001	PHENOTYPE	mitochondrial defects	false	medical_kg_gold				target	1		false
t::d001::ENT_D9017F55907A0BD12876	ENT_D9017F55907A0BD12876	target_d001	COMPOUND	puerarin and daidzin	false	medical_kg_gold				target	1		false
t::d001::ENT_D9043B7D3CED8EB10AA2	ENT_D9043B7D3CED8EB10AA2	target_d001	BIOMARKER	resting heart rate	false	medical_kg_gold				target	1		false
t::d001::ENT_D916C1598EDCE0D5898C	ENT_D916C1598EDCE0D5898C	target_d001	DRUG	berberine	false	medical_kg_gold				target	1		false
t::d001::ENT_D916C90A312B8E951740	ENT_D916C90A312B8E951740	target_d001	CELL	macrophage	false	medical_kg_gold				target	1		false
t::d001::ENT_D93669720A807EBA1660	ENT_D93669720A807EBA1660	target_d001	DISEASE	cardiovascular diseases(CVD)	false	medical_kg_gold				target	1		false
t::d001::ENT_D93AFD2B2AF7523CD271	ENT_D93AFD2B2AF7523CD271	target_d001	PROTEIN	serum ferritin	false	medical_kg_gold				target	1		false
t::d001::ENT_D9426D2692BC6889164E	ENT_D9426D2692BC6889164E	target_d001	BIOMARKER	PAS positive cells	false	medical_kg_gold				target	1		false
t::d001::ENT_D95FCE78D41D75D629A4	ENT_D95FCE78D41D75D629A4	target_d001	CELL	Pancreatic islet β cells	false	medical_kg_gold				target	1		false
t::d001::ENT_D9716B5B727D88FF66A6	ENT_D9716B5B727D88FF66A6	target_d001	LAB_MEASUREMENT	urine albumin	false	medical_kg_gold				target	1		false
t::d001::ENT_D9783D72AB04CB393DD6	ENT_D9783D72AB04CB393DD6	target_d001	DIET	rich western diet	false	medical_kg_gold				target	1		false
t::d001::ENT_D97B745689D9C0F5792D	ENT_D97B745689D9C0F5792D	target_d001	BIOMARKER	spine BMD	false	medical_kg_gold				target	1		false
t::d001::ENT_D97C0205BB3365368831	ENT_D97C0205BB3365368831	target_d001	RISK_FACTOR	higher level of education	false	medical_kg_gold				target	1		false
t::d001::ENT_D97F5B033CA980A444F6	ENT_D97F5B033CA980A444F6	target_d001	NUTRIENT	Mn	false	medical_kg_gold				target	1		false
t::d001::ENT_D9888D2F709805C46BCA	ENT_D9888D2F709805C46BCA	target_d001	BIOMARKER	Many biochemical indexes of bone metabolism and bone mineral density	false	medical_kg_gold				target	1		false
t::d001::ENT_D9B24C58159F82002AD2	ENT_D9B24C58159F82002AD2	target_d001	PHENOTYPE	cognitive impairment	false	medical_kg_gold				target	1		false
t::d001::ENT_D9B47F1602FA6646F19D	ENT_D9B47F1602FA6646F19D	target_d001	PHENOTYPE	lower extremity arterial lumen plaque	false	medical_kg_gold				target	1		false
t::d001::ENT_D9B5C1F655956DA1BF1D	ENT_D9B5C1F655956DA1BF1D	target_d001	GENE	INSR mRNA of adipocytes	false	medical_kg_gold				target	1		false
t::d001::ENT_D9C48C5066939C92FB25	ENT_D9C48C5066939C92FB25	target_d001	OTHER	SNP-420CG	false	medical_kg_gold				target	1		false
t::d001::ENT_D9C6D406F3FA845DE1AC	ENT_D9C6D406F3FA845DE1AC	target_d001	LAB_MEASUREMENT	fasting glucose	false	medical_kg_gold				target	1		false
t::d001::ENT_D9D602041921737ED4FB	ENT_D9D602041921737ED4FB	target_d001	OTHER	renal volume	false	medical_kg_gold				target	1		false
t::d001::ENT_D9E06C91562A595B2250	ENT_D9E06C91562A595B2250	target_d001	PROTEIN	T cell protein tyrosine phosphatase (TCPTP)	false	medical_kg_gold				target	1		false
t::d001::ENT_D9E36EA47419616D8E6D	ENT_D9E36EA47419616D8E6D	target_d001	GENE	Pro12Ala (rs1801282) gene PPARG	false	medical_kg_gold				target	1		false
t::d001::ENT_D9FB578E500931D77A60	ENT_D9FB578E500931D77A60	target_d001	LIFESTYLE_FACTOR	current smoking	false	medical_kg_gold				target	1		false
t::d001::ENT_DA0F171E677C1926BAF7	ENT_DA0F171E677C1926BAF7	target_d001	BIOMARKER	allele A of rs1 071 592	false	medical_kg_gold				target	1		false
t::d001::ENT_DA10DB9D96EEF5997A81	ENT_DA10DB9D96EEF5997A81	target_d001	GENE	β 3-AR gene	false	medical_kg_gold				target	1		false
t::d001::ENT_DA138A54CABB84DD650B	ENT_DA138A54CABB84DD650B	target_d001	GENE	rs1113132	false	medical_kg_gold				target	1		false
t::d001::ENT_DA1D132A3ABF72E9748A	ENT_DA1D132A3ABF72E9748A	target_d001	DISEASE	lipid disorders	false	medical_kg_gold				target	1		false
t::d001::ENT_DA1E96CBAF056E1B90C7	ENT_DA1E96CBAF056E1B90C7	target_d001	PHENOTYPE	low birthweight	false	medical_kg_gold				target	1		false
t::d001::ENT_DA200FC6245B55A0D07E	ENT_DA200FC6245B55A0D07E	target_d001	LAB_MEASUREMENT	HAMD score	false	medical_kg_gold				target	1		false
t::d001::ENT_DA2BE0F1216EE52EC3EE	ENT_DA2BE0F1216EE52EC3EE	target_d001	FOOD	Pueraria drinks	false	medical_kg_gold				target	1		false
t::d001::ENT_DA3C3B6722BBCE9456E6	ENT_DA3C3B6722BBCE9456E6	target_d001	COMPOUND	8-isoprostaglandin F2α	false	medical_kg_gold				target	1		false
t::d001::ENT_DA49B3D6EE634F1B388C	ENT_DA49B3D6EE634F1B388C	target_d001	OTHER	voice-based triage	false	medical_kg_gold				target	1		false
t::d001::ENT_DA4B2BD44E1E29766724	ENT_DA4B2BD44E1E29766724	target_d001	PHENOTYPE	intraglomerular hypertension	false	medical_kg_gold				target	1		false
t::d001::ENT_DA4E9D0C541A1633608D	ENT_DA4E9D0C541A1633608D	target_d001	BIOMARKER	serum chemerin level	false	medical_kg_gold				target	1		false
t::d001::ENT_DA52E161F5A195BC3F41	ENT_DA52E161F5A195BC3F41	target_d001	GENE	ACE I/D polymorphism	false	medical_kg_gold				target	1		false
t::d001::ENT_DA5A447D4E70AAB8BD15	ENT_DA5A447D4E70AAB8BD15	target_d001	DRUG	glycogenolysis inhibitors	false	medical_kg_gold				target	1		false
t::d001::ENT_DA6349AEF67C875BEABA	ENT_DA6349AEF67C875BEABA	target_d001	PROTEIN	plasma TM	false	medical_kg_gold				target	1		false
t::d001::ENT_DA64483A55059DF74CFD	ENT_DA64483A55059DF74CFD	target_d001	GENE	c-fos	false	medical_kg_gold				target	1		false
t::d001::ENT_DA6909E67936BB5B3F49	ENT_DA6909E67936BB5B3F49	target_d001	BIOMARKER	IGF-1	false	medical_kg_gold				target	1		false
t::d001::ENT_DA81650CBE3A9831B4BB	ENT_DA81650CBE3A9831B4BB	target_d001	LAB_MEASUREMENT	RI	false	medical_kg_gold				target	1		false
t::d001::ENT_DA881E0339EA4C9ADFC6	ENT_DA881E0339EA4C9ADFC6	target_d001	RISK_FACTOR	poor dietary habits	false	medical_kg_gold				target	1		false
t::d001::ENT_DA8D8997A39CBCA05979	ENT_DA8D8997A39CBCA05979	target_d001	INTERVENTION	control of high blood pressure	false	medical_kg_gold				target	1		false
t::d001::ENT_DA924E391C255552CD14	ENT_DA924E391C255552CD14	target_d001	TREATMENT	electro-acupuncture of Wei Wan Xia Shu (EX-B3)	false	medical_kg_gold				target	1		false
t::d001::ENT_DA933AA2C3E65B57E912	ENT_DA933AA2C3E65B57E912	target_d001	OTHER	chemical induction of diabetes mellitus	false	medical_kg_gold				target	1		false
t::d001::ENT_DAA679C4DA117433003A	ENT_DAA679C4DA117433003A	target_d001	RISK_FACTOR	WHR	false	medical_kg_gold				target	1		false
t::d001::ENT_DAB31EEF6DEE9E49E18C	ENT_DAB31EEF6DEE9E49E18C	target_d001	DISEASE	stenosis	false	medical_kg_gold				target	1		false
t::d001::ENT_DAB5C66D0D68271A875C	ENT_DAB5C66D0D68271A875C	target_d001	DRUG	SUs	false	medical_kg_gold				target	1		false
t::d001::ENT_DABB12D55988241FAA6A	ENT_DABB12D55988241FAA6A	target_d001	PHYSIOLOGICAL_PROCESS	glucose tolerance	false	medical_kg_gold				target	1		false
t::d001::ENT_DABF48A56C3FF3957A46	ENT_DABF48A56C3FF3957A46	target_d001	TREATMENT	life style intervention plus metformin	false	medical_kg_gold				target	1		false
t::d001::ENT_DACA2C4CD1C049B4892F	ENT_DACA2C4CD1C049B4892F	target_d001	DRUG	SGLT2 inhibitors	false	medical_kg_gold				target	1		false
t::d001::ENT_DACB26AFD22E09CCA47C	ENT_DACB26AFD22E09CCA47C	target_d001	OTHER	Longer(GT)n repeat allele in HO-1 promoter	false	medical_kg_gold				target	1		false
t::d001::ENT_DADF37B6B8F0C46C04B1	ENT_DADF37B6B8F0C46C04B1	target_d001	PHENOTYPE	obese	false	medical_kg_gold				target	1		false
t::d001::ENT_DAE36A575FC993A559B1	ENT_DAE36A575FC993A559B1	target_d001	DISEASE	multivessel disease	false	medical_kg_gold				target	1		false
t::d001::ENT_DAEBACE7DA4D052057F7	ENT_DAEBACE7DA4D052057F7	target_d001	LAB_MEASUREMENT	stdevInten	false	medical_kg_gold				target	1		false
t::d001::ENT_DB02F14E46AF6E6A8110	ENT_DB02F14E46AF6E6A8110	target_d001	GENE	GCK	false	medical_kg_gold				target	1		false
t::d001::ENT_DB193FFA997F1F179EA2	ENT_DB193FFA997F1F179EA2	target_d001	METABOLITE	triglycerides	false	medical_kg_gold				target	1		false
t::d001::ENT_DB1A64F7F55194F152C1	ENT_DB1A64F7F55194F152C1	target_d001	POPULATION	未成年、无肥胖的糖尿病患者	false	medical_kg_gold				target	1		false
t::d001::ENT_DB1FB3D0D15EB37AE357	ENT_DB1FB3D0D15EB37AE357	target_d001	DRUG	insulin aspart in combination with metformin	false	medical_kg_gold				target	1		false
t::d001::ENT_DB30748C7B6330BB9D19	ENT_DB30748C7B6330BB9D19	target_d001	OTHER	these medicinal plants	false	medical_kg_gold				target	1		false
t::d001::ENT_DB320A2590DA166CAB3A	ENT_DB320A2590DA166CAB3A	target_d001	PHENOTYPE	fat deposition in the pancreas	false	medical_kg_gold				target	1		false
t::d001::ENT_DB4EAA43A4CABFE27149	ENT_DB4EAA43A4CABFE27149	target_d001	LAB_MEASUREMENT	FMDBA	false	medical_kg_gold				target	1		false
t::d001::ENT_DB531C5A904CA5E717E1	ENT_DB531C5A904CA5E717E1	target_d001	DISEASE	total diabetes	false	medical_kg_gold				target	1		false
t::d001::ENT_DB5ACB7847A9CD820323	ENT_DB5ACB7847A9CD820323	target_d001	PROTEIN	plasma CT-1	false	medical_kg_gold				target	1		false
t::d001::ENT_DB661ADE937621BCB9B8	ENT_DB661ADE937621BCB9B8	target_d001	OTHER	polymorphism of FOXA1 gene	false	medical_kg_gold				target	1		false
t::d001::ENT_DB67C399626744C974A4	ENT_DB67C399626744C974A4	target_d001	COMPOUND	zinc	false	medical_kg_gold				target	1		false
t::d001::ENT_DB76B76E62C690C52E23	ENT_DB76B76E62C690C52E23	target_d001	PHENOTYPE	echolucent plaques	false	medical_kg_gold				target	1		false
t::d001::ENT_DB81B5E967EE266A8DC1	ENT_DB81B5E967EE266A8DC1	target_d001	LAB_MEASUREMENT	average volume of kidney	false	medical_kg_gold				target	1		false
t::d001::ENT_DB92C27A55FEFABE1847	ENT_DB92C27A55FEFABE1847	target_d001	LAB_MEASUREMENT	superior mesenteric artery lumen diameter	false	medical_kg_gold				target	1		false
t::d001::ENT_DB957FE6400C183F9AA7	ENT_DB957FE6400C183F9AA7	target_d001	PHENOTYPE	muscle weakness and atrophy	false	medical_kg_gold				target	1		false
t::d001::ENT_DBA2C842AB2F0872608A	ENT_DBA2C842AB2F0872608A	target_d001	PHENOTYPE	Obesity-induced inflammation	false	medical_kg_gold				target	1		false
t::d001::ENT_DBAB26B0B611DE05BC0A	ENT_DBAB26B0B611DE05BC0A	target_d001	PHENOTYPE	hyperhomocysteinemia	false	medical_kg_gold				target	1		false
t::d001::ENT_DBAEC3C06DB029AE1928	ENT_DBAEC3C06DB029AE1928	target_d001	OTHER	PTP-1B I6/82 A→G polymorphism	false	medical_kg_gold				target	1		false
t::d001::ENT_DBB608A7FB34DBD240CD	ENT_DBB608A7FB34DBD240CD	target_d001	OTHER	plaques area	false	medical_kg_gold				target	1		false
t::d001::ENT_DBC0A265820DBA4AC723	ENT_DBC0A265820DBA4AC723	target_d001	DISEASE	H. pylori infection	false	medical_kg_gold				target	1		false
t::d001::ENT_DBE30F33F46D2D97B36C	ENT_DBE30F33F46D2D97B36C	target_d001	DRUG	Schisandrae chinenesis oil	false	medical_kg_gold				target	1		false
t::d001::ENT_DBE52B6009D0E26D9231	ENT_DBE52B6009D0E26D9231	target_d001	LAB_MEASUREMENT	AST	false	medical_kg_gold				target	1		false
t::d001::ENT_DBE70FF0A0C7164BBB4D	ENT_DBE70FF0A0C7164BBB4D	target_d001	CELL	β cells	false	medical_kg_gold				target	1		false
t::d001::ENT_DBE9FBE3E3CB4C29FDE2	ENT_DBE9FBE3E3CB4C29FDE2	target_d001	OTHER	CC genotype	false	medical_kg_gold				target	1		false
t::d001::ENT_DBEA0E7F5565C77F2365	ENT_DBEA0E7F5565C77F2365	target_d001	GENE	rs2144908	false	medical_kg_gold				target	1		false
t::d001::ENT_DBEED8E9804A62C4C2DE	ENT_DBEED8E9804A62C4C2DE	target_d001	PROTEIN	p38	false	medical_kg_gold				target	1		false
t::d001::ENT_DBF27228D55F5CEFE158	ENT_DBF27228D55F5CEFE158	target_d001	PHENOTYPE	low weight and BMI at birth	false	medical_kg_gold				target	1		false
t::d001::ENT_DBF6249109C7D20856C2	ENT_DBF6249109C7D20856C2	target_d001	OTHER	carotid artery plaques	false	medical_kg_gold				target	1		false
t::d001::ENT_DBF75DF7ACAD49BB2AE3	ENT_DBF75DF7ACAD49BB2AE3	target_d001	PROTEIN	urinary mindin	false	medical_kg_gold				target	1		false
t::d001::ENT_DC1D066B218C95F80602	ENT_DC1D066B218C95F80602	target_d001	BIOMARKER	C-572G	false	medical_kg_gold				target	1		false
t::d001::ENT_DC256CBF6BE5314DB0A0	ENT_DC256CBF6BE5314DB0A0	target_d001	BIOMARKER	GCC thickness	false	medical_kg_gold				target	1		false
t::d001::ENT_DC36E383AEDF8C6FCAC5	ENT_DC36E383AEDF8C6FCAC5	target_d001	LAB_MEASUREMENT	LDL-c	false	medical_kg_gold				target	1		false
t::d001::ENT_DC3723229E0BF93109A0	ENT_DC3723229E0BF93109A0	target_d001	PROTEIN	serum resistin	false	medical_kg_gold				target	1		false
t::d001::ENT_DC3E8CEE1FD4105A4764	ENT_DC3E8CEE1FD4105A4764	target_d001	OTHER	Phlegm dampness	false	medical_kg_gold				target	1		false
t::d001::ENT_DC429D74199D8EE7A9B4	ENT_DC429D74199D8EE7A9B4	target_d001	GENE	PC-1 gene Q allele	false	medical_kg_gold				target	1		false
t::d001::ENT_DC4C5A339E7B65259B3E	ENT_DC4C5A339E7B65259B3E	target_d001	LAB_MEASUREMENT	2hPG	false	medical_kg_gold				target	1		false
t::d001::ENT_DC50C6BD6F52AE08FD33	ENT_DC50C6BD6F52AE08FD33	target_d001	DRUG	lipid-lowering granules	false	medical_kg_gold				target	1		false
t::d001::ENT_DC5662D03480ECA1F0F4	ENT_DC5662D03480ECA1F0F4	target_d001	LAB_MEASUREMENT	insulin dosage	false	medical_kg_gold				target	1		false
t::d001::ENT_DC578038FAB1B99DD0AF	ENT_DC578038FAB1B99DD0AF	target_d001	PROTEIN	antithrombin III	false	medical_kg_gold				target	1		false
t::d001::ENT_DC7FAEC51D89C0CD0AA9	ENT_DC7FAEC51D89C0CD0AA9	target_d001	PROTEIN	von Willebrand factor	false	medical_kg_gold				target	1		false
t::d001::ENT_DC810C1ABDAADD9C6C92	ENT_DC810C1ABDAADD9C6C92	target_d001	METABOLITE	HDL	false	medical_kg_gold				target	1		false
t::d001::ENT_DC837FAE199FF660D7C1	ENT_DC837FAE199FF660D7C1	target_d001	INTERVENTION	high fat and sugar diet and low dose intraperitoneal injection of streptozotocin (STZ)	false	medical_kg_gold				target	1		false
t::d001::ENT_DC91494CA890AE05456F	ENT_DC91494CA890AE05456F	target_d001	PROTEIN	Insulin receptor-α	false	medical_kg_gold				target	1		false
t::d001::ENT_DC994FF19977CF403BDC	ENT_DC994FF19977CF403BDC	target_d001	OTHER	nomogram	false	medical_kg_gold				target	1		false
t::d001::ENT_DC9AFAF2C1D846913FF2	ENT_DC9AFAF2C1D846913FF2	target_d001	DRUG	proton pump inhibitors	false	medical_kg_gold				target	1		false
t::d001::ENT_DCA7FCD1812D2213975F	ENT_DCA7FCD1812D2213975F	target_d001	GENE	Gly972Arg polymorphism of IRS1 gene	false	medical_kg_gold				target	1		false
t::d001::ENT_DCA9282F0DA578EFF978	ENT_DCA9282F0DA578EFF978	target_d001	PHYSIOLOGICAL_PROCESS	left ventricular systolic torsion	false	medical_kg_gold				target	1		false
t::d001::ENT_DCB617F9F08D3C85EAF3	ENT_DCB617F9F08D3C85EAF3	target_d001	PHENOTYPE	rheumatological manifestations	false	medical_kg_gold				target	1		false
t::d001::ENT_DCBD3496D92B2CA4C1C7	ENT_DCBD3496D92B2CA4C1C7	target_d001	PROTEIN	insulin	false	medical_kg_gold				target	1		false
t::d001::ENT_DCD5ED302E764A670A35	ENT_DCD5ED302E764A670A35	target_d001	DRUG	statin-PPAR-α and -γ activator combination	false	medical_kg_gold				target	1		false
t::d001::ENT_DCE5498437026C7BB29F	ENT_DCE5498437026C7BB29F	target_d001	OTHER	Ms. M	false	medical_kg_gold				target	1		false
t::d001::ENT_DD22046E6884A5BA20C5	ENT_DD22046E6884A5BA20C5	target_d001	LAB_MEASUREMENT	rapJitter	false	medical_kg_gold				target	1		false
t::d001::ENT_DD240928D3C26720E78B	ENT_DD240928D3C26720E78B	target_d001	DISEASE	extensive coronary artery disease	false	medical_kg_gold				target	1		false
t::d001::ENT_DD3AE5C2D5EB29723ECA	ENT_DD3AE5C2D5EB29723ECA	target_d001	OTHER	DD genotype	false	medical_kg_gold				target	1		false
t::d001::ENT_DD4B3CA62C5CB6AD09EF	ENT_DD4B3CA62C5CB6AD09EF	target_d001	PHYSIOLOGICAL_PROCESS	insufficient insulin production	false	medical_kg_gold				target	1		false
t::d001::ENT_DD63317C09939E348ED3	ENT_DD63317C09939E348ED3	target_d001	RISK_FACTOR	reduced physical activity	false	medical_kg_gold				target	1		false
t::d001::ENT_DD705F499EC3D2E43E73	ENT_DD705F499EC3D2E43E73	target_d001	OTHER	aberrant misfolding of human islet amyloid polypeptide (h-IAPP)	false	medical_kg_gold				target	1		false
t::d001::ENT_DD70A1B476E092010140	ENT_DD70A1B476E092010140	target_d001	COMPOUND	magnesium	false	medical_kg_gold				target	1		false
t::d001::ENT_DD710D9A55D9CCBD4A56	ENT_DD710D9A55D9CCBD4A56	target_d001	PHENOTYPE	deep and thready pulse	false	medical_kg_gold				target	1		false
t::d001::ENT_DD89271702F4D486BBC4	ENT_DD89271702F4D486BBC4	target_d001	LAB_MEASUREMENT	AIR3-10	false	medical_kg_gold				target	1		false
t::d001::ENT_DD8F7844BE5B463EE954	ENT_DD8F7844BE5B463EE954	target_d001	DISEASE	noninfectious systemic inflammatory reaction syndrome	false	medical_kg_gold				target	1		false
t::d001::ENT_DD9D88F9495133320C98	ENT_DD9D88F9495133320C98	target_d001	PHENOTYPE	decreased femoral artery compliance	false	medical_kg_gold				target	1		false
t::d001::ENT_DD9F21A146DF4B23059B	ENT_DD9F21A146DF4B23059B	target_d001	BIOMARKER	serum remnant lipoprotein cholesterol	false	medical_kg_gold				target	1		false
t::d001::ENT_DDA3AFBF07765EC7E37F	ENT_DDA3AFBF07765EC7E37F	target_d001	PROTEIN	serum LN	false	medical_kg_gold				target	1		false
t::d001::ENT_DDA83D172213B56D6F78	ENT_DDA83D172213B56D6F78	target_d001	PHENOTYPE	hyper- glycemia	false	medical_kg_gold				target	1		false
t::d001::ENT_DDB3B084E38841B91835	ENT_DDB3B084E38841B91835	target_d001	LAB_MEASUREMENT	plasma CML	false	medical_kg_gold				target	1		false
t::d001::ENT_DDBEB47D30A7CA6ACF7B	ENT_DDBEB47D30A7CA6ACF7B	target_d001	POPULATION	Black Americans	false	medical_kg_gold				target	1		false
t::d001::ENT_DDDCD1F3F5B97F174B6A	ENT_DDDCD1F3F5B97F174B6A	target_d001	DRUG	Sulfonylureas	false	medical_kg_gold				target	1		false
t::d001::ENT_DDDF86987382309FC812	ENT_DDDF86987382309FC812	target_d001	METABOLITE	MDA	false	medical_kg_gold				target	1		false
t::d001::ENT_DDF71583886E7EF4321E	ENT_DDF71583886E7EF4321E	target_d001	LAB_MEASUREMENT	waist circumference	false	medical_kg_gold				target	1		false
t::d001::ENT_DE0917A5E5D2563F92CE	ENT_DE0917A5E5D2563F92CE	target_d001	PHENOTYPE	lipotoxicity	false	medical_kg_gold				target	1		false
t::d001::ENT_DE0AFF7420D3152DAB2F	ENT_DE0AFF7420D3152DAB2F	target_d001	DISEASE	HCV infection	false	medical_kg_gold				target	1		false
t::d001::ENT_DE0EC81C75FE0DBFD938	ENT_DE0EC81C75FE0DBFD938	target_d001	BIOMARKER	plasma D-dimer level	false	medical_kg_gold				target	1		false
t::d001::ENT_DE117829806B17EAEE57	ENT_DE117829806B17EAEE57	target_d001	METABOLITE	L-carnitine	false	medical_kg_gold				target	1		false
t::d001::ENT_DE1B4C79102D7B47B5E9	ENT_DE1B4C79102D7B47B5E9	target_d001	DRUG	Tangan capsule	false	medical_kg_gold				target	1		false
t::d001::ENT_DE25FDE5B65ABD780B73	ENT_DE25FDE5B65ABD780B73	target_d001	PROCEDURE	laparoscopic mini-gastric bypass	false	medical_kg_gold				target	1		false
t::d001::ENT_DE28F7479523B4C78FED	ENT_DE28F7479523B4C78FED	target_d001	RISK_FACTOR	residence	false	medical_kg_gold				target	1		false
t::d001::ENT_DE2A9AA65051E28AD50B	ENT_DE2A9AA65051E28AD50B	target_d001	BIOMARKER	S-TSH	false	medical_kg_gold				target	1		false
t::d001::ENT_DE2BC29C3510B0695A0E	ENT_DE2BC29C3510B0695A0E	target_d001	DISEASE	glucose intolerance	false	medical_kg_gold				target	1		false
t::d001::ENT_DE2F7CDD9F4CC6BC7E4A	ENT_DE2F7CDD9F4CC6BC7E4A	target_d001	BIOMARKER	increased levels of IL17A	false	medical_kg_gold				target	1		false
t::d001::ENT_DE3658E36CF0ABD7A752	ENT_DE3658E36CF0ABD7A752	target_d001	PHENOTYPE	insulin failure to work	false	medical_kg_gold				target	1		false
t::d001::ENT_DE442FE3AC39653983C4	ENT_DE442FE3AC39653983C4	target_d001	BIOMARKER	serum retinol-binding protein 4 (RBP4)	false	medical_kg_gold				target	1		false
t::d001::ENT_DE4CCBFE0A39EC927116	ENT_DE4CCBFE0A39EC927116	target_d001	PROTEIN	amylase	false	medical_kg_gold				target	1		false
t::d001::ENT_DE753809D5367AF4F73B	ENT_DE753809D5367AF4F73B	target_d001	PROTEIN	Increase in circulating inflammatory adipokines	false	medical_kg_gold				target	1		false
t::d001::ENT_DE78C4315796B2DA48EB	ENT_DE78C4315796B2DA48EB	target_d001	INTERVENTION	Controlling periodontal infection	false	medical_kg_gold				target	1		false
t::d001::ENT_DE82E10906990D99CE62	ENT_DE82E10906990D99CE62	target_d001	PROTEIN	Lp-PLA2	false	medical_kg_gold				target	1		false
t::d001::ENT_DE83EA61DF298154ACC2	ENT_DE83EA61DF298154ACC2	target_d001	BIOMARKER	urine ratio of VDBP to creatinine	false	medical_kg_gold				target	1		false
t::d001::ENT_DE859D51E79AA11B65D8	ENT_DE859D51E79AA11B65D8	target_d001	GENE	point mutation of nt3394 T→C in mitochondrial DNA ND1	false	medical_kg_gold				target	1		false
t::d001::ENT_DE92A08BCA70EAFC7EA2	ENT_DE92A08BCA70EAFC7EA2	target_d001	PHENOTYPE	syndrome of blood stasis	false	medical_kg_gold				target	1		false
t::d001::ENT_DEAF4A7A49C1F87524C2	ENT_DEAF4A7A49C1F87524C2	target_d001	TREATMENT	dual combination therapy	false	medical_kg_gold				target	1		false
t::d001::ENT_DEB5B414FF4614F1C3D2	ENT_DEB5B414FF4614F1C3D2	target_d001	DISEASE	metabolic syndrome (MS)	false	medical_kg_gold				target	1		false
t::d001::ENT_DEC4394C98C19ADC484A	ENT_DEC4394C98C19ADC484A	target_d001	NUTRIENT	Vitamin A	false	medical_kg_gold				target	1		false
t::d001::ENT_DECC34997615B6D057F7	ENT_DECC34997615B6D057F7	target_d001	PHYSIOLOGICAL_PROCESS	loss of pancreatic beta-cell function	false	medical_kg_gold				target	1		false
t::d001::ENT_DEE49ACC718EA5E1B62E	ENT_DEE49ACC718EA5E1B62E	target_d001	BIOMARKER	PAI-1	false	medical_kg_gold				target	1		false
t::d001::ENT_DEE750DCD84A88E6A01C	ENT_DEE750DCD84A88E6A01C	target_d001	PHYSIOLOGICAL_PROCESS	expressions of DR4 protein and mRNA	false	medical_kg_gold				target	1		false
t::d001::ENT_DEE9BFCE6E42B9474FB4	ENT_DEE9BFCE6E42B9474FB4	target_d001	LAB_MEASUREMENT	peak pressures	false	medical_kg_gold				target	1		false
t::d001::ENT_DEF910A031D0574DD532	ENT_DEF910A031D0574DD532	target_d001	BIOLOGICAL_PROCESS	interne Desynchronisation	false	medical_kg_gold				target	1		false
t::d001::ENT_DF077CE5F2271898A0C4	ENT_DF077CE5F2271898A0C4	target_d001	BIOMARKER	TG/HDL	false	medical_kg_gold				target	1		false
t::d001::ENT_DF19508BB1D553B20D68	ENT_DF19508BB1D553B20D68	target_d001	BIOMARKER	adiponectin mRNA level	false	medical_kg_gold				target	1		false
t::d001::ENT_DF2B4411997B302D032F	ENT_DF2B4411997B302D032F	target_d001	DRUG	QYJTC	false	medical_kg_gold				target	1		false
t::d001::ENT_DF336A2B653B747265FF	ENT_DF336A2B653B747265FF	target_d001	POPULATION	older adults	false	medical_kg_gold				target	1		false
t::d001::ENT_DF4203ECA4D69F046F3F	ENT_DF4203ECA4D69F046F3F	target_d001	BIOLOGICAL_PROCESS	O-GlcNAc modification	false	medical_kg_gold				target	1		false
t::d001::ENT_DF43941A6180BE5761E8	ENT_DF43941A6180BE5761E8	target_d001	PHENOTYPE	left ventricular diastolic function decline	false	medical_kg_gold				target	1		false
t::d001::ENT_DF469FA09C15BEC14EF2	ENT_DF469FA09C15BEC14EF2	target_d001	LAB_MEASUREMENT	urine osmolality	false	medical_kg_gold				target	1		false
t::d001::ENT_DF4E7C3402812E85CA71	ENT_DF4E7C3402812E85CA71	target_d001	DIET	one's diet	false	medical_kg_gold				target	1		false
t::d001::ENT_DF53D0D8C859B26D26EF	ENT_DF53D0D8C859B26D26EF	target_d001	PROTEIN	HIF-1α	false	medical_kg_gold				target	1		false
t::d001::ENT_DF5C8BEE142A5B8072DB	ENT_DF5C8BEE142A5B8072DB	target_d001	GENE	MMP-9 mRNA	false	medical_kg_gold				target	1		false
t::d001::ENT_DF64E65740F74BEE9CA0	ENT_DF64E65740F74BEE9CA0	target_d001	BIOMARKER	serum Cys C	false	medical_kg_gold				target	1		false
t::d001::ENT_DF67244FCA152C710075	ENT_DF67244FCA152C710075	target_d001	COMPOUND	Total vitamin D	false	medical_kg_gold				target	1		false
t::d001::ENT_DF67B2829929F511851B	ENT_DF67B2829929F511851B	target_d001	LAB_MEASUREMENT	PTA	false	medical_kg_gold				target	1		false
t::d001::ENT_DF6E451F314A0B32C013	ENT_DF6E451F314A0B32C013	target_d001	PROTEIN	IL17A	false	medical_kg_gold				target	1		false
t::d001::ENT_DF7954574D421BFB6058	ENT_DF7954574D421BFB6058	target_d001	CLINICAL_OUTCOME	eradication rate	false	medical_kg_gold				target	1		false
t::d001::ENT_DF82B7EFD3894936937E	ENT_DF82B7EFD3894936937E	target_d001	OTHER	increase of BMI,WC,WHR and WHtR	false	medical_kg_gold				target	1		false
t::d001::ENT_DF9BE572D72992113AF8	ENT_DF9BE572D72992113AF8	target_d001	NUTRIENT	Zn	false	medical_kg_gold				target	1		false
t::d001::ENT_DF9C6F83B957F99ED755	ENT_DF9C6F83B957F99ED755	target_d001	TREATMENT	therapy according to syndrome differentiation	false	medical_kg_gold				target	1		false
t::d001::ENT_DFABDF3ED8CDE60BD67A	ENT_DFABDF3ED8CDE60BD67A	target_d001	BIOMARKER	NO	false	medical_kg_gold				target	1		false
t::d001::ENT_DFD9FD1F808C4842A54D	ENT_DFD9FD1F808C4842A54D	target_d001	DRUG	Bydureon ®	false	medical_kg_gold				target	1		false
t::d001::ENT_DFE3D54D6A9A4FC53DE9	ENT_DFE3D54D6A9A4FC53DE9	target_d001	DISEASE	lower extremity artery disease	false	medical_kg_gold				target	1		false
t::d001::ENT_DFEAFD0C0225C0B16586	ENT_DFEAFD0C0225C0B16586	target_d001	OTHER	Roseburia	false	medical_kg_gold				target	1		false
t::d001::ENT_DFED4B7B4F0D9BD19F9F	ENT_DFED4B7B4F0D9BD19F9F	target_d001	PHYSIOLOGICAL_PROCESS	carotid blood flow velocities	false	medical_kg_gold				target	1		false
t::d001::ENT_DFEDF32F019D9E0B1C13	ENT_DFEDF32F019D9E0B1C13	target_d001	PROTEIN	CD16	false	medical_kg_gold				target	1		false
t::d001::ENT_DFEFBD23F97E151BD867	ENT_DFEFBD23F97E151BD867	target_d001	OTHER	ED	false	medical_kg_gold				target	1		false
t::d001::ENT_DFFCCBB5F1A5F158F813	ENT_DFFCCBB5F1A5F158F813	target_d001	BIOMARKER	MPV	false	medical_kg_gold				target	1		false
t::d001::ENT_E00047FAB3C8A29F72E9	ENT_E00047FAB3C8A29F72E9	target_d001	PROTEIN	ACE2	false	medical_kg_gold				target	1		false
t::d001::ENT_E001870926EF68D99995	ENT_E001870926EF68D99995	target_d001	BIOMARKER	lower serum APPL1 levels	false	medical_kg_gold				target	1		false
t::d001::ENT_E0120830EFBB3E72B234	ENT_E0120830EFBB3E72B234	target_d001	BIOLOGICAL_PROCESS	venous thrombus evolution	false	medical_kg_gold				target	1		false
t::d001::ENT_E01C96729C18EE33381A	ENT_E01C96729C18EE33381A	target_d001	DISEASE	stroke in progressing	false	medical_kg_gold				target	1		false
t::d001::ENT_E02A163EDBA6A54FF855	ENT_E02A163EDBA6A54FF855	target_d001	FOOD	Sweetmeat	false	medical_kg_gold				target	1		false
t::d001::ENT_E02A831D94796343059B	ENT_E02A831D94796343059B	target_d001	PROTEIN	LP	false	medical_kg_gold				target	1		false
t::d001::ENT_E02F79C6001AFB67FB3C	ENT_E02F79C6001AFB67FB3C	target_d001	PROTEIN	IL-4	false	medical_kg_gold				target	1		false
t::d001::ENT_E034253F07458CC0885B	ENT_E034253F07458CC0885B	target_d001	DRUG	RSC	false	medical_kg_gold				target	1		false
t::d001::ENT_E03B856FE336AC92AB94	ENT_E03B856FE336AC92AB94	target_d001	DRUG	Losartan plus Indapamide	false	medical_kg_gold				target	1		false
t::d001::ENT_E0431743835F29EE4032	ENT_E0431743835F29EE4032	target_d001	OTHER	TGF-β1,PGE-2 and HYP mRNA expression	false	medical_kg_gold				target	1		false
t::d001::ENT_E05B4629E938FB2E6F12	ENT_E05B4629E938FB2E6F12	target_d001	LAB_MEASUREMENT	唾液TNF-α水平	false	medical_kg_gold				target	1		false
t::d001::ENT_E05EE096AA4218C7BFA2	ENT_E05EE096AA4218C7BFA2	target_d001	FOOD	some animal-foods	false	medical_kg_gold				target	1		false
t::d001::ENT_E0625860F21DB504ED11	ENT_E0625860F21DB504ED11	target_d001	GENE	GG genotype of APM1 gene IVS2 +712 site	false	medical_kg_gold				target	1		false
t::d001::ENT_E06CDBB9C5E305F71461	ENT_E06CDBB9C5E305F71461	target_d001	GENE	GG genotype	false	medical_kg_gold				target	1		false
t::d001::ENT_E071338F1CBA28E2BBFC	ENT_E071338F1CBA28E2BBFC	target_d001	METABOLITE	11-dehydrothromboxane B2	false	medical_kg_gold				target	1		false
t::d001::ENT_E082924522541A9AA4B5	ENT_E082924522541A9AA4B5	target_d001	PROTEIN	AT-Ⅲ	false	medical_kg_gold				target	1		false
t::d001::ENT_E083088615BE945CCF8A	ENT_E083088615BE945CCF8A	target_d001	DRUG	jinqi jiangtang tablet	false	medical_kg_gold				target	1		false
t::d001::ENT_E086DD2FB7F940CF520F	ENT_E086DD2FB7F940CF520F	target_d001	CLINICAL_OUTCOME	metabolic control	false	medical_kg_gold				target	1		false
t::d001::ENT_E08B3CEF7915C3CB1D62	ENT_E08B3CEF7915C3CB1D62	target_d001	BIOLOGICAL_PROCESS	expression of resistin protein	false	medical_kg_gold				target	1		false
t::d001::ENT_E08B6FA29BE2562B7BD3	ENT_E08B6FA29BE2562B7BD3	target_d001	PHENOTYPE	large postprandial TG increments	false	medical_kg_gold				target	1		false
t::d001::ENT_E093FB73DBFE834F3562	ENT_E093FB73DBFE834F3562	target_d001	LAB_MEASUREMENT	nerve conduction velocity	false	medical_kg_gold				target	1		false
t::d001::ENT_E099FF1D1F02FC6BD84F	ENT_E099FF1D1F02FC6BD84F	target_d001	PHENOTYPE	metabolic disorder of homocysteic acid	false	medical_kg_gold				target	1		false
t::d001::ENT_E09A76902182C27B8560	ENT_E09A76902182C27B8560	target_d001	LAB_MEASUREMENT	serum adiponectin level	false	medical_kg_gold				target	1		false
t::d001::ENT_E0B2BF40B5EA93D2AAE1	ENT_E0B2BF40B5EA93D2AAE1	target_d001	RISK_FACTOR	physical inactivity, poor diet, and obesity	false	medical_kg_gold				target	1		false
t::d001::ENT_E0BD8EB3D6BDC052C5C4	ENT_E0BD8EB3D6BDC052C5C4	target_d001	NUTRIENT	niacin	false	medical_kg_gold				target	1		false
t::d001::ENT_E0C2FB3F4917A4A661C3	ENT_E0C2FB3F4917A4A661C3	target_d001	BIOLOGICAL_PROCESS	chronic inflammation within the vascular intima	false	medical_kg_gold				target	1		false
t::d001::ENT_E0CCC3EAC7F2F408716D	ENT_E0CCC3EAC7F2F408716D	target_d001	BIOLOGICAL_PROCESS	inhibition of glycosidases	false	medical_kg_gold				target	1		false
t::d001::ENT_E0CCEE47C622F91FA879	ENT_E0CCEE47C622F91FA879	target_d001	OTHER	yeast	false	medical_kg_gold				target	1		false
t::d001::ENT_E0CFCA9FF326480277B2	ENT_E0CFCA9FF326480277B2	target_d001	GENE	pancreatic duodenal homeobox factor-1	false	medical_kg_gold				target	1		false
t::d001::ENT_E1077F9014E4624B70D5	ENT_E1077F9014E4624B70D5	target_d001	METABOLITE	fasting free fatty acids	false	medical_kg_gold				target	1		false
t::d001::ENT_E11E2B027CDAE8EC2A94	ENT_E11E2B027CDAE8EC2A94	target_d001	INTERVENTION	reducing niacin intake	false	medical_kg_gold				target	1		false
t::d001::ENT_E12371B3376094703C82	ENT_E12371B3376094703C82	target_d001	PROTEIN	CD62p	false	medical_kg_gold				target	1		false
t::d001::ENT_E130066E54A29B411E5C	ENT_E130066E54A29B411E5C	target_d001	BIOMARKER	superoxide dismutase	false	medical_kg_gold				target	1		false
t::d001::ENT_E13D93B4A57EEEE63D04	ENT_E13D93B4A57EEEE63D04	target_d001	DISEASE	peripheral nerve entrapment syndrome	false	medical_kg_gold				target	1		false
t::d001::ENT_E1439A222A903D6350BB	ENT_E1439A222A903D6350BB	target_d001	GENE	eNOS gene 27bp VNTR polymorphism	false	medical_kg_gold				target	1		false
t::d001::ENT_E148A91600342C408328	ENT_E148A91600342C408328	target_d001	BIOMARKER	oxidative stress indices	false	medical_kg_gold				target	1		false
t::d001::ENT_E14C8B0E7584BAA804BD	ENT_E14C8B0E7584BAA804BD	target_d001	PHENOTYPE	Insulin deficiency	false	medical_kg_gold				target	1		false
t::d001::ENT_E14D7FB0458364D3153E	ENT_E14D7FB0458364D3153E	target_d001	GENE	Mutations in mitochondrial DNA (mtDNA)	false	medical_kg_gold				target	1		false
t::d001::ENT_E16BB55DB114072A80D8	ENT_E16BB55DB114072A80D8	target_d001	TREATMENT	Glimepiride combined acupuncture and medicine	false	medical_kg_gold				target	1		false
t::d001::ENT_E16CDD468A9F34F9F508	ENT_E16CDD468A9F34F9F508	target_d001	PHENOTYPE	gland inflammation	false	medical_kg_gold				target	1		false
t::d001::ENT_E17068723D37DDC92EDE	ENT_E17068723D37DDC92EDE	target_d001	LAB_MEASUREMENT	fasting plasma endothelin levels	false	medical_kg_gold				target	1		false
t::d001::ENT_E1746E9FE1687A149D15	ENT_E1746E9FE1687A149D15	target_d001	DISEASE	complete occlusions	false	medical_kg_gold				target	1		false
t::d001::ENT_E175B93D1E85C9E1C0E1	ENT_E175B93D1E85C9E1C0E1	target_d001	PROTEIN	sE-selectin	false	medical_kg_gold				target	1		false
t::d001::ENT_E17D49A5E2878AA57A97	ENT_E17D49A5E2878AA57A97	target_d001	OTHER	9.82%	false	medical_kg_gold				target	1		false
t::d001::ENT_E18B0E96EA837CB767CE	ENT_E18B0E96EA837CB767CE	target_d001	BIOMARKER	expression of Glut-4	false	medical_kg_gold				target	1		false
t::d001::ENT_E19262039FCBF39F724D	ENT_E19262039FCBF39F724D	target_d001	PHENOTYPE	low blood sugar	false	medical_kg_gold				target	1		false
t::d001::ENT_E1A9013D947BF3D1113C	ENT_E1A9013D947BF3D1113C	target_d001	TREATMENT	combined medication with metformin and DPP‒4i	false	medical_kg_gold				target	1		false
t::d001::ENT_E1ADD33887E28873949A	ENT_E1ADD33887E28873949A	target_d001	OTHER	menopausal transition	false	medical_kg_gold				target	1		false
t::d001::ENT_E1AE347A218FEB217558	ENT_E1AE347A218FEB217558	target_d001	DISEASE	subclinical atherosclerosis	false	medical_kg_gold				target	1		false
t::d001::ENT_E1D13D620E02992818CC	ENT_E1D13D620E02992818CC	target_d001	INTERVENTION	appropriate interventions	false	medical_kg_gold				target	1		false
t::d001::ENT_E1D7C4250DE2E57AC861	ENT_E1D7C4250DE2E57AC861	target_d001	PROTEIN	plasma sfrp5	false	medical_kg_gold				target	1		false
t::d001::ENT_E1DE3A83817DC7B269F3	ENT_E1DE3A83817DC7B269F3	target_d001	RISK_FACTOR	history of diabetes	false	medical_kg_gold				target	1		false
t::d001::ENT_E1DF291C597FA926BFD6	ENT_E1DF291C597FA926BFD6	target_d001	FOOD	vinegar	false	medical_kg_gold				target	1		false
t::d001::ENT_E1E71E3F5AF8B880F064	ENT_E1E71E3F5AF8B880F064	target_d001	PROTEIN	serum ghrelin	false	medical_kg_gold				target	1		false
t::d001::ENT_E1FCDAC021EF007C292B	ENT_E1FCDAC021EF007C292B	target_d001	COMPOUND	low-dose STZ	false	medical_kg_gold				target	1		false
t::d001::ENT_E20FFB4F7E07516DD831	ENT_E20FFB4F7E07516DD831	target_d001	PROTEIN	GAPD	false	medical_kg_gold				target	1		false
t::d001::ENT_E2132FD9D2E3488EB1EE	ENT_E2132FD9D2E3488EB1EE	target_d001	GENE	rs1137101 polymorphism	false	medical_kg_gold				target	1		false
t::d001::ENT_E21AC102DF19E6936E0B	ENT_E21AC102DF19E6936E0B	target_d001	DISEASE	fatty liver	false	medical_kg_gold				target	1		false
t::d001::ENT_E2294AC8221BA2505145	ENT_E2294AC8221BA2505145	target_d001	DIET	calorie consumption at or above recommended	false	medical_kg_gold				target	1		false
t::d001::ENT_E2384A2EC160FA3A7EBF	ENT_E2384A2EC160FA3A7EBF	target_d001	LAB_MEASUREMENT	serum CRP levels	false	medical_kg_gold				target	1		false
t::d001::ENT_E240DCCEE3F52E4E1A0A	ENT_E240DCCEE3F52E4E1A0A	target_d001	BIOMARKER	GSH	false	medical_kg_gold				target	1		false
t::d001::ENT_E24C5F65719456490128	ENT_E24C5F65719456490128	target_d001	GENE	RARRES2	false	medical_kg_gold				target	1		false
t::d001::ENT_E269E2A3C726455E50DD	ENT_E269E2A3C726455E50DD	target_d001	PROCEDURE	laparoscopic roux-en-Y gastric bypass treatment	false	medical_kg_gold				target	1		false
t::d001::ENT_E289BF0B7EEC2CE83801	ENT_E289BF0B7EEC2CE83801	target_d001	DISEASE	diabetes-associated complications	false	medical_kg_gold				target	1		false
t::d001::ENT_E28A30B71005959A5291	ENT_E28A30B71005959A5291	target_d001	LAB_MEASUREMENT	blood viscosity(low shear)	false	medical_kg_gold				target	1		false
t::d001::ENT_E29E061A16958BB25A22	ENT_E29E061A16958BB25A22	target_d001	EXERCISE	heavy intensity physical activities	false	medical_kg_gold				target	1		false
t::d001::ENT_E2B4CC2DBC2F2C28E2DE	ENT_E2B4CC2DBC2F2C28E2DE	target_d001	PHENOTYPE	abnormal WHR	false	medical_kg_gold				target	1		false
t::d001::ENT_E2BCE3DFE77BE789E043	ENT_E2BCE3DFE77BE789E043	target_d001	TREATMENT	Supplementing Qi and warming Yang and rehabilitation therapy	false	medical_kg_gold				target	1		false
t::d001::ENT_E2BF60DC2925BF3C3E41	ENT_E2BF60DC2925BF3C3E41	target_d001	DRUG	Yiqiyangyin decoction	false	medical_kg_gold				target	1		false
t::d001::ENT_E2C2D7E3AF7CB51E822F	ENT_E2C2D7E3AF7CB51E822F	target_d001	PHENOTYPE	excess levels of redox-active iron	false	medical_kg_gold				target	1		false
t::d001::ENT_E2C54BCA45C09FC78F9F	ENT_E2C54BCA45C09FC78F9F	target_d001	COMPOUND	ethanol extract of bitter melon (Momordica charantia) and bitter (Andrographis paniculata)	false	medical_kg_gold				target	1		false
t::d001::ENT_E2FC66607670E565A23E	ENT_E2FC66607670E565A23E	target_d001	LAB_MEASUREMENT	fasting blood sugar (FBS)	false	medical_kg_gold				target	1		false
t::d001::ENT_E30685F5D8122135C83D	ENT_E30685F5D8122135C83D	target_d001	OTHER	Polymorphism of microsatellite markers in AM gene	false	medical_kg_gold				target	1		false
t::d001::ENT_E31021F4ECD4571678AC	ENT_E31021F4ECD4571678AC	target_d001	RISK_FACTOR	Middle Eastern	false	medical_kg_gold				target	1		false
t::d001::ENT_E326EF4DDDC220D1607D	ENT_E326EF4DDDC220D1607D	target_d001	PROTEIN	serum nesfatin-1	false	medical_kg_gold				target	1		false
t::d001::ENT_E333955B5B4FD0E91A72	ENT_E333955B5B4FD0E91A72	target_d001	OTHER	TCF2-SNP4 rs1016991	false	medical_kg_gold				target	1		false
t::d001::ENT_E33A7087AA90CFF49C13	ENT_E33A7087AA90CFF49C13	target_d001	LAB_MEASUREMENT	FMD	false	medical_kg_gold				target	1		false
t::d001::ENT_E341A784E50F778F1407	ENT_E341A784E50F778F1407	target_d001	PROTEIN	CD63p	false	medical_kg_gold				target	1		false
t::d001::ENT_E347E2DBD0831582EDC5	ENT_E347E2DBD0831582EDC5	target_d001	INTERVENTION	Targeting VEGF-B	false	medical_kg_gold				target	1		false
t::d001::ENT_E34865FAEFADB70BE349	ENT_E34865FAEFADB70BE349	target_d001	LAB_MEASUREMENT	bone area	false	medical_kg_gold				target	1		false
t::d001::ENT_E3595B7EE50BF3DE149B	ENT_E3595B7EE50BF3DE149B	target_d001	PHYSIOLOGICAL_PROCESS	diffusive function	false	medical_kg_gold				target	1		false
t::d001::ENT_E36E32304C9307AA5AAB	ENT_E36E32304C9307AA5AAB	target_d001	DISEASE	lung fungal infection	false	medical_kg_gold				target	1		false
t::d001::ENT_E36EE0D8B67DDE79B439	ENT_E36EE0D8B67DDE79B439	target_d001	PHENOTYPE	severity and extent of coronary artery disease	false	medical_kg_gold				target	1		false
t::d001::ENT_E37012EABBA63285C8B7	ENT_E37012EABBA63285C8B7	target_d001	LAB_MEASUREMENT	alanine transaminase activity	false	medical_kg_gold				target	1		false
t::d001::ENT_E37BF94364BF4BF15CAF	ENT_E37BF94364BF4BF15CAF	target_d001	BIOLOGICAL_PROCESS	expression of PDX-1	false	medical_kg_gold				target	1		false
t::d001::ENT_E380E85DD11077F1F106	ENT_E380E85DD11077F1F106	target_d001	LAB_MEASUREMENT	NC	false	medical_kg_gold				target	1		false
t::d001::ENT_E38B8082B52DF0E45A7F	ENT_E38B8082B52DF0E45A7F	target_d001	DRUG	hypoglycemic drugs currently available	false	medical_kg_gold				target	1		false
t::d001::ENT_E3B3C5E5A83332720D8D	ENT_E3B3C5E5A83332720D8D	target_d001	COMPOUND	serum testosterone	false	medical_kg_gold				target	1		false
t::d001::ENT_E3B4142457C355CC02E2	ENT_E3B4142457C355CC02E2	target_d001	LAB_MEASUREMENT	localShimmer	false	medical_kg_gold				target	1		false
t::d001::ENT_E3C0E82919DFBF46B16D	ENT_E3C0E82919DFBF46B16D	target_d001	METABOLITE	serum uric acid level	false	medical_kg_gold				target	1		false
t::d001::ENT_E3C7367CE9C1129F9089	ENT_E3C7367CE9C1129F9089	target_d001	PROTEIN	serum parathyroid hormone	false	medical_kg_gold				target	1		false
t::d001::ENT_E3D67626C946D05D02BE	ENT_E3D67626C946D05D02BE	target_d001	LAB_MEASUREMENT	degree of microalbuminuria	false	medical_kg_gold				target	1		false
t::d001::ENT_E3D920B1D5BF1F689139	ENT_E3D920B1D5BF1F689139	target_d001	DISEASE	arteriosclerosis	false	medical_kg_gold				target	1		false
t::d001::ENT_E3E108A1D491DEA30C19	ENT_E3E108A1D491DEA30C19	target_d001	POPULATION	Medicaid beneficiaries	false	medical_kg_gold				target	1		false
t::d001::ENT_E3E7217D6096AF451942	ENT_E3E7217D6096AF451942	target_d001	CLINICAL_OUTCOME	glycemic control	false	medical_kg_gold				target	1		false
t::d001::ENT_E3F4DF260E5AD47A7507	ENT_E3F4DF260E5AD47A7507	target_d001	GENE	miR-9	false	medical_kg_gold				target	1		false
t::d001::ENT_E3F5F63BB889FB80675B	ENT_E3F5F63BB889FB80675B	target_d001	PROTEIN	TP	false	medical_kg_gold				target	1		false
t::d001::ENT_E408CEF312D6E35B9F05	ENT_E408CEF312D6E35B9F05	target_d001	GENE	Ldha expression	false	medical_kg_gold				target	1		false
t::d001::ENT_E40C407F900CB21E4331	ENT_E40C407F900CB21E4331	target_d001	OTHER	Diastolic BP (mmHg)	false	medical_kg_gold				target	1		false
t::d001::ENT_E412DD19D0CCF3649624	ENT_E412DD19D0CCF3649624	target_d001	LAB_MEASUREMENT	time of excursion(E%)	false	medical_kg_gold				target	1		false
t::d001::ENT_E41713DC1E686190C37B	ENT_E41713DC1E686190C37B	target_d001	BIOMARKER	acoustic biomarkers	false	medical_kg_gold				target	1		false
t::d001::ENT_E422FF65902240D50815	ENT_E422FF65902240D50815	target_d001	DISEASE	mitochondrial tRNA leu(UUR) gene mutation diabetes mellitus	false	medical_kg_gold				target	1		false
t::d001::ENT_E42499CC9F88876B9F5B	ENT_E42499CC9F88876B9F5B	target_d001	CLINICAL_OUTCOME	morbidity of osteoporosis	false	medical_kg_gold				target	1		false
t::d001::ENT_E442A114181B79378893	ENT_E442A114181B79378893	target_d001	OTHER	comorbid condition	false	medical_kg_gold				target	1		false
t::d001::ENT_E44EABAAA59A15A22F28	ENT_E44EABAAA59A15A22F28	target_d001	LAB_MEASUREMENT	Urinary RBP	false	medical_kg_gold				target	1		false
t::d001::ENT_E45165CCDBF0EC910329	ENT_E45165CCDBF0EC910329	target_d001	DISEASE	snoring and obstructive sleep apnea	false	medical_kg_gold				target	1		false
t::d001::ENT_E456040F404420B60A83	ENT_E456040F404420B60A83	target_d001	RISK_FACTOR	genetic and behavior risky factors	false	medical_kg_gold				target	1		false
t::d001::ENT_E4567F994A051C63BC7B	ENT_E4567F994A051C63BC7B	target_d001	DRUG	resveratrol	false	medical_kg_gold				target	1		false
t::d001::ENT_E470EA20EEC876B23A02	ENT_E470EA20EEC876B23A02	target_d001	PROTEIN	AMP-activated protein kinase	false	medical_kg_gold				target	1		false
t::d001::ENT_E48767E1907E052105F8	ENT_E48767E1907E052105F8	target_d001	PHENOTYPE	insulin sensitivity	false	medical_kg_gold				target	1		false
t::d001::ENT_E487681C954B5461239D	ENT_E487681C954B5461239D	target_d001	CELL	circulating endothelial progenitor cells	false	medical_kg_gold				target	1		false
t::d001::ENT_E4876F290C702D35C302	ENT_E4876F290C702D35C302	target_d001	RISK_FACTOR	high total cholesterol	false	medical_kg_gold				target	1		false
t::d001::ENT_E487A0B15AF64A4144B2	ENT_E487A0B15AF64A4144B2	target_d001	BIOMARKER	Low vitamin D levels	false	medical_kg_gold				target	1		false
t::d001::ENT_E497C603420AC57EC0A7	ENT_E497C603420AC57EC0A7	target_d001	BIOMARKER	free testosterone	false	medical_kg_gold				target	1		false
t::d001::ENT_E49F4A9595F0DBEC798E	ENT_E49F4A9595F0DBEC798E	target_d001	RISK_FACTOR	family history of T2DM	false	medical_kg_gold				target	1		false
t::d001::ENT_E4A5108A130E3C45AEA8	ENT_E4A5108A130E3C45AEA8	target_d001	LIFESTYLE_FACTOR	Saglikli beslenme, duzenli fiziksel aktivite, normal vucut agirligini korumak	false	medical_kg_gold				target	1		false
t::d001::ENT_E4A6F4724740DABB352D	ENT_E4A6F4724740DABB352D	target_d001	PHENOTYPE	peripheral insulin resistance	false	medical_kg_gold				target	1		false
t::d001::ENT_E4C1CA586054B5096067	ENT_E4C1CA586054B5096067	target_d001	DRUG	Shenteng Sanhuang decoction	false	medical_kg_gold				target	1		false
t::d001::ENT_E4DE0B62E094E1EA35E4	ENT_E4DE0B62E094E1EA35E4	target_d001	DRUG	Ursodeoxycholic acid and silymarin	false	medical_kg_gold				target	1		false
t::d001::ENT_E4E50478CBAA6C6F34A2	ENT_E4E50478CBAA6C6F34A2	target_d001	PHENOTYPE	impaired glucose tolerance	false	medical_kg_gold				target	1		false
t::d001::ENT_E4E61D8A2DAF49738F67	ENT_E4E61D8A2DAF49738F67	target_d001	POPULATION	Kazaks	false	medical_kg_gold				target	1		false
t::d001::ENT_E4F5A5DAF78025E35C66	ENT_E4F5A5DAF78025E35C66	target_d001	BIOMARKER	tartaric-resistant acid phosphatase(TRAP)	false	medical_kg_gold				target	1		false
t::d001::ENT_E513330CF3E57AFE7478	ENT_E513330CF3E57AFE7478	target_d001	OTHER	high fat diet and low dose streptozotocin	false	medical_kg_gold				target	1		false
t::d001::ENT_E51B4CAC07293B3A7193	ENT_E51B4CAC07293B3A7193	target_d001	DISEASE	atrioventricular block	false	medical_kg_gold				target	1		false
t::d001::ENT_E520D0A6FC5A6D388EA0	ENT_E520D0A6FC5A6D388EA0	target_d001	LAB_MEASUREMENT	HbA1c test with HPLC	false	medical_kg_gold				target	1		false
t::d001::ENT_E52827542AB1066C95F4	ENT_E52827542AB1066C95F4	target_d001	DRUG	SGLT2 inhibitor and/or GLP-1 receptor agonist	false	medical_kg_gold				target	1		false
t::d001::ENT_E5286A9C0B628A7183B1	ENT_E5286A9C0B628A7183B1	target_d001	LAB_MEASUREMENT	E'/A'	false	medical_kg_gold				target	1		false
t::d001::ENT_E543A57856F13083A742	ENT_E543A57856F13083A742	target_d001	BIOMARKER	NT-pro-BNP	false	medical_kg_gold				target	1		false
t::d001::ENT_E5582647BB9154EF15C8	ENT_E5582647BB9154EF15C8	target_d001	DISEASE	ASD	false	medical_kg_gold				target	1		false
t::d001::ENT_E55EFDB7D87EDFD9EC65	ENT_E55EFDB7D87EDFD9EC65	target_d001	OTHER	miR-199a-5p/SIRT1 axis	false	medical_kg_gold				target	1		false
t::d001::ENT_E5602CF2D8BEB7A72893	ENT_E5602CF2D8BEB7A72893	target_d001	COMPOUND	Lpα	false	medical_kg_gold				target	1		false
t::d001::ENT_E5681CE37F465F77E9C2	ENT_E5681CE37F465F77E9C2	target_d001	PROTEIN	BMP-7	false	medical_kg_gold				target	1		false
t::d001::ENT_E572CFC16BD859CE437F	ENT_E572CFC16BD859CE437F	target_d001	LAB_MEASUREMENT	triglyceride	false	medical_kg_gold				target	1		false
t::d001::ENT_E57592D498B309AB3E1D	ENT_E57592D498B309AB3E1D	target_d001	LAB_MEASUREMENT	LVMI	false	medical_kg_gold				target	1		false
t::d001::ENT_E57BA86D14988062FAA2	ENT_E57BA86D14988062FAA2	target_d001	RISK_FACTOR	psychological factors(such as work stress)	false	medical_kg_gold				target	1		false
t::d001::ENT_E581D2623A46EF3C4834	ENT_E581D2623A46EF3C4834	target_d001	PHENOTYPE	high TG	false	medical_kg_gold				target	1		false
t::d001::ENT_E58CF3BDBFE5D0325AF8	ENT_E58CF3BDBFE5D0325AF8	target_d001	COMPOUND	Organophosphates	false	medical_kg_gold				target	1		false
t::d001::ENT_E5C5AD43730526FF6FF9	ENT_E5C5AD43730526FF6FF9	target_d001	OTHER	rs2426159(A>G)	false	medical_kg_gold				target	1		false
t::d001::ENT_E5F8E40D7196E62EF13A	ENT_E5F8E40D7196E62EF13A	target_d001	INTERVENTION	YMCA’s Diabetes Prevention Program	false	medical_kg_gold				target	1		false
t::d001::ENT_E60BFB594A729F3C3FFB	ENT_E60BFB594A729F3C3FFB	target_d001	PHENOTYPE	fast acetylate	false	medical_kg_gold				target	1		false
t::d001::ENT_E60DF412ECF40BB1F80B	ENT_E60DF412ECF40BB1F80B	target_d001	PROTEIN	allergic c-reactive protein	false	medical_kg_gold				target	1		false
t::d001::ENT_E61712F3EF3AC5D03E4E	ENT_E61712F3EF3AC5D03E4E	target_d001	DISEASE	enfermedad vascular arteriosclerotica	false	medical_kg_gold				target	1		false
t::d001::ENT_E61EC2A6007DF49B9CAB	ENT_E61EC2A6007DF49B9CAB	target_d001	PROTEIN	laminin(LN)	false	medical_kg_gold				target	1		false
t::d001::ENT_E640D81B04B225E51502	ENT_E640D81B04B225E51502	target_d001	BIOMARKER	PBL-TL	false	medical_kg_gold				target	1		false
t::d001::ENT_E659D5BF79CF6AFB90EB	ENT_E659D5BF79CF6AFB90EB	target_d001	LAB_MEASUREMENT	fingertip capillary whole blood glucose (CBG)	false	medical_kg_gold				target	1		false
t::d001::ENT_E6631BA03E44CDE97921	ENT_E6631BA03E44CDE97921	target_d001	TREATMENT	traditional plant based medicine	false	medical_kg_gold				target	1		false
t::d001::ENT_E66BB97718ACA68B5297	ENT_E66BB97718ACA68B5297	target_d001	PROTEIN	Interliukin-18	false	medical_kg_gold				target	1		false
t::d001::ENT_E6778494753AEF5212C7	ENT_E6778494753AEF5212C7	target_d001	PATHWAY	PI3K/Akt/mTOR signaling pathway	false	medical_kg_gold				target	1		false
t::d001::ENT_E683A85F49246CF8E653	ENT_E683A85F49246CF8E653	target_d001	GENE	HLA-DQA1*0601	false	medical_kg_gold				target	1		false
t::d001::ENT_E694A5CD68C6FB5A0767	ENT_E694A5CD68C6FB5A0767	target_d001	BIOMARKER	telomerase activity	false	medical_kg_gold				target	1		false
t::d001::ENT_E694BF0BA49D31D106BD	ENT_E694BF0BA49D31D106BD	target_d001	BIOMARKER	miR-146a expression level	false	medical_kg_gold				target	1		false
t::d001::ENT_E6B52D2B155DF1E71CCD	ENT_E6B52D2B155DF1E71CCD	target_d001	DISEASE	arterial hypertension	false	medical_kg_gold				target	1		false
t::d001::ENT_E6B5743D6A2F05BAC8CF	ENT_E6B5743D6A2F05BAC8CF	target_d001	DISEASE	atherosclerotic plaque	false	medical_kg_gold				target	1		false
t::d001::ENT_E6B928384DBF6D4271C8	ENT_E6B928384DBF6D4271C8	target_d001	PROTEIN	urinary smad1	false	medical_kg_gold				target	1		false
t::d001::ENT_E6C188640E88C487DD59	ENT_E6C188640E88C487DD59	target_d001	NUTRIENT	retinol equivalent	false	medical_kg_gold				target	1		false
t::d001::ENT_E6CF11E4F16BB507EBE9	ENT_E6CF11E4F16BB507EBE9	target_d001	BEHAVIOR	snoring	false	medical_kg_gold				target	1		false
t::d001::ENT_E6D5CC9A564DC3C9B609	ENT_E6D5CC9A564DC3C9B609	target_d001	OTHER	renal system	false	medical_kg_gold				target	1		false
t::d001::ENT_E6D6A9F06E20DA77577D	ENT_E6D6A9F06E20DA77577D	target_d001	LAB_MEASUREMENT	BHI	false	medical_kg_gold				target	1		false
t::d001::ENT_E6D87B7A8941800FBE7B	ENT_E6D87B7A8941800FBE7B	target_d001	DIET	egg intake	false	medical_kg_gold				target	1		false
t::d001::ENT_E6DA91D591ABE4021D00	ENT_E6DA91D591ABE4021D00	target_d001	LAB_MEASUREMENT	glycosylated hemoglobin (HbA1c)	false	medical_kg_gold				target	1		false
t::d001::ENT_E6E31BC0FFB58CB41A48	ENT_E6E31BC0FFB58CB41A48	target_d001	RISK_FACTOR	better education	false	medical_kg_gold				target	1		false
t::d001::ENT_E6EB8186C31F4544CAB5	ENT_E6EB8186C31F4544CAB5	target_d001	CLINICAL_OUTCOME	multiple organ dysfunction	false	medical_kg_gold				target	1		false
t::d001::ENT_E72D200FED8D0497A954	ENT_E72D200FED8D0497A954	target_d001	DRUG	mitiglinide/voglibose fixed-dose combination tablets	false	medical_kg_gold				target	1		false
t::d001::ENT_E74AC7D2B6ED26EA9F94	ENT_E74AC7D2B6ED26EA9F94	target_d001	PROTEIN	serum SDF-1	false	medical_kg_gold				target	1		false
t::d001::ENT_E74FE3875A0F0C94EDB4	ENT_E74FE3875A0F0C94EDB4	target_d001	DISEASE	HP infection	false	medical_kg_gold				target	1		false
t::d001::ENT_E7553632EDF8568224AA	ENT_E7553632EDF8568224AA	target_d001	LAB_MEASUREMENT	A/C	false	medical_kg_gold				target	1		false
t::d001::ENT_E75C56168E63C5843111	ENT_E75C56168E63C5843111	target_d001	PHENOTYPE	insulin resistance	false	medical_kg_gold				target	1		false
t::d001::ENT_E75CD9E2F55573933E59	ENT_E75CD9E2F55573933E59	target_d001	OTHER	Pro12Ala polymorphism of PPARγ	false	medical_kg_gold				target	1		false
t::d001::ENT_E75DDA8C5C9A81AED766	ENT_E75DDA8C5C9A81AED766	target_d001	LAB_MEASUREMENT	apq11Shimmer	false	medical_kg_gold				target	1		false
t::d001::ENT_E76050D23DA4E995FA89	ENT_E76050D23DA4E995FA89	target_d001	LAB_MEASUREMENT	indexes of time domain and frequency domain	false	medical_kg_gold				target	1		false
t::d001::ENT_E78258E1C796CBC6D31B	ENT_E78258E1C796CBC6D31B	target_d001	DRUG	Fructus Mume formula	false	medical_kg_gold				target	1		false
t::d001::ENT_E78319BF1A939EB564FC	ENT_E78319BF1A939EB564FC	target_d001	OTHER	Yin-deficiency constitution	false	medical_kg_gold				target	1		false
t::d001::ENT_E7852A890CFEE63A8D35	ENT_E7852A890CFEE63A8D35	target_d001	OTHER	E23K polymorphism of Kir6.2 gene	false	medical_kg_gold				target	1		false
t::d001::ENT_E786905F5BA90F5B3251	ENT_E786905F5BA90F5B3251	target_d001	OTHER	CG	false	medical_kg_gold				target	1		false
t::d001::ENT_E79A5651052F12462D55	ENT_E79A5651052F12462D55	target_d001	GENE	The gg geneotype of human IRS-4 codon 879 c/g polymorphism	false	medical_kg_gold				target	1		false
t::d001::ENT_E7B67BE65BEF0ECAEEBA	ENT_E7B67BE65BEF0ECAEEBA	target_d001	METABOLITE	serum creatinine	false	medical_kg_gold				target	1		false
t::d001::ENT_E7B9DA884D83CF7E3473	ENT_E7B9DA884D83CF7E3473	target_d001	DISEASE	CAD	false	medical_kg_gold				target	1		false
t::d001::ENT_E7BF6D7AE01532513E77	ENT_E7BF6D7AE01532513E77	target_d001	COMPOUND	PCL	false	medical_kg_gold				target	1		false
t::d001::ENT_E7D01906E962313B9EAF	ENT_E7D01906E962313B9EAF	target_d001	LAB_MEASUREMENT	HOMA-β	false	medical_kg_gold				target	1		false
t::d001::ENT_E7DE5D487E7520F506DC	ENT_E7DE5D487E7520F506DC	target_d001	OTHER	I等位基因频率	false	medical_kg_gold				target	1		false
t::d001::ENT_E7EC4EF74C988D332F7E	ENT_E7EC4EF74C988D332F7E	target_d001	TREATMENT	combination of traditional Chinese and western medicine therapy intensified scheme	false	medical_kg_gold				target	1		false
t::d001::ENT_E7ECF4BB2DC773392B17	ENT_E7ECF4BB2DC773392B17	target_d001	OTHER	rs6126033(C>T)	false	medical_kg_gold				target	1		false
t::d001::ENT_E7F4A0AD6792FF93F90E	ENT_E7F4A0AD6792FF93F90E	target_d001	GENE	Leu72Met	false	medical_kg_gold				target	1		false
t::d001::ENT_E80A66A79A4D347D14E3	ENT_E80A66A79A4D347D14E3	target_d001	TREATMENT	standard control	false	medical_kg_gold				target	1		false
t::d001::ENT_E818004BCC3CEA9BD6A3	ENT_E818004BCC3CEA9BD6A3	target_d001	BIOLOGICAL_PROCESS	lipid accumulation in the liver	false	medical_kg_gold				target	1		false
t::d001::ENT_E8182A7DDF3F3A1CEDAF	ENT_E8182A7DDF3F3A1CEDAF	target_d001	CELL	Treg cells	false	medical_kg_gold				target	1		false
t::d001::ENT_E83A5C2AF5915763F89C	ENT_E83A5C2AF5915763F89C	target_d001	PROTEIN	FINS	false	medical_kg_gold				target	1		false
t::d001::ENT_E852BD933D9660102BE1	ENT_E852BD933D9660102BE1	target_d001	BIOMARKER	FKN	false	medical_kg_gold				target	1		false
t::d001::ENT_E85CC2348DDBE41DE723	ENT_E85CC2348DDBE41DE723	target_d001	PROTEIN	MCP-1	false	medical_kg_gold				target	1		false
t::d001::ENT_E85DB9CCA759C5F6E7B2	ENT_E85DB9CCA759C5F6E7B2	target_d001	LAB_MEASUREMENT	circulating levels of insulin	false	medical_kg_gold				target	1		false
t::d001::ENT_E861318B85674429D512	ENT_E861318B85674429D512	target_d001	DIET	eating oil	false	medical_kg_gold				target	1		false
t::d001::ENT_E86C654BF2E56593591C	ENT_E86C654BF2E56593591C	target_d001	BIOMARKER	E2 level	false	medical_kg_gold				target	1		false
t::d001::ENT_E8771016813DD981F127	ENT_E8771016813DD981F127	target_d001	CLINICAL_OUTCOME	worsening of diabetic retinopathy stadium	false	medical_kg_gold				target	1		false
t::d001::ENT_E87F52C92AE14A8AE23D	ENT_E87F52C92AE14A8AE23D	target_d001	LAB_MEASUREMENT	one-point pulse wave velocity(PWVIS)	false	medical_kg_gold				target	1		false
t::d001::ENT_E88BADC158A91C93F75F	ENT_E88BADC158A91C93F75F	target_d001	NUTRIENT	magnesium intake increment of 100 mg/day	false	medical_kg_gold				target	1		false
t::d001::ENT_E88EFF2E6135D4A56635	ENT_E88EFF2E6135D4A56635	target_d001	COMPOUND	serum β2-GPI/ox-LDL complex	false	medical_kg_gold				target	1		false
t::d001::ENT_E8C350B87D823A1A6A15	ENT_E8C350B87D823A1A6A15	target_d001	PHENOTYPE	severe coronary artery stenosis	false	medical_kg_gold				target	1		false
t::d001::ENT_E8CA369C15C4628911B4	ENT_E8CA369C15C4628911B4	target_d001	CLINICAL_OUTCOME	quality of life	false	medical_kg_gold				target	1		false
t::d001::ENT_E8CAA3D35B7439E9759F	ENT_E8CAA3D35B7439E9759F	target_d001	BIOMARKER	Lp(a)	false	medical_kg_gold				target	1		false
t::d001::ENT_E8D1648C6E9B226FAB97	ENT_E8D1648C6E9B226FAB97	target_d001	DISEASE	LADA	false	medical_kg_gold				target	1		false
t::d001::ENT_E8D99B89962CAA82114E	ENT_E8D99B89962CAA82114E	target_d001	DISEASE	MCI	false	medical_kg_gold				target	1		false
t::d001::ENT_E8DE74FF5822399FA746	ENT_E8DE74FF5822399FA746	target_d001	PHENOTYPE	narrowing	false	medical_kg_gold				target	1		false
t::d001::ENT_E8E67FB0D803AB296B90	ENT_E8E67FB0D803AB296B90	target_d001	GENE	leptin receptor gene	false	medical_kg_gold				target	1		false
t::d001::ENT_E8E88C31115D3E19B9C9	ENT_E8E88C31115D3E19B9C9	target_d001	PHENOTYPE	lack of sfrp5	false	medical_kg_gold				target	1		false
t::d001::ENT_E9051E51A97FC8B5FF45	ENT_E9051E51A97FC8B5FF45	target_d001	GENE	KCNQ1 (rs2237892)	false	medical_kg_gold				target	1		false
t::d001::ENT_E90B7ED24A309BF24738	ENT_E90B7ED24A309BF24738	target_d001	BIOMARKER	hs-CRP level	false	medical_kg_gold				target	1		false
t::d001::ENT_E91D88BCD486AEC8CC5D	ENT_E91D88BCD486AEC8CC5D	target_d001	METABOLITE	8-isoPGF2α	false	medical_kg_gold				target	1		false
t::d001::ENT_E938BA587557F30F0695	ENT_E938BA587557F30F0695	target_d001	PHYSIOLOGICAL_PROCESS	increased hepatic glucose output	false	medical_kg_gold				target	1		false
t::d001::ENT_E93F2F0B9BC996A373D5	ENT_E93F2F0B9BC996A373D5	target_d001	LAB_MEASUREMENT	N:C ratio	false	medical_kg_gold				target	1		false
t::d001::ENT_E94237EBEC66DF4ACCEE	ENT_E94237EBEC66DF4ACCEE	target_d001	GENE	Adiponectin gene	false	medical_kg_gold				target	1		false
t::d001::ENT_E944BEE3060645E8BE39	ENT_E944BEE3060645E8BE39	target_d001	SYMPTOM	chest pain	false	medical_kg_gold				target	1		false
t::d001::ENT_E9488F957980ED341691	ENT_E9488F957980ED341691	target_d001	PHENOTYPE	syndrome of deficiency of both qi and yin	false	medical_kg_gold				target	1		false
t::d001::ENT_E9493D225D20BDC75A58	ENT_E9493D225D20BDC75A58	target_d001	PHENOTYPE	intrarenal vascular resistance	false	medical_kg_gold				target	1		false
t::d001::ENT_E94A20BF5FDD0762E1B5	ENT_E94A20BF5FDD0762E1B5	target_d001	DISEASE	digestive system carcinoma	false	medical_kg_gold				target	1		false
t::d001::ENT_E969BBDE259E436C4F33	ENT_E969BBDE259E436C4F33	target_d001	DISEASE	gonarthrosis	false	medical_kg_gold				target	1		false
t::d001::ENT_E9758ED46D2AC04DACC4	ENT_E9758ED46D2AC04DACC4	target_d001	INTERVENTION	HeLP-Diabetes	false	medical_kg_gold				target	1		false
t::d001::ENT_E982DD7862BC3DF69726	ENT_E982DD7862BC3DF69726	target_d001	GENE	M allele	false	medical_kg_gold				target	1		false
t::d001::ENT_E98B7AD10CD487A74591	ENT_E98B7AD10CD487A74591	target_d001	OTHER	insufficient secretion of insulin	false	medical_kg_gold				target	1		false
t::d001::ENT_E98BB742AEF23A53DBFC	ENT_E98BB742AEF23A53DBFC	target_d001	OTHER	two tag SNPs of HL gene	false	medical_kg_gold				target	1		false
t::d001::ENT_E98CF91DD5755E25D893	ENT_E98CF91DD5755E25D893	target_d001	GENE	MMP3 polymorphisms (A(-267)G and A658G)	false	medical_kg_gold				target	1		false
t::d001::ENT_E999F8E7D3A384A25255	ENT_E999F8E7D3A384A25255	target_d001	DISEASE	high degree of stenosis of the coronary arteries	false	medical_kg_gold				target	1		false
t::d001::ENT_E99E6614C59BC04F356F	ENT_E99E6614C59BC04F356F	target_d001	PHENOTYPE	progressive pancreatic β-cell failure	false	medical_kg_gold				target	1		false
t::d001::ENT_E9AA070B359C0B388939	ENT_E9AA070B359C0B388939	target_d001	CLINICAL_OUTCOME	incidence of cardiovascular and cerebrovascular diseases	false	medical_kg_gold				target	1		false
t::d001::ENT_E9AADDB3112806BAEC1F	ENT_E9AADDB3112806BAEC1F	target_d001	DISEASE	sympathetic nerve dysfunction	false	medical_kg_gold				target	1		false
t::d001::ENT_E9B6CE2AFBE0DFBD0CBE	ENT_E9B6CE2AFBE0DFBD0CBE	target_d001	PROCEDURE	bone marrow examination	false	medical_kg_gold				target	1		false
t::d001::ENT_E9BA80AC3604D9148373	ENT_E9BA80AC3604D9148373	target_d001	OTHER	approximately 100 genetic loci	false	medical_kg_gold				target	1		false
t::d001::ENT_E9C7DBE6B4897BA94DF9	ENT_E9C7DBE6B4897BA94DF9	target_d001	DISEASE	hypertensive disease	false	medical_kg_gold				target	1		false
t::d001::ENT_E9D5A6911B2987C29FC1	ENT_E9D5A6911B2987C29FC1	target_d001	PHENOTYPE	periodontal status	false	medical_kg_gold				target	1		false
t::d001::ENT_E9DE32A6FDE45F3C8DE1	ENT_E9DE32A6FDE45F3C8DE1	target_d001	GENE	IL17A gene polymorphism rs 2275913	false	medical_kg_gold				target	1		false
t::d001::ENT_E9E3B84F43B3FF95175D	ENT_E9E3B84F43B3FF95175D	target_d001	OTHER	A8 allele	false	medical_kg_gold				target	1		false
t::d001::ENT_E9F566001473825465D8	ENT_E9F566001473825465D8	target_d001	CLINICAL_OUTCOME	hip fractures	false	medical_kg_gold				target	1		false
t::d001::ENT_EA02751E81A7EC456FAB	ENT_EA02751E81A7EC456FAB	target_d001	OTHER	SNP43 G-allele	false	medical_kg_gold				target	1		false
t::d001::ENT_EA0DC42019080C7EA92F	ENT_EA0DC42019080C7EA92F	target_d001	OTHER	Lactobacillus	false	medical_kg_gold				target	1		false
t::d001::ENT_EA0E5E0B1B177432029A	ENT_EA0E5E0B1B177432029A	target_d001	LAB_MEASUREMENT	area and center distance of glycemic phase diagram	false	medical_kg_gold				target	1		false
t::d001::ENT_EA19527CA087582FE072	ENT_EA19527CA087582FE072	target_d001	PROTEIN	parathyroid hormone (PTH)	false	medical_kg_gold				target	1		false
t::d001::ENT_EA1B0FAA0BD086E275F2	ENT_EA1B0FAA0BD086E275F2	target_d001	GENE	mitochondrial DNA ND4 gene 12026(A→G) point mutation	false	medical_kg_gold				target	1		false
t::d001::ENT_EA1CE02249A2184A46F8	ENT_EA1CE02249A2184A46F8	target_d001	DISEASE	metabolic syndrome(MetS)	false	medical_kg_gold				target	1		false
t::d001::ENT_EA2A58A68597C3793165	ENT_EA2A58A68597C3793165	target_d001	PROTEIN	CRP	false	medical_kg_gold				target	1		false
t::d001::ENT_EA38688941B7BA86377A	ENT_EA38688941B7BA86377A	target_d001	OTHER	genotype GA and allele A of IL-6 promoter-597G/A	false	medical_kg_gold				target	1		false
t::d001::ENT_EA39E0E858CE6ABE461A	ENT_EA39E0E858CE6ABE461A	target_d001	BIOMARKER	plasma MDA levels	false	medical_kg_gold				target	1		false
t::d001::ENT_EA4B351F51379EE2EE39	ENT_EA4B351F51379EE2EE39	target_d001	DISEASE	SMI	false	medical_kg_gold				target	1		false
t::d001::ENT_EA5349DD86D5043939DC	ENT_EA5349DD86D5043939DC	target_d001	INTERVENTION	health promotion in schools	false	medical_kg_gold				target	1		false
t::d001::ENT_EA657A89B5828A3954AD	ENT_EA657A89B5828A3954AD	target_d001	OTHER	II	false	medical_kg_gold				target	1		false
t::d001::ENT_EA7B711291397B7D5A76	ENT_EA7B711291397B7D5A76	target_d001	TREATMENT	three oral antidiabetic therapeutic schemes	false	medical_kg_gold				target	1		false
t::d001::ENT_EA93C6CEA755B36FC363	ENT_EA93C6CEA755B36FC363	target_d001	GENE	SNP45 GG genotype of adiponectin gene	false	medical_kg_gold				target	1		false
t::d001::ENT_EAABC3CAA23D25BFDB58	ENT_EAABC3CAA23D25BFDB58	target_d001	RISK_FACTOR	high levels of stress	false	medical_kg_gold				target	1		false
t::d001::ENT_EAB8EE1EEEC3E6848BAB	ENT_EAB8EE1EEEC3E6848BAB	target_d001	DRUG	AdipoRon	false	medical_kg_gold				target	1		false
t::d001::ENT_EABFD0F1F247AA561377	ENT_EABFD0F1F247AA561377	target_d001	CLINICAL_OUTCOME	prognosis	false	medical_kg_gold				target	1		false
t::d001::ENT_EAD2FB3055AEC8673814	ENT_EAD2FB3055AEC8673814	target_d001	GENE	IL6R D358A	false	medical_kg_gold				target	1		false
t::d001::ENT_EAD37F0A8993E073B564	ENT_EAD37F0A8993E073B564	target_d001	OTHER	SNP at +45 sites of APM1 gene	false	medical_kg_gold				target	1		false
t::d001::ENT_EAD68A79EFFBC7A78B1B	ENT_EAD68A79EFFBC7A78B1B	target_d001	GENE	Iroquois homeobox 5	false	medical_kg_gold				target	1		false
t::d001::ENT_EAD8D786557D5065C041	ENT_EAD8D786557D5065C041	target_d001	BIOMARKER	G allele of rs4712523 polymorphism site in CDKAL1 gene	false	medical_kg_gold				target	1		false
t::d001::ENT_EADF8D9D20061B51F1C3	ENT_EADF8D9D20061B51F1C3	target_d001	LAB_MEASUREMENT	blood glucose	false	medical_kg_gold				target	1		false
t::d001::ENT_EAE16E568D0873EA6E73	ENT_EAE16E568D0873EA6E73	target_d001	GENE	PI3-K gene	false	medical_kg_gold				target	1		false
t::d001::ENT_EAE24B9E0383D83EB883	ENT_EAE24B9E0383D83EB883	target_d001	BIOMARKER	serum C-reactive proteins	false	medical_kg_gold				target	1		false
t::d001::ENT_EAE269F186D557ACD064	ENT_EAE269F186D557ACD064	target_d001	DISEASE	dementia	false	medical_kg_gold				target	1		false
t::d001::ENT_EAE850CD22C9E0370ED0	ENT_EAE850CD22C9E0370ED0	target_d001	LAB_MEASUREMENT	spine BMD	false	medical_kg_gold				target	1		false
t::d001::ENT_EAEA0F2AB7EC97E6A21A	ENT_EAEA0F2AB7EC97E6A21A	target_d001	DISEASE	liver damage	false	medical_kg_gold				target	1		false
t::d001::ENT_EAEB1BEBEA96D187A796	ENT_EAEB1BEBEA96D187A796	target_d001	DISEASE	Diabetic ulcers	false	medical_kg_gold				target	1		false
t::d001::ENT_EAF16F3168EEB4E105EF	ENT_EAF16F3168EEB4E105EF	target_d001	TREATMENT	Acupuncture and moxibustion therapy	false	medical_kg_gold				target	1		false
t::d001::ENT_EAFD5F5250CBB3422DA7	ENT_EAFD5F5250CBB3422DA7	target_d001	PROTEIN	TLR2	false	medical_kg_gold				target	1		false
t::d001::ENT_EB0C6181A731D058B62E	ENT_EB0C6181A731D058B62E	target_d001	LAB_MEASUREMENT	plasma MTL and GAS	false	medical_kg_gold				target	1		false
t::d001::ENT_EB15891637C7DBF7E4AF	ENT_EB15891637C7DBF7E4AF	target_d001	GENE	IR	false	medical_kg_gold				target	1		false
t::d001::ENT_EB25C42DE970E9BBB99B	ENT_EB25C42DE970E9BBB99B	target_d001	LAB_MEASUREMENT	tear film break up time(BUT)	false	medical_kg_gold				target	1		false
t::d001::ENT_EB27E293BDE55370F44E	ENT_EB27E293BDE55370F44E	target_d001	LAB_MEASUREMENT	LSBA,LSPM and LSAP	false	medical_kg_gold				target	1		false
t::d001::ENT_EB35F67EB33A242CF643	ENT_EB35F67EB33A242CF643	target_d001	PROTEIN	ApoB_100	false	medical_kg_gold				target	1		false
t::d001::ENT_EB3C22D7DC23E08C6B40	ENT_EB3C22D7DC23E08C6B40	target_d001	METABOLITE	blood lipid	false	medical_kg_gold				target	1		false
t::d001::ENT_EB3EE3FFD2BADC763872	ENT_EB3EE3FFD2BADC763872	target_d001	LAB_MEASUREMENT	serum estradiol	false	medical_kg_gold				target	1		false
t::d001::ENT_EB4856453ADF0FAA8E69	ENT_EB4856453ADF0FAA8E69	target_d001	DISEASE	diabetic foot	false	medical_kg_gold				target	1		false
t::d001::ENT_EB62B4A8D3EAF6A36D46	ENT_EB62B4A8D3EAF6A36D46	target_d001	BIOMARKER	serum AGEs	false	medical_kg_gold				target	1		false
t::d001::ENT_EB8A3B827738072968EC	ENT_EB8A3B827738072968EC	target_d001	CLINICAL_OUTCOME	possible complications	false	medical_kg_gold				target	1		false
t::d001::ENT_EBA2683BDB0B5FED5149	ENT_EBA2683BDB0B5FED5149	target_d001	GENE	P2Y12 H2 haplotype/P2Y13 Thr-158 polymorphisms	false	medical_kg_gold				target	1		false
t::d001::ENT_EBA67BEB28B5845264A8	ENT_EBA67BEB28B5845264A8	target_d001	OTHER	Q allele	false	medical_kg_gold				target	1		false
t::d001::ENT_EBABF575E629A8AA6D08	ENT_EBABF575E629A8AA6D08	target_d001	LAB_MEASUREMENT	white blood cells count	false	medical_kg_gold				target	1		false
t::d001::ENT_EBB438D72E23923FF145	ENT_EBB438D72E23923FF145	target_d001	GENE	INS R gene	false	medical_kg_gold				target	1		false
t::d001::ENT_EBC906AFD783D86215C6	ENT_EBC906AFD783D86215C6	target_d001	TREATMENT	MNT	false	medical_kg_gold				target	1		false
t::d001::ENT_EBE7B8D1E0DB4119F6ED	ENT_EBE7B8D1E0DB4119F6ED	target_d001	PROTEIN	CAT	false	medical_kg_gold				target	1		false
t::d001::ENT_EBE7DCB2DA10AAFCCDA8	ENT_EBE7DCB2DA10AAFCCDA8	target_d001	PHENOTYPE	BMI	false	medical_kg_gold				target	1		false
t::d001::ENT_EBEFDBBC38D57BB13A4C	ENT_EBEFDBBC38D57BB13A4C	target_d001	DRUG	α-glucosidase inhibitor	false	medical_kg_gold				target	1		false
t::d001::ENT_EBF2B61AF1B750EAEEBB	ENT_EBF2B61AF1B750EAEEBB	target_d001	CLINICAL_OUTCOME	tumor staging	false	medical_kg_gold				target	1		false
t::d001::ENT_EC03F0B0E87182B6F534	ENT_EC03F0B0E87182B6F534	target_d001	DRUG	αT	false	medical_kg_gold				target	1		false
t::d001::ENT_EC0C74F25293D83B5B49	ENT_EC0C74F25293D83B5B49	target_d001	OTHER	Leu72Met polymorphism of preproghrelin gene	false	medical_kg_gold				target	1		false
t::d001::ENT_EC2AA82C74F0253B3874	ENT_EC2AA82C74F0253B3874	target_d001	GENE	DOR and AIB3	false	medical_kg_gold				target	1		false
t::d001::ENT_EC3348A522CB6F7DE481	ENT_EC3348A522CB6F7DE481	target_d001	FOOD	sugar-sweetened beverages	false	medical_kg_gold				target	1		false
t::d001::ENT_EC34484D9FB6FA33E7CF	ENT_EC34484D9FB6FA33E7CF	target_d001	POPULATION	non-diabetic patients	false	medical_kg_gold				target	1		false
t::d001::ENT_EC4D347F52E136162A3B	ENT_EC4D347F52E136162A3B	target_d001	DRUG	Jinkuishenqiwan Recipe	false	medical_kg_gold				target	1		false
t::d001::ENT_EC55EE37A63A6C479CE2	ENT_EC55EE37A63A6C479CE2	target_d001	FOOD	fatty fish	false	medical_kg_gold				target	1		false
t::d001::ENT_EC78318720B097E4F489	ENT_EC78318720B097E4F489	target_d001	OTHER	genotype Ala54/Thr54 and Thr54/Thr54	false	medical_kg_gold				target	1		false
t::d001::ENT_EC79D5C8223876020432	ENT_EC79D5C8223876020432	target_d001	GENE	LEPR gene	false	medical_kg_gold				target	1		false
t::d001::ENT_EC80B16C2545CA4328F6	ENT_EC80B16C2545CA4328F6	target_d001	DISEASE	steatosis	false	medical_kg_gold				target	1		false
t::d001::ENT_EC8224547B2CCB2DA85C	ENT_EC8224547B2CCB2DA85C	target_d001	OTHER	variations within TFAP2B	false	medical_kg_gold				target	1		false
t::d001::ENT_EC878FE0ADBCD682C08A	ENT_EC878FE0ADBCD682C08A	target_d001	SYMPTOM	painful symptoms due to the polyneuropathy	false	medical_kg_gold				target	1		false
t::d001::ENT_EC8ECD92D8B7766A1CD8	ENT_EC8ECD92D8B7766A1CD8	target_d001	METABOLITE	leucine	false	medical_kg_gold				target	1		false
t::d001::ENT_EC938D9BA618A9BA3C3E	ENT_EC938D9BA618A9BA3C3E	target_d001	GENE	CR1 genomic polymorphism	false	medical_kg_gold				target	1		false
t::d001::ENT_EC970AF87992719B5D25	ENT_EC970AF87992719B5D25	target_d001	LIFESTYLE_FACTOR	quality of food taken	false	medical_kg_gold				target	1		false
t::d001::ENT_ECA11F21E63C74A3A9AF	ENT_ECA11F21E63C74A3A9AF	target_d001	POPULATION	population with FPG from 5.6 to 6.1 mmol/L	false	medical_kg_gold				target	1		false
t::d001::ENT_ECA2BE480220E54B062E	ENT_ECA2BE480220E54B062E	target_d001	COMPOUND	serum homocysteine	false	medical_kg_gold				target	1		false
t::d001::ENT_ECA6C9A28E75EF4E0FCF	ENT_ECA6C9A28E75EF4E0FCF	target_d001	COMPOUND	DA and NE	false	medical_kg_gold				target	1		false
t::d001::ENT_ECA81760B26784F915DF	ENT_ECA81760B26784F915DF	target_d001	METABOLITE	serum uric	false	medical_kg_gold				target	1		false
t::d001::ENT_ECBE17B0A7885CB8703D	ENT_ECBE17B0A7885CB8703D	target_d001	DISEASE	inflammation of pancreatic β cells	false	medical_kg_gold				target	1		false
t::d001::ENT_ECC3D3A368D8CCD6A372	ENT_ECC3D3A368D8CCD6A372	target_d001	BIOMARKER	TC	false	medical_kg_gold				target	1		false
t::d001::ENT_ECC64EBD89FDBF862252	ENT_ECC64EBD89FDBF862252	target_d001	BIOMARKER	serum CA199	false	medical_kg_gold				target	1		false
t::d001::ENT_ECF17DA83F66FDF59358	ENT_ECF17DA83F66FDF59358	target_d001	BIOMARKER	grey matter volume	false	medical_kg_gold				target	1		false
t::d001::ENT_ECFCAC42A98652CE5561	ENT_ECFCAC42A98652CE5561	target_d001	PHENOTYPE	both kidneys involved	false	medical_kg_gold				target	1		false
t::d001::ENT_ED11465FE63879048976	ENT_ED11465FE63879048976	target_d001	BEHAVIOR	coffee drinking	false	medical_kg_gold				target	1		false
t::d001::ENT_ED1A4211E5671CE5DCD1	ENT_ED1A4211E5671CE5DCD1	target_d001	OTHER	Body mass index (BMI)	false	medical_kg_gold				target	1		false
t::d001::ENT_ED271E8A3F528EA0B076	ENT_ED271E8A3F528EA0B076	target_d001	DISEASE	polycystic ovary syndrome	false	medical_kg_gold				target	1		false
t::d001::ENT_ED3A1C2FB5A869D513F3	ENT_ED3A1C2FB5A869D513F3	target_d001	LAB_MEASUREMENT	DC	false	medical_kg_gold				target	1		false
t::d001::ENT_ED3D6CCB43BCCDBACA14	ENT_ED3D6CCB43BCCDBACA14	target_d001	OTHER	resistin gene -420 G/G genotype	false	medical_kg_gold				target	1		false
t::d001::ENT_ED481871BD702C28AAC5	ENT_ED481871BD702C28AAC5	target_d001	DISEASE	spleen pyretic abundance	false	medical_kg_gold				target	1		false
t::d001::ENT_ED583C8022143448B0F3	ENT_ED583C8022143448B0F3	target_d001	TISSUE	retinal nerve fiber layer thickness	false	medical_kg_gold				target	1		false
t::d001::ENT_ED636EE53374882C68D9	ENT_ED636EE53374882C68D9	target_d001	BIOMARKER	GLP-1 level	false	medical_kg_gold				target	1		false
t::d001::ENT_ED67858C0E9798CBCF26	ENT_ED67858C0E9798CBCF26	target_d001	PHENOTYPE	Hypoadiponectinaemia	false	medical_kg_gold				target	1		false
t::d001::ENT_ED6916B90F8364C3FC22	ENT_ED6916B90F8364C3FC22	target_d001	PHENOTYPE	endothelium cell injury	false	medical_kg_gold				target	1		false
t::d001::ENT_ED757106368167851BBC	ENT_ED757106368167851BBC	target_d001	DISEASE	asymptomatic GERD	false	medical_kg_gold				target	1		false
t::d001::ENT_ED769699D5CE7F506E43	ENT_ED769699D5CE7F506E43	target_d001	EXERCISE	physical activity	false	medical_kg_gold				target	1		false
t::d001::ENT_ED9C0B98DD829E2FA00E	ENT_ED9C0B98DD829E2FA00E	target_d001	PHENOTYPE	deficiency of both vital energy and yin	false	medical_kg_gold				target	1		false
t::d001::ENT_ED9CA2F2489D87E6281A	ENT_ED9CA2F2489D87E6281A	target_d001	DISEASE	胰腺癌	false	medical_kg_gold				target	1		false
t::d001::ENT_ED9E126116C3CA044EC9	ENT_ED9E126116C3CA044EC9	target_d001	OTHER	greater than or equal to 55 years of age	false	medical_kg_gold				target	1		false
t::d001::ENT_EDA4A0D89853F478936E	ENT_EDA4A0D89853F478936E	target_d001	PHENOTYPE	metabolic inflammation	false	medical_kg_gold				target	1		false
t::d001::ENT_EDA757346F5DB3FF69D3	ENT_EDA757346F5DB3FF69D3	target_d001	PHENOTYPE	cognitive functions	false	medical_kg_gold				target	1		false
t::d001::ENT_EDB173DE675CBCED72F0	ENT_EDB173DE675CBCED72F0	target_d001	RISK_FACTOR	premature or early menopause	false	medical_kg_gold				target	1		false
t::d001::ENT_EDB9B9F2164883C0532C	ENT_EDB9B9F2164883C0532C	target_d001	BIOMARKER	Fibrogen	false	medical_kg_gold				target	1		false
t::d001::ENT_EDBCD8A852484D3DB58B	ENT_EDBCD8A852484D3DB58B	target_d001	PHYSIOLOGICAL_PROCESS	dispersion function	false	medical_kg_gold				target	1		false
t::d001::ENT_EDC264539F2020567B9C	ENT_EDC264539F2020567B9C	target_d001	GENE	resistin gene-420 CG polymorphism	false	medical_kg_gold				target	1		false
t::d001::ENT_EDCAA4B2E8588FAA1EA7	ENT_EDCAA4B2E8588FAA1EA7	target_d001	CLINICAL_OUTCOME	dementia incidence	false	medical_kg_gold				target	1		false
t::d001::ENT_EDD368A7A5181F819B0E	ENT_EDD368A7A5181F819B0E	target_d001	DRUG	valsartan	false	medical_kg_gold				target	1		false
t::d001::ENT_EDE0F6952AD89DDFF6AA	ENT_EDE0F6952AD89DDFF6AA	target_d001	PROTEIN	vaspin	false	medical_kg_gold				target	1		false
t::d001::ENT_EDEC3A3977710A8E5ABB	ENT_EDEC3A3977710A8E5ABB	target_d001	COMPOUND	Curcumin	false	medical_kg_gold				target	1		false
t::d001::ENT_EDF0B397EEFE7944B328	ENT_EDF0B397EEFE7944B328	target_d001	LAB_MEASUREMENT	frequency of spontaneous discharge of nerve cell in ARC of hypothalamus	false	medical_kg_gold				target	1		false
t::d001::ENT_EDF7017C682D60310E4A	ENT_EDF7017C682D60310E4A	target_d001	PHENOTYPE	loss of glycaemic control	false	medical_kg_gold				target	1		false
t::d001::ENT_EE0A0B33C3C5FC3BDB89	ENT_EE0A0B33C3C5FC3BDB89	target_d001	PROTEIN	serum HSP70 level	false	medical_kg_gold				target	1		false
t::d001::ENT_EE0F390746636C6AEBA3	ENT_EE0F390746636C6AEBA3	target_d001	GENE	ACE variants	false	medical_kg_gold				target	1		false
t::d001::ENT_EE4FE7DD69CBB438EDCA	ENT_EE4FE7DD69CBB438EDCA	target_d001	OTHER	ApoA5 gene-1131T C	false	medical_kg_gold				target	1		false
t::d001::ENT_EE56FDE2E887DCD59FDE	ENT_EE56FDE2E887DCD59FDE	target_d001	POPULATION	Total 267 participants	false	medical_kg_gold				target	1		false
t::d001::ENT_EE5B18626DC1C3A53B45	ENT_EE5B18626DC1C3A53B45	target_d001	CLINICAL_OUTCOME	hip fracture	false	medical_kg_gold				target	1		false
t::d001::ENT_EE5EE5D3313C8C6C6238	ENT_EE5EE5D3313C8C6C6238	target_d001	PHENOTYPE	pathologic aortic ultrastructure changes	false	medical_kg_gold				target	1		false
t::d001::ENT_EE657891CF25236DC4FD	ENT_EE657891CF25236DC4FD	target_d001	GENE	ecNOS polymorphism	false	medical_kg_gold				target	1		false
t::d001::ENT_EE6C571CC2B9DA00F5F1	ENT_EE6C571CC2B9DA00F5F1	target_d001	PHYSIOLOGICAL_PROCESS	flow-mediated arterial dilation	false	medical_kg_gold				target	1		false
t::d001::ENT_EE6D2DBF4BF44F37462F	ENT_EE6D2DBF4BF44F37462F	target_d001	OTHER	Bb allele	false	medical_kg_gold				target	1		false
t::d001::ENT_EE6D8E8398625149B3A6	ENT_EE6D8E8398625149B3A6	target_d001	DISEASE	cerebrovascular diseases	false	medical_kg_gold				target	1		false
t::d001::ENT_EE6DDE9A89162EBF14B4	ENT_EE6DDE9A89162EBF14B4	target_d001	INTERVENTION	intensive health education	false	medical_kg_gold				target	1		false
t::d001::ENT_EE7B21D79F48E151CBAD	ENT_EE7B21D79F48E151CBAD	target_d001	PHENOTYPE	central and peripheral insulin resistance	false	medical_kg_gold				target	1		false
t::d001::ENT_EE9275DEDBC2EAE7CF0F	ENT_EE9275DEDBC2EAE7CF0F	target_d001	GENE	novel MEN1 gene mutation	false	medical_kg_gold				target	1		false
t::d001::ENT_EEA476E9FB42154A4208	ENT_EEA476E9FB42154A4208	target_d001	NUTRIENT	serum magnesium	false	medical_kg_gold				target	1		false
t::d001::ENT_EEA4A091B7EE65DF9E15	ENT_EEA4A091B7EE65DF9E15	target_d001	TREATMENT	hospital-community integrated management based on the joint diagnosis and treatment center for chronic disease	false	medical_kg_gold				target	1		false
t::d001::ENT_EEB07A1E336E84008DC2	ENT_EEB07A1E336E84008DC2	target_d001	OTHER	SFI1 p.Arg724Trp	false	medical_kg_gold				target	1		false
t::d001::ENT_EEC48C3351BCCF49F4DB	ENT_EEC48C3351BCCF49F4DB	target_d001	SYMPTOM	hypoglycemia	false	medical_kg_gold				target	1		false
t::d001::ENT_EEC4FDAD77783BA95C36	ENT_EEC4FDAD77783BA95C36	target_d001	BIOMARKER	serum nesfatin-1	false	medical_kg_gold				target	1		false
t::d001::ENT_EEC9DB31F5589A83914B	ENT_EEC9DB31F5589A83914B	target_d001	LAB_MEASUREMENT	HbA1c level	false	medical_kg_gold				target	1		false
t::d001::ENT_EEC9E16579F2982E0761	ENT_EEC9E16579F2982E0761	target_d001	DISEASE	lower extremity arterial disease(PAD)	false	medical_kg_gold				target	1		false
t::d001::ENT_EED331CC9148ED193572	ENT_EED331CC9148ED193572	target_d001	TREATMENT	Integrated Chinese-Western medicine	false	medical_kg_gold				target	1		false
t::d001::ENT_EED5570E40754010F4B2	ENT_EED5570E40754010F4B2	target_d001	INTERVENTION	intensive lifestyle modification program	false	medical_kg_gold				target	1		false
t::d001::ENT_EEE28FAFAE2252316847	ENT_EEE28FAFAE2252316847	target_d001	BIOMARKER	adipsin	false	medical_kg_gold				target	1		false
t::d001::ENT_EEE4B3440A09E4ACAB62	ENT_EEE4B3440A09E4ACAB62	target_d001	BEHAVIOR	self-management behaviors	false	medical_kg_gold				target	1		false
t::d001::ENT_EEE9BEC47975BE742B24	ENT_EEE9BEC47975BE742B24	target_d001	PROTEIN	GM-CSF	false	medical_kg_gold				target	1		false
t::d001::ENT_EEF846FE4C67746014A1	ENT_EEF846FE4C67746014A1	target_d001	OTHER	lungs	false	medical_kg_gold				target	1		false
t::d001::ENT_EF01BB8311B4E268EF4A	ENT_EF01BB8311B4E268EF4A	target_d001	DISEASE	non-diabetic periodontitis	false	medical_kg_gold				target	1		false
t::d001::ENT_EF32F1645C5B6A024175	ENT_EF32F1645C5B6A024175	target_d001	LAB_MEASUREMENT	LVEDD	false	medical_kg_gold				target	1		false
t::d001::ENT_EF4452E589F1DE101FDB	ENT_EF4452E589F1DE101FDB	target_d001	OTHER	SNP-11377	false	medical_kg_gold				target	1		false
t::d001::ENT_EF5A79228AEB1067920A	ENT_EF5A79228AEB1067920A	target_d001	LAB_MEASUREMENT	platelet counts	false	medical_kg_gold				target	1		false
t::d001::ENT_EF623A75376D2B54AB27	ENT_EF623A75376D2B54AB27	target_d001	DISEASE	left heart failure	false	medical_kg_gold				target	1		false
t::d001::ENT_EF728FA6B5E2D74EC4AB	ENT_EF728FA6B5E2D74EC4AB	target_d001	TREATMENT	combined therapy with methotrexate and cyclosporin	false	medical_kg_gold				target	1		false
t::d001::ENT_EF905EC227A0CC581C01	ENT_EF905EC227A0CC581C01	target_d001	EXERCISE	moderate physical activity	false	medical_kg_gold				target	1		false
t::d001::ENT_EF91DA62E8041139811C	ENT_EF91DA62E8041139811C	target_d001	BIOMARKER	anti-HCV positive rate	false	medical_kg_gold				target	1		false
t::d001::ENT_EF9CA91E9972920B1164	ENT_EF9CA91E9972920B1164	target_d001	BIOMARKER	shimmer	false	medical_kg_gold				target	1		false
t::d001::ENT_EFA6C43A6555CB717594	ENT_EFA6C43A6555CB717594	target_d001	BIOMARKER	UMP	false	medical_kg_gold				target	1		false
t::d001::ENT_EFADA7621CA8F357F13D	ENT_EFADA7621CA8F357F13D	target_d001	GENE	G3316A and T3394C	false	medical_kg_gold				target	1		false
t::d001::ENT_EFB3557EF6D54DD375A0	ENT_EFB3557EF6D54DD375A0	target_d001	DISEASE	chronic kidney disease( CKD)	false	medical_kg_gold				target	1		false
t::d001::ENT_EFBE32EFB5064B170FEC	ENT_EFBE32EFB5064B170FEC	target_d001	BIOMARKER	glucagon	false	medical_kg_gold				target	1		false
t::d001::ENT_EFCE56AB1ED5562C3661	ENT_EFCE56AB1ED5562C3661	target_d001	GENE	Z5	false	medical_kg_gold				target	1		false
t::d001::ENT_EFDD87D3FE24858DEF05	ENT_EFDD87D3FE24858DEF05	target_d001	LAB_MEASUREMENT	stiffness parameter	false	medical_kg_gold				target	1		false
t::d001::ENT_F0086DA1509ADEACE3CA	ENT_F0086DA1509ADEACE3CA	target_d001	INTERVENTION	tackling obesity	false	medical_kg_gold				target	1		false
t::d001::ENT_F00F22C05C018275A76C	ENT_F00F22C05C018275A76C	target_d001	TREATMENT	chemotherapy	false	medical_kg_gold				target	1		false
t::d001::ENT_F01DC64B0EB350C3CA45	ENT_F01DC64B0EB350C3CA45	target_d001	PHYSIOLOGICAL_PROCESS	Insulin-stimulated glucose clearance/uptake	false	medical_kg_gold				target	1		false
t::d001::ENT_F030EF81CEB221E7F7E1	ENT_F030EF81CEB221E7F7E1	target_d001	DISEASE	chronic heart failure	false	medical_kg_gold				target	1		false
t::d001::ENT_F03766508EB42ACFF967	ENT_F03766508EB42ACFF967	target_d001	BIOMARKER	rs228651(A/G)	false	medical_kg_gold				target	1		false
t::d001::ENT_F040EAB21B011114F845	ENT_F040EAB21B011114F845	target_d001	METABOLITE	plasma Hcy	false	medical_kg_gold				target	1		false
t::d001::ENT_F0478F4007E8CFFB220E	ENT_F0478F4007E8CFFB220E	target_d001	TREATMENT	exercise therapy protocol	false	medical_kg_gold				target	1		false
t::d001::ENT_F060B1B97B76FA0AFCA8	ENT_F060B1B97B76FA0AFCA8	target_d001	DISEASE	seborrheic keratosis	false	medical_kg_gold				target	1		false
t::d001::ENT_F070732A7F7745F9AB1A	ENT_F070732A7F7745F9AB1A	target_d001	BIOLOGICAL_PROCESS	Dephosphorylation and activation of glycogen synthase	false	medical_kg_gold				target	1		false
t::d001::ENT_F0707A9F9F45742E39D8	ENT_F0707A9F9F45742E39D8	target_d001	METABOLITE	CH	false	medical_kg_gold				target	1		false
t::d001::ENT_F07698357E3B74E5DEC1	ENT_F07698357E3B74E5DEC1	target_d001	PHYSIOLOGICAL_PROCESS	heart function	false	medical_kg_gold				target	1		false
t::d001::ENT_F078F64BF3E7BBA6917E	ENT_F078F64BF3E7BBA6917E	target_d001	PROTEIN	sCD36	false	medical_kg_gold				target	1		false
t::d001::ENT_F098F3B17E0BD77FBC6F	ENT_F098F3B17E0BD77FBC6F	target_d001	DISEASE	restenosis	false	medical_kg_gold				target	1		false
t::d001::ENT_F09FEB04010965472FA2	ENT_F09FEB04010965472FA2	target_d001	OTHER	pharmacological active dry extract, titrated in cichoric acid	false	medical_kg_gold				target	1		false
t::d001::ENT_F0ADC959BF9693E98A73	ENT_F0ADC959BF9693E98A73	target_d001	COMPOUND	small nonpeptide molecules that directly sensitize the IR	false	medical_kg_gold				target	1		false
t::d001::ENT_F0C3BD70C1482A7FAAEC	ENT_F0C3BD70C1482A7FAAEC	target_d001	BEHAVIOR	self management	false	medical_kg_gold				target	1		false
t::d001::ENT_F0C4172D48CC6675A6FC	ENT_F0C4172D48CC6675A6FC	target_d001	OTHER	five circuits and six qi information	false	medical_kg_gold				target	1		false
t::d001::ENT_F0CECB70169EEC96DF22	ENT_F0CECB70169EEC96DF22	target_d001	DISEASE	arrhythmias	false	medical_kg_gold				target	1		false
t::d001::ENT_F0D59F03A3ED41405790	ENT_F0D59F03A3ED41405790	target_d001	LAB_MEASUREMENT	Serum visfatin level	false	medical_kg_gold				target	1		false
t::d001::ENT_F0D99176156206AFEE11	ENT_F0D99176156206AFEE11	target_d001	OTHER	S539W	false	medical_kg_gold				target	1		false
t::d001::ENT_F0DA7F4D251B06B5B148	ENT_F0DA7F4D251B06B5B148	target_d001	BIOMARKER	serum high density lipoprotein (HDL)	false	medical_kg_gold				target	1		false
t::d001::ENT_F0E7F256CA27B1206B07	ENT_F0E7F256CA27B1206B07	target_d001	DRUG	TZDs	false	medical_kg_gold				target	1		false
t::d001::ENT_F0EE2C429D1B80719E0E	ENT_F0EE2C429D1B80719E0E	target_d001	GENE	VEGF-936 C/T genotype	false	medical_kg_gold				target	1		false
t::d001::ENT_F0EFCF4F84C2C46139FF	ENT_F0EFCF4F84C2C46139FF	target_d001	GENE	GRL GG	false	medical_kg_gold				target	1		false
t::d001::ENT_F0F24B07AD7B933EACC2	ENT_F0F24B07AD7B933EACC2	target_d001	BIOMARKER	undercarboxylated osteocalcin	false	medical_kg_gold				target	1		false
t::d001::ENT_F0FACAF91119375F1A88	ENT_F0FACAF91119375F1A88	target_d001	OTHER	Apo-E genotypes	false	medical_kg_gold				target	1		false
t::d001::ENT_F1056C3BFBA0381AE871	ENT_F1056C3BFBA0381AE871	target_d001	BIOMARKER	serum resistin level	false	medical_kg_gold				target	1		false
t::d001::ENT_F10625468CD277F92311	ENT_F10625468CD277F92311	target_d001	BIOMARKER	HER-2 positive rate	false	medical_kg_gold				target	1		false
t::d001::ENT_F10782A30D930AE9E4D6	ENT_F10782A30D930AE9E4D6	target_d001	LAB_MEASUREMENT	blood fibrinogen concentration	false	medical_kg_gold				target	1		false
t::d001::ENT_F109A8C52E1B9EE560B1	ENT_F109A8C52E1B9EE560B1	target_d001	GENE	PPARγ2 gene Pro12Ala polymorphism	false	medical_kg_gold				target	1		false
t::d001::ENT_F11761F32078E4A10A7D	ENT_F11761F32078E4A10A7D	target_d001	PHENOTYPE	pancreas morphological changes	false	medical_kg_gold				target	1		false
t::d001::ENT_F11BCE8190AC4AEB34F2	ENT_F11BCE8190AC4AEB34F2	target_d001	PHENOTYPE	lower extremity arterial occlusion	false	medical_kg_gold				target	1		false
t::d001::ENT_F129A6ADAF7B3DAA053A	ENT_F129A6ADAF7B3DAA053A	target_d001	PHENOTYPE	jaw bone changes	false	medical_kg_gold				target	1		false
t::d001::ENT_F12D1612AAFD3E6B095F	ENT_F12D1612AAFD3E6B095F	target_d001	METABOLITE	n-3PUFA	false	medical_kg_gold				target	1		false
t::d001::ENT_F1386C07EB33F5B6CB82	ENT_F1386C07EB33F5B6CB82	target_d001	DRUG	Insulin Aspart 30 combined with Voglibose	false	medical_kg_gold				target	1		false
t::d001::ENT_F13EEDD8DB1ABE8ABA1E	ENT_F13EEDD8DB1ABE8ABA1E	target_d001	BIOMARKER	DLCO	false	medical_kg_gold				target	1		false
t::d001::ENT_F156A4AE64F762C27FBD	ENT_F156A4AE64F762C27FBD	target_d001	POPULATION	Arab Australians	false	medical_kg_gold				target	1		false
t::d001::ENT_F15F1A1E6DF4052EDE76	ENT_F15F1A1E6DF4052EDE76	target_d001	BIOLOGICAL_PROCESS	Dysregulation of lipogenesis	false	medical_kg_gold				target	1		false
t::d001::ENT_F1720D69C7D405435B57	ENT_F1720D69C7D405435B57	target_d001	OTHER	accompanying diseases	false	medical_kg_gold				target	1		false
t::d001::ENT_F17696F8241B3482BA80	ENT_F17696F8241B3482BA80	target_d001	PROTEIN	ET	false	medical_kg_gold				target	1		false
t::d001::ENT_F1844786ABE791588AA2	ENT_F1844786ABE791588AA2	target_d001	DISEASE	mild to severe esophagitis	false	medical_kg_gold				target	1		false
t::d001::ENT_F18640F6EE1ED82D7C29	ENT_F18640F6EE1ED82D7C29	target_d001	GENE	HLA-A24	false	medical_kg_gold				target	1		false
t::d001::ENT_F19215D1F81BA0431D32	ENT_F19215D1F81BA0431D32	target_d001	LAB_MEASUREMENT	anti-HCV positive rate	false	medical_kg_gold				target	1		false
t::d001::ENT_F19FAAB65ABFEBA5F202	ENT_F19FAAB65ABFEBA5F202	target_d001	BIOLOGICAL_PROCESS	islet apoptosis	false	medical_kg_gold				target	1		false
t::d001::ENT_F1A2FFE9E972BD21A0FA	ENT_F1A2FFE9E972BD21A0FA	target_d001	LAB_MEASUREMENT	reduced left ventricular peak systolic circumferential strain	false	medical_kg_gold				target	1		false
t::d001::ENT_F1A90129305F2D10CAD3	ENT_F1A90129305F2D10CAD3	target_d001	POPULATION	first degree relatives of index cases	false	medical_kg_gold				target	1		false
t::d001::ENT_F1BAED17AFCED610F54D	ENT_F1BAED17AFCED610F54D	target_d001	OTHER	mutation heterozygotes in exon 2	false	medical_kg_gold				target	1		false
t::d001::ENT_F1C7B0D0F1A11103073B	ENT_F1C7B0D0F1A11103073B	target_d001	OTHER	Bacteroides thetaiotaomicron	false	medical_kg_gold				target	1		false
t::d001::ENT_F1E2F6FF9570EDC03A9A	ENT_F1E2F6FF9570EDC03A9A	target_d001	SYMPTOM	hearing impairment	false	medical_kg_gold				target	1		false
t::d001::ENT_F1E8109677B6D9D3BA77	ENT_F1E8109677B6D9D3BA77	target_d001	LAB_MEASUREMENT	FINS	false	medical_kg_gold				target	1		false
t::d001::ENT_F1E8F91C058D21BE66D9	ENT_F1E8F91C058D21BE66D9	target_d001	GENE	KCNJ11 gene	false	medical_kg_gold				target	1		false
t::d001::ENT_F210475CC2726499CFC9	ENT_F210475CC2726499CFC9	target_d001	OTHER	single nucleotide polymorphism of visfatin promoter-3186 C/T	false	medical_kg_gold				target	1		false
t::d001::ENT_F229FB50B761D768BE4A	ENT_F229FB50B761D768BE4A	target_d001	BIOMARKER	eNOS gene Glu298Asp polymorphism	false	medical_kg_gold				target	1		false
t::d001::ENT_F23110852812D253A319	ENT_F23110852812D253A319	target_d001	DRUG	Huanglian Jiedu Tang	false	medical_kg_gold				target	1		false
t::d001::ENT_F236ED3EC7BBDAB2B26C	ENT_F236ED3EC7BBDAB2B26C	target_d001	PHENOTYPE	pancreatic amyloid deposits	false	medical_kg_gold				target	1		false
t::d001::ENT_F25022D1A15223E1D426	ENT_F25022D1A15223E1D426	target_d001	OTHER	apolipoprotein J exon 2 and 5 polymorphism	false	medical_kg_gold				target	1		false
t::d001::ENT_F250ED821E07D93151C4	ENT_F250ED821E07D93151C4	target_d001	OTHER	capacity in the treatment, detections and management of complications	false	medical_kg_gold				target	1		false
t::d001::ENT_F2607BFD31EDEED75542	ENT_F2607BFD31EDEED75542	target_d001	LAB_MEASUREMENT	LV global longitudinal strain and early diastolic strain rate	false	medical_kg_gold				target	1		false
t::d001::ENT_F260F0F79FB700494FF9	ENT_F260F0F79FB700494FF9	target_d001	ORGAN	lung	false	medical_kg_gold				target	1		false
t::d001::ENT_F2768638E5DA3E7A5BD3	ENT_F2768638E5DA3E7A5BD3	target_d001	OTHER	actinide dependent shadow biosphere of archaea and viroids	false	medical_kg_gold				target	1		false
t::d001::ENT_F286F1B820EA78C013F0	ENT_F286F1B820EA78C013F0	target_d001	METABOLITE	ROS	false	medical_kg_gold				target	1		false
t::d001::ENT_F29AF9F9784DAF75A0F1	ENT_F29AF9F9784DAF75A0F1	target_d001	BIOLOGICAL_PROCESS	alteration of 11β-HSD activities	false	medical_kg_gold				target	1		false
t::d001::ENT_F29E57A8C7520E22BC96	ENT_F29E57A8C7520E22BC96	target_d001	BIOMARKER	TNF-α	false	medical_kg_gold				target	1		false
t::d001::ENT_F2AC0CBA862004266DE8	ENT_F2AC0CBA862004266DE8	target_d001	DRUG	Ragaglitazar	false	medical_kg_gold				target	1		false
t::d001::ENT_F2AE51AEF549DDC8DB06	ENT_F2AE51AEF549DDC8DB06	target_d001	LAB_MEASUREMENT	BMD of Ward's triangle	false	medical_kg_gold				target	1		false
t::d001::ENT_F2C452FC959A041BDD9F	ENT_F2C452FC959A041BDD9F	target_d001	LAB_MEASUREMENT	LAVIpre	false	medical_kg_gold				target	1		false
t::d001::ENT_F2C9121BF3E678B6E159	ENT_F2C9121BF3E678B6E159	target_d001	RISK_FACTOR	obesity	false	medical_kg_gold				target	1		false
t::d001::ENT_F2E1B25773B0B5E43743	ENT_F2E1B25773B0B5E43743	target_d001	BIOLOGICAL_PROCESS	secretion of glucagon	false	medical_kg_gold				target	1		false
t::d001::ENT_F2FF4AFE20F5D07DF06B	ENT_F2FF4AFE20F5D07DF06B	target_d001	PROTEIN	IgG	false	medical_kg_gold				target	1		false
t::d001::ENT_F2FFA7D22E0F928C04E8	ENT_F2FFA7D22E0F928C04E8	target_d001	COMPOUND	serum 25 hydroxy Vitamin D3	false	medical_kg_gold				target	1		false
t::d001::ENT_F309BE6913EE2FAC4B82	ENT_F309BE6913EE2FAC4B82	target_d001	BIOMARKER	serum fasting C peptide	false	medical_kg_gold				target	1		false
t::d001::ENT_F310366E78DAE7185582	ENT_F310366E78DAE7185582	target_d001	BIOMARKER	endothelial microparticle	false	medical_kg_gold				target	1		false
t::d001::ENT_F3190F2F0119684373FB	ENT_F3190F2F0119684373FB	target_d001	BIOMARKER	superoxide anion levels	false	medical_kg_gold				target	1		false
t::d001::ENT_F31B48A223050B8432E7	ENT_F31B48A223050B8432E7	target_d001	DISEASE	EH	false	medical_kg_gold				target	1		false
t::d001::ENT_F31DE09AF733626714D6	ENT_F31DE09AF733626714D6	target_d001	OTHER	CT genotype	false	medical_kg_gold				target	1		false
t::d001::ENT_F32B21E55046BF1DFDB8	ENT_F32B21E55046BF1DFDB8	target_d001	BIOLOGICAL_PROCESS	intestinal gluconeogenesis	false	medical_kg_gold				target	1		false
t::d001::ENT_F32BEEBB666CD8BD26F3	ENT_F32BEEBB666CD8BD26F3	target_d001	INTERVENTION	adjustment of intestinal flora	false	medical_kg_gold				target	1		false
t::d001::ENT_F332270597C1A9062B85	ENT_F332270597C1A9062B85	target_d001	BIOMARKER	FT3	false	medical_kg_gold				target	1		false
t::d001::ENT_F33377502AD43D520F04	ENT_F33377502AD43D520F04	target_d001	RISK_FACTOR	MS factors	false	medical_kg_gold				target	1		false
t::d001::ENT_F353BE81762E4EB74772	ENT_F353BE81762E4EB74772	target_d001	BIOMARKER	β2 - MGT	false	medical_kg_gold				target	1		false
t::d001::ENT_F3591E6A872530ED5C33	ENT_F3591E6A872530ED5C33	target_d001	BIOLOGICAL_PROCESS	low-grade systemic inflammation	false	medical_kg_gold				target	1		false
t::d001::ENT_F362C14ED1EA55D9B5F4	ENT_F362C14ED1EA55D9B5F4	target_d001	OTHER	FABP2 genotype Ala54/Thr54 and Thr54/Thr54	false	medical_kg_gold				target	1		false
t::d001::ENT_F37921BC250E280C1597	ENT_F37921BC250E280C1597	target_d001	GENE	rs1470579 and rs4402960 gene polymorphisms of IGF2BP2	false	medical_kg_gold				target	1		false
t::d001::ENT_F390999A7713C9365F24	ENT_F390999A7713C9365F24	target_d001	GENE	AMPK-α2 mRNA expression	false	medical_kg_gold				target	1		false
t::d001::ENT_F39D6CD3CE925F1FB4FA	ENT_F39D6CD3CE925F1FB4FA	target_d001	DISEASE	IFI	false	medical_kg_gold				target	1		false
t::d001::ENT_F3ACABBDF574A32B7200	ENT_F3ACABBDF574A32B7200	target_d001	PHENOTYPE	accelerated cognitive decline	false	medical_kg_gold				target	1		false
t::d001::ENT_F3B17750B91AB2F68079	ENT_F3B17750B91AB2F68079	target_d001	BIOMARKER	Adiponectin and omentin levels	false	medical_kg_gold				target	1		false
t::d001::ENT_F3B4EB78D1C2D90FDAF5	ENT_F3B4EB78D1C2D90FDAF5	target_d001	DISEASE	diabetic neuropathy	false	medical_kg_gold				target	1		false
t::d001::ENT_F3B5BB7B749BD66BFE53	ENT_F3B5BB7B749BD66BFE53	target_d001	GENE	SNP at -6951	false	medical_kg_gold				target	1		false
t::d001::ENT_F3C329E4B1F32C7B59DF	ENT_F3C329E4B1F32C7B59DF	target_d001	BIOMARKER	Low Serum Levels of 25-Hydroxyvitamin D	false	medical_kg_gold				target	1		false
t::d001::ENT_F3C9D1D13D9E18B5ADBE	ENT_F3C9D1D13D9E18B5ADBE	target_d001	PROTEIN	HO-1	false	medical_kg_gold				target	1		false
t::d001::ENT_F3CCBFCC30C91D90ED66	ENT_F3CCBFCC30C91D90ED66	target_d001	PROTEIN	GA	false	medical_kg_gold				target	1		false
t::d001::ENT_F3D4E0CD17FD60AA18B1	ENT_F3D4E0CD17FD60AA18B1	target_d001	LAB_MEASUREMENT	cholesterol(TC)	false	medical_kg_gold				target	1		false
t::d001::ENT_F3E6963BD979C9D942B6	ENT_F3E6963BD979C9D942B6	target_d001	PHYSIOLOGICAL_PROCESS	myocardium contractility	false	medical_kg_gold				target	1		false
t::d001::ENT_F3EA1839731743BB91D5	ENT_F3EA1839731743BB91D5	target_d001	PROTEIN	Serum ferritin level	false	medical_kg_gold				target	1		false
t::d001::ENT_F3EDFF1E093C8DA7E6BC	ENT_F3EDFF1E093C8DA7E6BC	target_d001	BIOMARKER	Insulin-induced receptor β subunit autophosphorylation	false	medical_kg_gold				target	1		false
t::d001::ENT_F3FDF8EB0665149EC54F	ENT_F3FDF8EB0665149EC54F	target_d001	OTHER	adiponectin SNP45 site of GG	false	medical_kg_gold				target	1		false
t::d001::ENT_F402E73EEA9218C523B0	ENT_F402E73EEA9218C523B0	target_d001	PROTEIN	calcitonin(CT)	false	medical_kg_gold				target	1		false
t::d001::ENT_F405AC0FF6D724E2A394	ENT_F405AC0FF6D724E2A394	target_d001	LAB_MEASUREMENT	EF	false	medical_kg_gold				target	1		false
t::d001::ENT_F410B460BF975FFF69F2	ENT_F410B460BF975FFF69F2	target_d001	BIOLOGICAL_PROCESS	dysfunctional process of insulin-induced IR activation	false	medical_kg_gold				target	1		false
t::d001::ENT_F4194F62FD54C5806CB8	ENT_F4194F62FD54C5806CB8	target_d001	BIOMARKER	global early diastolic strain rate (SRE)	false	medical_kg_gold				target	1		false
t::d001::ENT_F419BE6D466D29F7F1B2	ENT_F419BE6D466D29F7F1B2	target_d001	RISK_FACTOR	Male	false	medical_kg_gold				target	1		false
t::d001::ENT_F439774F22214897B3CE	ENT_F439774F22214897B3CE	target_d001	OTHER	mussel meat protein hydrolysates	false	medical_kg_gold				target	1		false
t::d001::ENT_F43EBEEAFA7965759FDC	ENT_F43EBEEAFA7965759FDC	target_d001	GENE	CRP-717 AG polymorphism	false	medical_kg_gold				target	1		false
t::d001::ENT_F4433353F7EFFDA6C8CE	ENT_F4433353F7EFFDA6C8CE	target_d001	RISK_FACTOR	AC	false	medical_kg_gold				target	1		false
t::d001::ENT_F461B0EB4224E106A8F5	ENT_F461B0EB4224E106A8F5	target_d001	DISEASE	skin lesions	false	medical_kg_gold				target	1		false
t::d001::ENT_F46DD56F771EF67B7301	ENT_F46DD56F771EF67B7301	target_d001	PHENOTYPE	餐后高血糖	false	medical_kg_gold				target	1		false
t::d001::ENT_F4835A1994330FB4FA8E	ENT_F4835A1994330FB4FA8E	target_d001	PROTEIN	IL-1β	false	medical_kg_gold				target	1		false
t::d001::ENT_F48DCB5109FB0F0F4B36	ENT_F48DCB5109FB0F0F4B36	target_d001	DISEASE	hepatotoxicity	false	medical_kg_gold				target	1		false
t::d001::ENT_F49F50DF35EB017D69C6	ENT_F49F50DF35EB017D69C6	target_d001	PHYSIOLOGICAL_PROCESS	tear film function	false	medical_kg_gold				target	1		false
t::d001::ENT_F49FFF7BD3738EDA4B56	ENT_F49FFF7BD3738EDA4B56	target_d001	LAB_MEASUREMENT	serum 25(OH) VD level	false	medical_kg_gold				target	1		false
t::d001::ENT_F4BDCE202C807100ACBB	ENT_F4BDCE202C807100ACBB	target_d001	DIET	Diet regimens	false	medical_kg_gold				target	1		false
t::d001::ENT_F4C18B0646ECE2E53A34	ENT_F4C18B0646ECE2E53A34	target_d001	PHENOTYPE	LA	false	medical_kg_gold				target	1		false
t::d001::ENT_F4C4CE73FDF5029789E5	ENT_F4C4CE73FDF5029789E5	target_d001	RISK_FACTOR	low socioeconomic position (SEP)	false	medical_kg_gold				target	1		false
t::d001::ENT_F4D85AFBECA63E35F7A5	ENT_F4D85AFBECA63E35F7A5	target_d001	DIET	protein intake	false	medical_kg_gold				target	1		false
t::d001::ENT_F4E95A6C9CE875F1FE2A	ENT_F4E95A6C9CE875F1FE2A	target_d001	OTHER	skin	false	medical_kg_gold				target	1		false
t::d001::ENT_F4ED2730EAC830C352B1	ENT_F4ED2730EAC830C352B1	target_d001	LAB_MEASUREMENT	AUCⅠ	false	medical_kg_gold				target	1		false
t::d001::ENT_F4F5DE78CA1B45414112	ENT_F4F5DE78CA1B45414112	target_d001	PHENOTYPE	liver abnormalities	false	medical_kg_gold				target	1		false
t::d001::ENT_F4FD41BDBBC0FD59582E	ENT_F4FD41BDBBC0FD59582E	target_d001	CLINICAL_OUTCOME	therapeutic efficacy	false	medical_kg_gold				target	1		false
t::d001::ENT_F5150665214E9EF3E898	ENT_F5150665214E9EF3E898	target_d001	METABOLITE	Zn	false	medical_kg_gold				target	1		false
t::d001::ENT_F51CEBB5C33580002F22	ENT_F51CEBB5C33580002F22	target_d001	DISEASE	rupture of mitral chordae tendineae	false	medical_kg_gold				target	1		false
t::d001::ENT_F539101B3F099D9A2560	ENT_F539101B3F099D9A2560	target_d001	RISK_FACTOR	cardiovascular disease history	false	medical_kg_gold				target	1		false
t::d001::ENT_F53A71F5AC2AFFF0AC17	ENT_F53A71F5AC2AFFF0AC17	target_d001	LAB_MEASUREMENT	2PPBS	false	medical_kg_gold				target	1		false
t::d001::ENT_F53BFBB43CC6D01EBAE3	ENT_F53BFBB43CC6D01EBAE3	target_d001	OTHER	GG	false	medical_kg_gold				target	1		false
t::d001::ENT_F53FF659E17557D81614	ENT_F53FF659E17557D81614	target_d001	METABOLITE	serum total bilirubin	false	medical_kg_gold				target	1		false
t::d001::ENT_F543452E9CC842994247	ENT_F543452E9CC842994247	target_d001	OTHER	T-allele of SNP276	false	medical_kg_gold				target	1		false
t::d001::ENT_F55B60BED79835F209FD	ENT_F55B60BED79835F209FD	target_d001	OTHER	musculoskeletal system	false	medical_kg_gold				target	1		false
t::d001::ENT_F55E60F7180E7A0EC197	ENT_F55E60F7180E7A0EC197	target_d001	DISEASE	obstructive sleep apnea-hypopnea syndrome	false	medical_kg_gold				target	1		false
t::d001::ENT_F5751B2C9C40A6ACCB30	ENT_F5751B2C9C40A6ACCB30	target_d001	DRUG	Invokamet XR	false	medical_kg_gold				target	1		false
t::d001::ENT_F5762ECA3C88EFAF8426	ENT_F5762ECA3C88EFAF8426	target_d001	PROTEIN	E-selectin	false	medical_kg_gold				target	1		false
t::d001::ENT_F586E1AA3EE41A7171EF	ENT_F586E1AA3EE41A7171EF	target_d001	PATHWAY	MCP-1-ERK-KIF17/NR2B signaling pathway	false	medical_kg_gold				target	1		false
t::d001::ENT_F58FCD3FCB44C382489A	ENT_F58FCD3FCB44C382489A	target_d001	PROTEIN	HbA1c, hsCRP, UMA and β2-MG	false	medical_kg_gold				target	1		false
t::d001::ENT_F5960AC5DFE447D4AFBF	ENT_F5960AC5DFE447D4AFBF	target_d001	CLINICAL_OUTCOME	cardiovascular disease mortality	false	medical_kg_gold				target	1		false
t::d001::ENT_F59D8871A01994302BE4	ENT_F59D8871A01994302BE4	target_d001	DRUG	Lingzhijiangtang capsule	false	medical_kg_gold				target	1		false
t::d001::ENT_F5AE596138EF3528A663	ENT_F5AE596138EF3528A663	target_d001	PHENOTYPE	menopause age	false	medical_kg_gold				target	1		false
t::d001::ENT_F5AFC758F3F760AFAE8B	ENT_F5AFC758F3F760AFAE8B	target_d001	TREATMENT	This therapy	false	medical_kg_gold				target	1		false
t::d001::ENT_F5B309380E7F228C3871	ENT_F5B309380E7F228C3871	target_d001	OTHER	LPL gene polymorphism by Hind III	false	medical_kg_gold				target	1		false
t::d001::ENT_F5B5585D083758AEE809	ENT_F5B5585D083758AEE809	target_d001	OTHER	polymorphism of Pro12Ala of PPARγ2	false	medical_kg_gold				target	1		false
t::d001::ENT_F5CA682C410368962D9F	ENT_F5CA682C410368962D9F	target_d001	PROTEIN	IFN-γ	false	medical_kg_gold				target	1		false
t::d001::ENT_F5D01C1C1BC7BD69241F	ENT_F5D01C1C1BC7BD69241F	target_d001	GENE	mitochondrial tRNALeu(UUR)gene at position 3243A/G mutation	false	medical_kg_gold				target	1		false
t::d001::ENT_F5E8E27ADE6A2948BAA4	ENT_F5E8E27ADE6A2948BAA4	target_d001	LAB_MEASUREMENT	LAVImax	false	medical_kg_gold				target	1		false
t::d001::ENT_F5F653CA2A671902EC7A	ENT_F5F653CA2A671902EC7A	target_d001	LAB_MEASUREMENT	brachial artery pulse wave velocity	false	medical_kg_gold				target	1		false
t::d001::ENT_F60675450F880B543B62	ENT_F60675450F880B543B62	target_d001	METABOLITE	serum uric acid	false	medical_kg_gold				target	1		false
t::d001::ENT_F6125E738808360B1311	ENT_F6125E738808360B1311	target_d001	PHENOTYPE	cognitive domains	false	medical_kg_gold				target	1		false
t::d001::ENT_F6127E331AFDDA7F45CB	ENT_F6127E331AFDDA7F45CB	target_d001	DISEASE	lipidogram disorders	false	medical_kg_gold				target	1		false
t::d001::ENT_F617D9D1ED600080D1BC	ENT_F617D9D1ED600080D1BC	target_d001	BIOMARKER	Z value	false	medical_kg_gold				target	1		false
t::d001::ENT_F61868E83DDC1EBF2F18	ENT_F61868E83DDC1EBF2F18	target_d001	CLINICAL_OUTCOME	CVD event	false	medical_kg_gold				target	1		false
t::d001::ENT_F61B700C454930AEF5C8	ENT_F61B700C454930AEF5C8	target_d001	OTHER	impaired β-cell regeneration and reduced β-cell mass	false	medical_kg_gold				target	1		false
t::d001::ENT_F61F52E4F30ABD523E70	ENT_F61F52E4F30ABD523E70	target_d001	OTHER	Thr394Thr polymorphism of PGC-1 gene	false	medical_kg_gold				target	1		false
t::d001::ENT_F627DF5F40AFFA271BA3	ENT_F627DF5F40AFFA271BA3	target_d001	PHENOTYPE	degeneration of aortic endothelium	false	medical_kg_gold				target	1		false
t::d001::ENT_F62822027707860C67F0	ENT_F62822027707860C67F0	target_d001	PHENOTYPE	meso-endomorphy	false	medical_kg_gold				target	1		false
t::d001::ENT_F63CA762B1D2C61C8DF1	ENT_F63CA762B1D2C61C8DF1	target_d001	RISK_FACTOR	age after 46 years	false	medical_kg_gold				target	1		false
t::d001::ENT_F6452EE1266DD4CFB856	ENT_F6452EE1266DD4CFB856	target_d001	PROTEIN	TNF-α level	false	medical_kg_gold				target	1		false
t::d001::ENT_F652274FFA9B01E6976F	ENT_F652274FFA9B01E6976F	target_d001	OTHER	WHO criteria	false	medical_kg_gold				target	1		false
t::d001::ENT_F65608E00F2A5A911265	ENT_F65608E00F2A5A911265	target_d001	LAB_MEASUREMENT	sys-tolic blood pressure	false	medical_kg_gold				target	1		false
t::d001::ENT_F657DBDC3B19C1B4D426	ENT_F657DBDC3B19C1B4D426	target_d001	DISEASE	DPN	false	medical_kg_gold				target	1		false
t::d001::ENT_F678E606F14C812AF134	ENT_F678E606F14C812AF134	target_d001	RISK_FACTOR	parity ≥3	false	medical_kg_gold				target	1		false
t::d001::ENT_F6AAC16CC08D2034EB18	ENT_F6AAC16CC08D2034EB18	target_d001	BIOMARKER	β-CTX	false	medical_kg_gold				target	1		false
t::d001::ENT_F6B3899D8396D7BECC74	ENT_F6B3899D8396D7BECC74	target_d001	DRUG	additional funds return to the counter soup	false	medical_kg_gold				target	1		false
t::d001::ENT_F6B45AF1A02E24DED59C	ENT_F6B45AF1A02E24DED59C	target_d001	OTHER	intestinal microbiota	false	medical_kg_gold				target	1		false
t::d001::ENT_F6B989DB8AD5E84F42CD	ENT_F6B989DB8AD5E84F42CD	target_d001	TREATMENT	combination pharmacologic therapy	false	medical_kg_gold				target	1		false
t::d001::ENT_F6C6B64C6CB93090D16F	ENT_F6C6B64C6CB93090D16F	target_d001	TREATMENT	incretin therapy	false	medical_kg_gold				target	1		false
t::d001::ENT_F6C73CF3CEF5866CD7EC	ENT_F6C73CF3CEF5866CD7EC	target_d001	OTHER	GG genotype	false	medical_kg_gold				target	1		false
t::d001::ENT_F6D0BE6225CC09551976	ENT_F6D0BE6225CC09551976	target_d001	TREATMENT	lifestyle counselling	false	medical_kg_gold				target	1		false
t::d001::ENT_F6DCB76EB7129D48F756	ENT_F6DCB76EB7129D48F756	target_d001	GENE	Gly1057Asp polymorphism in insulin receptor substrate-2	false	medical_kg_gold				target	1		false
t::d001::ENT_F6F39B27363C0B3ECF1B	ENT_F6F39B27363C0B3ECF1B	target_d001	PROCEDURE	estimation of liver enzymes	false	medical_kg_gold				target	1		false
t::d001::ENT_F705197B3148B9FF0BC1	ENT_F705197B3148B9FF0BC1	target_d001	BIOMARKER	serum AEAbs IgA	false	medical_kg_gold				target	1		false
t::d001::ENT_F712F691252A796346A3	ENT_F712F691252A796346A3	target_d001	GENE	A(-267)G and A658G polymorphism in the MMP3 gene	false	medical_kg_gold				target	1		false
t::d001::ENT_F71D68FE819F6A7E71B3	ENT_F71D68FE819F6A7E71B3	target_d001	OTHER	A allele of NeuroD1(Ala45Thr) locus	false	medical_kg_gold				target	1		false
t::d001::ENT_F7241CBD0763582F9A70	ENT_F7241CBD0763582F9A70	target_d001	TREATMENT	Glipizide XL in combination with Acarbose	false	medical_kg_gold				target	1		false
t::d001::ENT_F72A59C89A52DD0CDF3B	ENT_F72A59C89A52DD0CDF3B	target_d001	PHYSIOLOGICAL_PROCESS	ventricular-arterial coupling	false	medical_kg_gold				target	1		false
t::d001::ENT_F747F6F7620704D91EB2	ENT_F747F6F7620704D91EB2	target_d001	PHYSIOLOGICAL_PROCESS	insulin secretion	false	medical_kg_gold				target	1		false
t::d001::ENT_F74DC0AA6F00C06BB15A	ENT_F74DC0AA6F00C06BB15A	target_d001	EXERCISE	little physical exercise	false	medical_kg_gold				target	1		false
t::d001::ENT_F750A256678A4B42C791	ENT_F750A256678A4B42C791	target_d001	OTHER	course of diabetes mellitus	false	medical_kg_gold				target	1		false
t::d001::ENT_F7573E15746678887A48	ENT_F7573E15746678887A48	target_d001	DRUG	Acarbose combined with rosiglitazone	false	medical_kg_gold				target	1		false
t::d001::ENT_F7634D6BDFB4006AE1A9	ENT_F7634D6BDFB4006AE1A9	target_d001	OTHER	H3K9Me2	false	medical_kg_gold				target	1		false
t::d001::ENT_F7668930783A2B59F93B	ENT_F7668930783A2B59F93B	target_d001	DRUG	Acipimox	false	medical_kg_gold				target	1		false
t::d001::ENT_F777F37B23C3AF8CD3B0	ENT_F777F37B23C3AF8CD3B0	target_d001	LAB_MEASUREMENT	PDW	false	medical_kg_gold				target	1		false
t::d001::ENT_F77DA45096D7340E42C2	ENT_F77DA45096D7340E42C2	target_d001	BIOLOGICAL_PROCESS	Bile acid metabolism	false	medical_kg_gold				target	1		false
t::d001::ENT_F781D3BF82AD640A59B0	ENT_F781D3BF82AD640A59B0	target_d001	METABOLITE	SFA	false	medical_kg_gold				target	1		false
t::d001::ENT_F7864EFD8A43C451A4BA	ENT_F7864EFD8A43C451A4BA	target_d001	PHENOTYPE	vein wall fibrosis in DVT	false	medical_kg_gold				target	1		false
t::d001::ENT_F78E676D3DD293BC3C8E	ENT_F78E676D3DD293BC3C8E	target_d001	DRUG	inhibitors of sodium-glucose co-transporter SGLT2	false	medical_kg_gold				target	1		false
t::d001::ENT_F7A73DB2DFE5644494AA	ENT_F7A73DB2DFE5644494AA	target_d001	BIOLOGICAL_PROCESS	β-cell apoptosis	false	medical_kg_gold				target	1		false
t::d001::ENT_F7B4DDB16F5E6C46571A	ENT_F7B4DDB16F5E6C46571A	target_d001	PHENOTYPE	compromised function of all nephron compartments	false	medical_kg_gold				target	1		false
t::d001::ENT_F7C4D086B6DA75F3415D	ENT_F7C4D086B6DA75F3415D	target_d001	BIOMARKER	pancreatic fat content	false	medical_kg_gold				target	1		false
t::d001::ENT_F7C794B62D5FC4F87F4A	ENT_F7C794B62D5FC4F87F4A	target_d001	OTHER	higher extreme group of life events	false	medical_kg_gold				target	1		false
t::d001::ENT_F7C805983B939AB2D18D	ENT_F7C805983B939AB2D18D	target_d001	DISEASE	gestational diabetes mellitus	false	medical_kg_gold				target	1		false
t::d001::ENT_F7CA25BD8746DB25BBA7	ENT_F7CA25BD8746DB25BBA7	target_d001	PHENOTYPE	sensory changes	false	medical_kg_gold				target	1		false
t::d001::ENT_F7CB806EA564A9526218	ENT_F7CB806EA564A9526218	target_d001	LAB_MEASUREMENT	S G	false	medical_kg_gold				target	1		false
t::d001::ENT_F7D01B7E729FB4D29047	ENT_F7D01B7E729FB4D29047	target_d001	DISEASE	macrovascular complications	false	medical_kg_gold				target	1		false
t::d001::ENT_F7DB7045F50380FAE80C	ENT_F7DB7045F50380FAE80C	target_d001	PROTEIN	RBC C3bR	false	medical_kg_gold				target	1		false
t::d001::ENT_F7DCEE910F03BAC30FE0	ENT_F7DCEE910F03BAC30FE0	target_d001	BIOMARKER	CRP	false	medical_kg_gold				target	1		false
t::d001::ENT_F7E2CCB9072BE8950DA9	ENT_F7E2CCB9072BE8950DA9	target_d001	TREATMENT	combined ‘en bloc’ liver and pancreas transplantation	false	medical_kg_gold				target	1		false
t::d001::ENT_F7EADC4F6516BAB1F830	ENT_F7EADC4F6516BAB1F830	target_d001	BIOMARKER	non-HDL cholesterol	false	medical_kg_gold				target	1		false
t::d001::ENT_F7FC685E7CE4E02F198D	ENT_F7FC685E7CE4E02F198D	target_d001	CLINICAL_OUTCOME	age of cataract occurrence	false	medical_kg_gold				target	1		false
t::d001::ENT_F7FD449C671A41027E46	ENT_F7FD449C671A41027E46	target_d001	TREATMENT	Qingre-Jiangzhuo prescription	false	medical_kg_gold				target	1		false
t::d001::ENT_F808E7F13CFD6CA400A3	ENT_F808E7F13CFD6CA400A3	target_d001	OTHER	H+H+ genotype	false	medical_kg_gold				target	1		false
t::d001::ENT_F81CD5EF621407ACB774	ENT_F81CD5EF621407ACB774	target_d001	GENE	miR-223	false	medical_kg_gold				target	1		false
t::d001::ENT_F81DAA70A5BD97A06662	ENT_F81DAA70A5BD97A06662	target_d001	LAB_MEASUREMENT	adiponectin/leptin ratio	false	medical_kg_gold				target	1		false
t::d001::ENT_F81EA646481BB83215A8	ENT_F81EA646481BB83215A8	target_d001	COMPOUND	alpha-amylase inhibitor	false	medical_kg_gold				target	1		false
t::d001::ENT_F835B5E76229B800A274	ENT_F835B5E76229B800A274	target_d001	GENE	KCNJ11	false	medical_kg_gold				target	1		false
t::d001::ENT_F836203D9F84649EAD34	ENT_F836203D9F84649EAD34	target_d001	BIOMARKER	Nuchal translucency	false	medical_kg_gold				target	1		false
t::d001::ENT_F83EF6D04E88DE48ACE5	ENT_F83EF6D04E88DE48ACE5	target_d001	PHENOTYPE	vessel stenosis	false	medical_kg_gold				target	1		false
t::d001::ENT_F84ADCA81A8EA4227A3B	ENT_F84ADCA81A8EA4227A3B	target_d001	DISEASE	Morbid obesity	false	medical_kg_gold				target	1		false
t::d001::ENT_F84BCF467CA644ADC3AD	ENT_F84BCF467CA644ADC3AD	target_d001	PHENOTYPE	blood glucose increase	false	medical_kg_gold				target	1		false
t::d001::ENT_F850B1FF7AD970652E3B	ENT_F850B1FF7AD970652E3B	target_d001	DISEASE	disease	false	medical_kg_gold				target	1		false
t::d001::ENT_F85679AC42AB134AA485	ENT_F85679AC42AB134AA485	target_d001	BIOMARKER	these indexes	false	medical_kg_gold				target	1		false
t::d001::ENT_F85A38FEBA7C8987CCA7	ENT_F85A38FEBA7C8987CCA7	target_d001	CLINICAL_OUTCOME	number of missing teeth	false	medical_kg_gold				target	1		false
t::d001::ENT_F85FE8315DDE3F99819A	ENT_F85FE8315DDE3F99819A	target_d001	BIOMARKER	IC	false	medical_kg_gold				target	1		false
t::d001::ENT_F8802DDE7334B80B1A95	ENT_F8802DDE7334B80B1A95	target_d001	PROTEIN	SUMO1	false	medical_kg_gold				target	1		false
t::d001::ENT_F89D0F8198EDE98B5B27	ENT_F89D0F8198EDE98B5B27	target_d001	OTHER	waistline/hip-girth	false	medical_kg_gold				target	1		false
t::d001::ENT_F8A5EA7E4DFC4630F976	ENT_F8A5EA7E4DFC4630F976	target_d001	TREATMENT	nourishing Yin and clearing heat	false	medical_kg_gold				target	1		false
t::d001::ENT_F8AE0A010E5307A322EA	ENT_F8AE0A010E5307A322EA	target_d001	PHENOTYPE	vocal changes	false	medical_kg_gold				target	1		false
t::d001::ENT_F8B934B3DE30DB8058A9	ENT_F8B934B3DE30DB8058A9	target_d001	PROTEIN	FoxO1 and FoxO3a	false	medical_kg_gold				target	1		false
t::d001::ENT_F8C0485B1D924C04836A	ENT_F8C0485B1D924C04836A	target_d001	GENE	CT and TT genotype	false	medical_kg_gold				target	1		false
t::d001::ENT_F8DB0170AC9C0552CC5B	ENT_F8DB0170AC9C0552CC5B	target_d001	PHENOTYPE	HDL-C derangement	false	medical_kg_gold				target	1		false
t::d001::ENT_F8E1FA28A0F6C0AC37B8	ENT_F8E1FA28A0F6C0AC37B8	target_d001	OTHER	CT+TT	false	medical_kg_gold				target	1		false
t::d001::ENT_F8E70CE3CC1306EC6E1B	ENT_F8E70CE3CC1306EC6E1B	target_d001	PHENOTYPE	abnormally high levels of glucose in the blood	false	medical_kg_gold				target	1		false
t::d001::ENT_F8EF30046C20F7ED29D2	ENT_F8EF30046C20F7ED29D2	target_d001	INTERVENTION	Prevention/treatment of overweight	false	medical_kg_gold				target	1		false
t::d001::ENT_F902CD21A780DA469BED	ENT_F902CD21A780DA469BED	target_d001	BIOMARKER	TSH and FT3	false	medical_kg_gold				target	1		false
t::d001::ENT_F908EDD630D064502413	ENT_F908EDD630D064502413	target_d001	PHYSIOLOGICAL_PROCESS	islet β-cell dysfunction	false	medical_kg_gold				target	1		false
t::d001::ENT_F914D5896CE0304F2526	ENT_F914D5896CE0304F2526	target_d001	DRUG	Tianqi Jiangtang capsule	false	medical_kg_gold				target	1		false
t::d001::ENT_F9202E8183F1ECB5D238	ENT_F9202E8183F1ECB5D238	target_d001	PHYSIOLOGICAL_PROCESS	insufficient compensatory insulin secretion	false	medical_kg_gold				target	1		false
t::d001::ENT_F92B34B181A34DC190FA	ENT_F92B34B181A34DC190FA	target_d001	OTHER	language	false	medical_kg_gold				target	1		false
t::d001::ENT_F92E757C684C40497BAB	ENT_F92E757C684C40497BAB	target_d001	LAB_MEASUREMENT	high-density lipoprotein cholesterol(HDL-C)	false	medical_kg_gold				target	1		false
t::d001::ENT_F932D4498029DAB6D28D	ENT_F932D4498029DAB6D28D	target_d001	TREATMENT	psychological assistance	false	medical_kg_gold				target	1		false
t::d001::ENT_F9363A54EE637E804D01	ENT_F9363A54EE637E804D01	target_d001	PATHWAY	oxidative stress	false	medical_kg_gold				target	1		false
t::d001::ENT_F9387B6FCE134BC2DD3E	ENT_F9387B6FCE134BC2DD3E	target_d001	PROTEIN	CD34	false	medical_kg_gold				target	1		false
t::d001::ENT_F939B4E930C42009F8FC	ENT_F939B4E930C42009F8FC	target_d001	METABOLITE	LDL cholesterol	false	medical_kg_gold				target	1		false
t::d001::ENT_F94337BE6CECF7D41E91	ENT_F94337BE6CECF7D41E91	target_d001	NUTRIENT	phosphorus	false	medical_kg_gold				target	1		false
t::d001::ENT_F9518EC8E1322FC962E4	ENT_F9518EC8E1322FC962E4	target_d001	COMPOUND	HDL-C	false	medical_kg_gold				target	1		false
t::d001::ENT_F95C4A74CA233E59513E	ENT_F95C4A74CA233E59513E	target_d001	PROTEIN	TNFα	false	medical_kg_gold				target	1		false
t::d001::ENT_F963ACF88E5FA2F533FD	ENT_F963ACF88E5FA2F533FD	target_d001	TREATMENT	Insulin Glargine Combined With Acarbose	false	medical_kg_gold				target	1		false
t::d001::ENT_F96A621A93B2ECAA7CFE	ENT_F96A621A93B2ECAA7CFE	target_d001	BIOLOGICAL_PROCESS	inappropriate insulin secretion	false	medical_kg_gold				target	1		false
t::d001::ENT_F9749449B81F06D20D48	ENT_F9749449B81F06D20D48	target_d001	LIFESTYLE_FACTOR	light-to-moderate alcohol consumption	false	medical_kg_gold				target	1		false
t::d001::ENT_F97508ED46D1AB2ED32E	ENT_F97508ED46D1AB2ED32E	target_d001	SYMPTOM	polyphagia	false	medical_kg_gold				target	1		false
t::d001::ENT_F97997DB28317271F0E8	ENT_F97997DB28317271F0E8	target_d001	LAB_MEASUREMENT	Past maximum BMI	false	medical_kg_gold				target	1		false
t::d001::ENT_F98F58F1639D04A577BE	ENT_F98F58F1639D04A577BE	target_d001	DISEASE	cardiomyopathy	false	medical_kg_gold				target	1		false
t::d001::ENT_F995EBF8CAD5818406E0	ENT_F995EBF8CAD5818406E0	target_d001	LAB_MEASUREMENT	TAOC	false	medical_kg_gold				target	1		false
t::d001::ENT_F99F36DBED0BDB8C2E53	ENT_F99F36DBED0BDB8C2E53	target_d001	RISK_FACTOR	excess body weight	false	medical_kg_gold				target	1		false
t::d001::ENT_F9A881B07D4E998D46F9	ENT_F9A881B07D4E998D46F9	target_d001	PHENOTYPE	multiplen Koronarstenosen	false	medical_kg_gold				target	1		false
t::d001::ENT_F9C100C56FF498AE165A	ENT_F9C100C56FF498AE165A	target_d001	BIOMARKER	thickness at the parafovea	false	medical_kg_gold				target	1		false
t::d001::ENT_F9C3E4C6D3F44E587644	ENT_F9C3E4C6D3F44E587644	target_d001	GENE	genotype CT	false	medical_kg_gold				target	1		false
t::d001::ENT_F9D524F2DBBBE2EBD148	ENT_F9D524F2DBBBE2EBD148	target_d001	COMPOUND	VitB_(12)	false	medical_kg_gold				target	1		false
t::d001::ENT_F9DE72C9421711CFEDF7	ENT_F9DE72C9421711CFEDF7	target_d001	RISK_FACTOR	hypertension history	false	medical_kg_gold				target	1		false
t::d001::ENT_F9E147A84884C160C815	ENT_F9E147A84884C160C815	target_d001	BIOMARKER	deficit in ß-cell mass	false	medical_kg_gold				target	1		false
t::d001::ENT_F9F147D9301194B881D7	ENT_F9F147D9301194B881D7	target_d001	BIOMARKER	Uα1-MG	false	medical_kg_gold				target	1		false
t::d001::ENT_FA1AC282943EAB445D4C	ENT_FA1AC282943EAB445D4C	target_d001	INTERVENTION	Lifestyle modification	false	medical_kg_gold				target	1		false
t::d001::ENT_FA284D021ECE67DF2CC4	ENT_FA284D021ECE67DF2CC4	target_d001	CLINICAL_OUTCOME	irreparable complications	false	medical_kg_gold				target	1		false
t::d001::ENT_FA38A5B829DAF904B4E8	ENT_FA38A5B829DAF904B4E8	target_d001	PROTEIN	serum PAPP-A	false	medical_kg_gold				target	1		false
t::d001::ENT_FA48AA665D71926BB104	ENT_FA48AA665D71926BB104	target_d001	PHYSIOLOGICAL_PROCESS	rate of insulin degradation in erythrocytes	false	medical_kg_gold				target	1		false
t::d001::ENT_FA4EBB27354966F6949C	ENT_FA4EBB27354966F6949C	target_d001	LAB_MEASUREMENT	glycosylated hemoglobin	false	medical_kg_gold				target	1		false
t::d001::ENT_FA5F8E1C3D23FF1A6BA2	ENT_FA5F8E1C3D23FF1A6BA2	target_d001	BIOMARKER	Tri glyceride (TG)	false	medical_kg_gold				target	1		false
t::d001::ENT_FA638D45D3CE56021E12	ENT_FA638D45D3CE56021E12	target_d001	DRUG	Fructus Mume formula and its separated prescription extracts	false	medical_kg_gold				target	1		false
t::d001::ENT_FA71B00FB853D6025285	ENT_FA71B00FB853D6025285	target_d001	PHENOTYPE	diffuse and severe lesions	false	medical_kg_gold				target	1		false
t::d001::ENT_FA73DFF05A684F6DC86E	ENT_FA73DFF05A684F6DC86E	target_d001	METABOLITE	serum ADMA concentration	false	medical_kg_gold				target	1		false
t::d001::ENT_FA7B442B63BBECA1A922	ENT_FA7B442B63BBECA1A922	target_d001	DRUG	STZ	false	medical_kg_gold				target	1		false
t::d001::ENT_FA7EB96417CE13AF71E5	ENT_FA7EB96417CE13AF71E5	target_d001	DRUG	repaglinide	false	medical_kg_gold				target	1		false
t::d001::ENT_FA7F88B2C25ACB448E44	ENT_FA7F88B2C25ACB448E44	target_d001	LAB_MEASUREMENT	PPBS	false	medical_kg_gold				target	1		false
t::d001::ENT_FA9632DCD07F68967872	ENT_FA9632DCD07F68967872	target_d001	POPULATION	Women	false	medical_kg_gold				target	1		false
t::d001::ENT_FACCA84E86303332100C	ENT_FACCA84E86303332100C	target_d001	DISEASE	GERD	false	medical_kg_gold				target	1		false
t::d001::ENT_FADC7CD5794DB71958FC	ENT_FADC7CD5794DB71958FC	target_d001	PROTEIN	NF-κВ	false	medical_kg_gold				target	1		false
t::d001::ENT_FADE9DB84BC0E4C7E5B1	ENT_FADE9DB84BC0E4C7E5B1	target_d001	DRUG	huang-lian-jie-du-decoction	false	medical_kg_gold				target	1		false
t::d001::ENT_FB020E2C269F8D572F70	ENT_FB020E2C269F8D572F70	target_d001	PROTEIN	hepatitis B surface antigen	false	medical_kg_gold				target	1		false
t::d001::ENT_FB0406A8CA91955DE230	ENT_FB0406A8CA91955DE230	target_d001	DISEASE	hypo-high-density lipoprotein (HDL) cholesterolaemia	false	medical_kg_gold				target	1		false
t::d001::ENT_FB1CAAE21595F3369580	ENT_FB1CAAE21595F3369580	target_d001	BIOMARKER	serum CEA level	false	medical_kg_gold				target	1		false
t::d001::ENT_FB210A40657F2B6BE098	ENT_FB210A40657F2B6BE098	target_d001	DISEASE	erectile dysfunction	false	medical_kg_gold				target	1		false
t::d001::ENT_FB2A04A8DE71E526D871	ENT_FB2A04A8DE71E526D871	target_d001	PHENOTYPE	psychological symptoms	false	medical_kg_gold				target	1		false
t::d001::ENT_FB33B0D86458802471BA	ENT_FB33B0D86458802471BA	target_d001	DRUG	rosiglitazone maleate	false	medical_kg_gold				target	1		false
t::d001::ENT_FB4B0B06D302E8D4E3D7	ENT_FB4B0B06D302E8D4E3D7	target_d001	PROTEIN	D-D dimmersin	false	medical_kg_gold				target	1		false
t::d001::ENT_FB9498CC3E5019AC09BC	ENT_FB9498CC3E5019AC09BC	target_d001	PHENOTYPE	deposition of islet amyloid polypeptide (IAPP, also known as amylin)	false	medical_kg_gold				target	1		false
t::d001::ENT_FB94CFE925A178D85163	ENT_FB94CFE925A178D85163	target_d001	COMPOUND	Artificial sweeteners	false	medical_kg_gold				target	1		false
t::d001::ENT_FB9FBAC2E96E972966E3	ENT_FB9FBAC2E96E972966E3	target_d001	PROTEIN	FoxO3a expression	false	medical_kg_gold				target	1		false
t::d001::ENT_FBA0DB7E99367B908B48	ENT_FBA0DB7E99367B908B48	target_d001	OTHER	Age	false	medical_kg_gold				target	1		false
t::d001::ENT_FBA787D62AF303E19EFE	ENT_FBA787D62AF303E19EFE	target_d001	PHENOTYPE	blood stasis syndrome	false	medical_kg_gold				target	1		false
t::d001::ENT_FBB2AAC42DCB2EBABFCF	ENT_FBB2AAC42DCB2EBABFCF	target_d001	DISEASE	two and multiple coronary arteries atherosclerosis	false	medical_kg_gold				target	1		false
t::d001::ENT_FBC2F2B61ED712AA54FE	ENT_FBC2F2B61ED712AA54FE	target_d001	BEHAVIOR	coping mechanism	false	medical_kg_gold				target	1		false
t::d001::ENT_FBE48B188883F79D7764	ENT_FBE48B188883F79D7764	target_d001	FOOD	Natural Sweeteners	false	medical_kg_gold				target	1		false
t::d001::ENT_FBEB796F90D71024E825	ENT_FBEB796F90D71024E825	target_d001	TREATMENT	integration of Chinese and western medicine protocol	false	medical_kg_gold				target	1		false
t::d001::ENT_FBEDDAEE96BE812A0563	ENT_FBEDDAEE96BE812A0563	target_d001	PHENOTYPE	renal pathological lesion	false	medical_kg_gold				target	1		false
t::d001::ENT_FBFB6E3C86C9AAA4AB5D	ENT_FBFB6E3C86C9AAA4AB5D	target_d001	PHENOTYPE	Peripheral INS resistance	false	medical_kg_gold				target	1		false
t::d001::ENT_FBFFBAB2DECE0DE64B85	ENT_FBFFBAB2DECE0DE64B85	target_d001	PROTEIN	TRX-1	false	medical_kg_gold				target	1		false
t::d001::ENT_FC046F82651CDB0339B8	ENT_FC046F82651CDB0339B8	target_d001	DRUG	glimepiride and metformin combination	false	medical_kg_gold				target	1		false
t::d001::ENT_FC172B7E3618CBA9DC7D	ENT_FC172B7E3618CBA9DC7D	target_d001	PHENOTYPE	abnormal hemorheology status	false	medical_kg_gold				target	1		false
t::d001::ENT_FC2B086E17F930653A4B	ENT_FC2B086E17F930653A4B	target_d001	GENE	frequency of MTHFR C677T gene	false	medical_kg_gold				target	1		false
t::d001::ENT_FC3F9CD66C40CB8BE81D	ENT_FC3F9CD66C40CB8BE81D	target_d001	COMPOUND	betulinic acid chalcone	false	medical_kg_gold				target	1		false
t::d001::ENT_FC466E1D21446E846CB5	ENT_FC466E1D21446E846CB5	target_d001	OTHER	ESR1 Pvu II polymorphism	false	medical_kg_gold				target	1		false
t::d001::ENT_FC57120D9D8E4D21CB73	ENT_FC57120D9D8E4D21CB73	target_d001	PHYSIOLOGICAL_PROCESS	function of EPC	false	medical_kg_gold				target	1		false
t::d001::ENT_FC593C1A3BCC819E0D53	ENT_FC593C1A3BCC819E0D53	target_d001	POPULATION	India	false	medical_kg_gold				target	1		false
t::d001::ENT_FC649C419E7BBD668955	ENT_FC649C419E7BBD668955	target_d001	PROCEDURE	rerouting the food through the digestive tract	false	medical_kg_gold				target	1		false
t::d001::ENT_FC701C2DDEEC11BBDBC8	ENT_FC701C2DDEEC11BBDBC8	target_d001	DISEASE	undiagnosed BTT	false	medical_kg_gold				target	1		false
t::d001::ENT_FC781B5BD7D74FD4C809	ENT_FC781B5BD7D74FD4C809	target_d001	DRUG	glucagon-like peptide 1 receptor agonists	false	medical_kg_gold				target	1		false
t::d001::ENT_FC7B693EF3FD38591B45	ENT_FC7B693EF3FD38591B45	target_d001	INTERVENTION	monitoring glucose level	false	medical_kg_gold				target	1		false
t::d001::ENT_FC8E71AF19294018C9F2	ENT_FC8E71AF19294018C9F2	target_d001	GENE	SLC25A18	false	medical_kg_gold				target	1		false
t::d001::ENT_FC8F89372937281C4E50	ENT_FC8F89372937281C4E50	target_d001	INTERVENTION	combined diet and physical activity promotion programs	false	medical_kg_gold				target	1		false
t::d001::ENT_FC9F6B61BCC5ED82BD52	ENT_FC9F6B61BCC5ED82BD52	target_d001	PROTEIN	osteocalcin	false	medical_kg_gold				target	1		false
t::d001::ENT_FCA8EF883DD214734B3F	ENT_FCA8EF883DD214734B3F	target_d001	PHENOTYPE	phenotypeⅠ of PCOS	false	medical_kg_gold				target	1		false
t::d001::ENT_FCEFA8E2DD99C60DA1A7	ENT_FCEFA8E2DD99C60DA1A7	target_d001	GENE	RhoA	false	medical_kg_gold				target	1		false
t::d001::ENT_FCF1D092D6B5511F4D39	ENT_FCF1D092D6B5511F4D39	target_d001	LAB_MEASUREMENT	QT dispersion (QTcd)	false	medical_kg_gold				target	1		false
t::d001::ENT_FCF7D7256E2A2D43178D	ENT_FCF7D7256E2A2D43178D	target_d001	GENE	VEGF gene SNP rs3025039 polymorphism	false	medical_kg_gold				target	1		false
t::d001::ENT_FD0526544D36C8F0E09A	ENT_FD0526544D36C8F0E09A	target_d001	CLINICAL_OUTCOME	incidence of lumen plaque	false	medical_kg_gold				target	1		false
t::d001::ENT_FD1C98503B2BCC9036D5	ENT_FD1C98503B2BCC9036D5	target_d001	GENE	A45T variation	false	medical_kg_gold				target	1		false
t::d001::ENT_FD2E9575B7957FD57426	ENT_FD2E9575B7957FD57426	target_d001	RISK_FACTOR	educational status	false	medical_kg_gold				target	1		false
t::d001::ENT_FD492C9ACF4E6AFC748F	ENT_FD492C9ACF4E6AFC748F	target_d001	DISEASE	DFU	false	medical_kg_gold				target	1		false
t::d001::ENT_FD5D22507348FA03430E	ENT_FD5D22507348FA03430E	target_d001	BIOMARKER	plasma calcitonin gene-related peptide	false	medical_kg_gold				target	1		false
t::d001::ENT_FD6142C21A6E33E5F55F	ENT_FD6142C21A6E33E5F55F	target_d001	PROTEIN	KChIP2 protein	false	medical_kg_gold				target	1		false
t::d001::ENT_FD710E168A31F1A76BBC	ENT_FD710E168A31F1A76BBC	target_d001	OTHER	dysfunctional neuronal environment	false	medical_kg_gold				target	1		false
t::d001::ENT_FD7EB13BC287A9D5C932	ENT_FD7EB13BC287A9D5C932	target_d001	GENE	TPH gene	false	medical_kg_gold				target	1		false
t::d001::ENT_FD83AED2AFB6C74D9528	ENT_FD83AED2AFB6C74D9528	target_d001	COMPOUND	AA	false	medical_kg_gold				target	1		false
t::d001::ENT_FD873EA562D98C01EE65	ENT_FD873EA562D98C01EE65	target_d001	PHENOTYPE	increased oxidative stress	false	medical_kg_gold				target	1		false
t::d001::ENT_FD87BC21FA8C45919899	ENT_FD87BC21FA8C45919899	target_d001	RISK_FACTOR	3394 T→C mutation	false	medical_kg_gold				target	1		false
t::d001::ENT_FD92F435BF74F97B7636	ENT_FD92F435BF74F97B7636	target_d001	PROTEIN	Dipeptidylpeptidase-IV (DPP-IV)	false	medical_kg_gold				target	1		false
t::d001::ENT_FD957B3A967439F4DC12	ENT_FD957B3A967439F4DC12	target_d001	GENE	B1 allele	false	medical_kg_gold				target	1		false
t::d001::ENT_FDA23BB4534797F9F5BE	ENT_FDA23BB4534797F9F5BE	target_d001	DISEASE	CD	false	medical_kg_gold				target	1		false
t::d001::ENT_FDA81E6E2091372CAE10	ENT_FDA81E6E2091372CAE10	target_d001	LAB_MEASUREMENT	diffusion capacity	false	medical_kg_gold				target	1		false
t::d001::ENT_FDAA6C65081C96FB1911	ENT_FDAA6C65081C96FB1911	target_d001	BIOMARKER	vWF	false	medical_kg_gold				target	1		false
t::d001::ENT_FDAE904D8B7D016B916C	ENT_FDAE904D8B7D016B916C	target_d001	PROTEIN	MMP-2	false	medical_kg_gold				target	1		false
t::d001::ENT_FDBA6CA43CDA2618255C	ENT_FDBA6CA43CDA2618255C	target_d001	CLINICAL_OUTCOME	cardiac events	false	medical_kg_gold				target	1		false
t::d001::ENT_FDC2EB593DC1ECBBB41F	ENT_FDC2EB593DC1ECBBB41F	target_d001	PHYSIOLOGICAL_PROCESS	hypersecretion of insulin	false	medical_kg_gold				target	1		false
t::d001::ENT_FDE3EF524E492A52E983	ENT_FDE3EF524E492A52E983	target_d001	METABOLITE	NO expression	false	medical_kg_gold				target	1		false
t::d001::ENT_FDF042CF776C50006B53	ENT_FDF042CF776C50006B53	target_d001	PHYSIOLOGICAL_PROCESS	intrarenal vascular resistance	false	medical_kg_gold				target	1		false
t::d001::ENT_FDF1638B5C9B9B485D9A	ENT_FDF1638B5C9B9B485D9A	target_d001	DRUG	LFT	false	medical_kg_gold				target	1		false
t::d001::ENT_FDFF8D3A2179B925CFD9	ENT_FDFF8D3A2179B925CFD9	target_d001	PHYSIOLOGICAL_PROCESS	high coagulation and low fibrinolytic base	false	medical_kg_gold				target	1		false
t::d001::ENT_FDFFD53A9FE29436D1C6	ENT_FDFFD53A9FE29436D1C6	target_d001	BIOLOGICAL_PROCESS	glucose transporting condition	false	medical_kg_gold				target	1		false
t::d001::ENT_FE0FF0D7BA788AE1E7F9	ENT_FE0FF0D7BA788AE1E7F9	target_d001	GENE	L446 allele	false	medical_kg_gold				target	1		false
t::d001::ENT_FE2B1EAF41A17940EFE1	ENT_FE2B1EAF41A17940EFE1	target_d001	PHYSIOLOGICAL_PROCESS	hyperglycemia	false	medical_kg_gold				target	1		false
t::d001::ENT_FE2D17F58B191E0BC398	ENT_FE2D17F58B191E0BC398	target_d001	OTHER	G等位基因	false	medical_kg_gold				target	1		false
t::d001::ENT_FE72004615647114AC44	ENT_FE72004615647114AC44	target_d001	BIOMARKER	8-OHdG	false	medical_kg_gold				target	1		false
t::d001::ENT_FE77FD6F86F1F3DAC7CC	ENT_FE77FD6F86F1F3DAC7CC	target_d001	METABOLITE	vitamin D	false	medical_kg_gold				target	1		false
t::d001::ENT_FE78D33888E0BDC66F00	ENT_FE78D33888E0BDC66F00	target_d001	CLINICAL_OUTCOME	decreasing quality of life	false	medical_kg_gold				target	1		false
t::d001::ENT_FE78F7374494DB8F0CF5	ENT_FE78F7374494DB8F0CF5	target_d001	PROTEIN	p-ERK	false	medical_kg_gold				target	1		false
t::d001::ENT_FE8401B45D875A17BC87	ENT_FE8401B45D875A17BC87	target_d001	LAB_MEASUREMENT	peak systolic radial strain	false	medical_kg_gold				target	1		false
t::d001::ENT_FE97B16ADCDD24DC9E2E	ENT_FE97B16ADCDD24DC9E2E	target_d001	DRUG	Okchun-San	false	medical_kg_gold				target	1		false
t::d001::ENT_FEA444F0A27D29C06A62	ENT_FEA444F0A27D29C06A62	target_d001	LAB_MEASUREMENT	Mean platelet volume (MPV)	false	medical_kg_gold				target	1		false
t::d001::ENT_FEB0FE2C8C68F1DC816E	ENT_FEB0FE2C8C68F1DC816E	target_d001	BIOLOGICAL_PROCESS	disturbances in fatty acid metabolism	false	medical_kg_gold				target	1		false
t::d001::ENT_FEB440E7DEA2CE0B54F7	ENT_FEB440E7DEA2CE0B54F7	target_d001	PROTEIN	serum ferritin(SF) concentration	false	medical_kg_gold				target	1		false
t::d001::ENT_FEB4DEE7EEF403EE63E9	ENT_FEB4DEE7EEF403EE63E9	target_d001	DIET	fat intake	false	medical_kg_gold				target	1		false
t::d001::ENT_FEB6153E1CA6D08696EE	ENT_FEB6153E1CA6D08696EE	target_d001	DISEASE	microvascular complications	false	medical_kg_gold				target	1		false
t::d001::ENT_FECB8C98491BCCECBC58	ENT_FECB8C98491BCCECBC58	target_d001	LAB_MEASUREMENT	VO 2max	false	medical_kg_gold				target	1		false
t::d001::ENT_FED8193BCF06240B35D0	ENT_FED8193BCF06240B35D0	target_d001	METABOLITE	GCF-PGE2	false	medical_kg_gold				target	1		false
t::d001::ENT_FEE7DE4FA4A56E8D5E73	ENT_FEE7DE4FA4A56E8D5E73	target_d001	OTHER	GT genotype of rs12255372 site	false	medical_kg_gold				target	1		false
t::d001::ENT_FEEA3A04A1947E13C2FB	ENT_FEEA3A04A1947E13C2FB	target_d001	TREATMENT	biomagnetic therapy	false	medical_kg_gold				target	1		false
t::d001::ENT_FEEE091B5C81E5AF13E3	ENT_FEEE091B5C81E5AF13E3	target_d001	PROTEIN	usCRP	false	medical_kg_gold				target	1		false
t::d001::ENT_FEF3B458D8552F29AFC8	ENT_FEF3B458D8552F29AFC8	target_d001	PHENOTYPE	abnormalities in carbohydrate, lipid and lipoprotein metabolism	false	medical_kg_gold				target	1		false
t::d001::ENT_FEF7DAF44263B1EDA649	ENT_FEF7DAF44263B1EDA649	target_d001	OTHER	progression of the disease	false	medical_kg_gold				target	1		false
t::d001::ENT_FF020BCD288B6AF68FDE	ENT_FF020BCD288B6AF68FDE	target_d001	PHENOTYPE	neck circumference	false	medical_kg_gold				target	1		false
t::d001::ENT_FF05B48873163E7190CA	ENT_FF05B48873163E7190CA	target_d001	TREATMENT	insulin glargine, acarbose and benazepril	false	medical_kg_gold				target	1		false
t::d001::ENT_FF0D59400B677F5B97D6	ENT_FF0D59400B677F5B97D6	target_d001	PHYSIOLOGICAL_PROCESS	β cells dysfunction	false	medical_kg_gold				target	1		false
t::d001::ENT_FF19BCC5DC4EC87889B4	ENT_FF19BCC5DC4EC87889B4	target_d001	BIOMARKER	HbA1c	false	medical_kg_gold				target	1		false
t::d001::ENT_FF21B189F12AC13CF4AA	ENT_FF21B189F12AC13CF4AA	target_d001	LAB_MEASUREMENT	PBG	false	medical_kg_gold				target	1		false
t::d001::ENT_FF31676D80FE72C9F4BB	ENT_FF31676D80FE72C9F4BB	target_d001	BIOMARKER	12(S)-HETE	false	medical_kg_gold				target	1		false
t::d001::ENT_FF5B3F4323B571A87366	ENT_FF5B3F4323B571A87366	target_d001	OTHER	decreased transcription of SUR	false	medical_kg_gold				target	1		false
t::d001::ENT_FF6755EF1B17EBF22469	ENT_FF6755EF1B17EBF22469	target_d001	BIOMARKER	TBA-RP	false	medical_kg_gold				target	1		false
t::d001::ENT_FF6AE607EBEE964F8347	ENT_FF6AE607EBEE964F8347	target_d001	BIOMARKER	blood serum SCVAM-1 level	false	medical_kg_gold				target	1		false
t::d001::ENT_FF77F8B0B08F70658D56	ENT_FF77F8B0B08F70658D56	target_d001	OTHER	gH group 1	false	medical_kg_gold				target	1		false
t::d001::ENT_FF7AE24A1581922673A9	ENT_FF7AE24A1581922673A9	target_d001	PROTEIN	glucagon-like peptide 1 (GLP-1)	false	medical_kg_gold				target	1		false
t::d001::ENT_FF7CE5D78A59D2DB927E	ENT_FF7CE5D78A59D2DB927E	target_d001	GENE	adiponectin +45 T/G polymorphism	false	medical_kg_gold				target	1		false
t::d001::ENT_FF7EAE202112BEE5B7BF	ENT_FF7EAE202112BEE5B7BF	target_d001	LAB_MEASUREMENT	PON activity	false	medical_kg_gold				target	1		false
t::d001::ENT_FF8B044B772A672D1B7E	ENT_FF8B044B772A672D1B7E	target_d001	DRUG	glibenclamide tablets	false	medical_kg_gold				target	1		false
t::d001::ENT_FF8C1CF46EEC31D5DDA9	ENT_FF8C1CF46EEC31D5DDA9	target_d001	DISEASE	insulin resistance and glucolipid metabolism disorder	false	medical_kg_gold				target	1		false
t::d001::ENT_FF9C537AFDF2FEC9EFED	ENT_FF9C537AFDF2FEC9EFED	target_d001	PHYSIOLOGICAL_PROCESS	fatty acid oxidation	false	medical_kg_gold				target	1		false
t::d001::ENT_FF9DF535C6A2E0105707	ENT_FF9DF535C6A2E0105707	target_d001	BIOLOGICAL_PROCESS	Up-regulation of adiponectin receptors	false	medical_kg_gold				target	1		false
t::d001::ENT_FFB56F85649A192A743D	ENT_FFB56F85649A192A743D	target_d001	OTHER	IL-10-592 polymorphism	false	medical_kg_gold				target	1		false
t::d001::ENT_FFE21B3F17BA3FF42D31	ENT_FFE21B3F17BA3FF42D31	target_d001	BIOMARKER	urinary hydroxyproline/creatinine	false	medical_kg_gold				target	1		false
t::d001::ENT_FFE708855F29C7843A79	ENT_FFE708855F29C7843A79	target_d001	TREATMENT	three-drug combination therapy	false	medical_kg_gold				target	1		false
t::d001::ENT_FFE8169EEAEC8F877056	ENT_FFE8169EEAEC8F877056	target_d001	PROTEIN	Serum cystatin-C	false	medical_kg_gold				target	1		false
t::d001::ENT_FFFDE8AE19DD9A68F005	ENT_FFFDE8AE19DD9A68F005	target_d001	OTHER	+276GT polymorphism of adiponectin gene	false	medical_kg_gold				target	1		false
t::d001::carry::9cf774c83997dccf	STRUCTURAL_CARRY::target::9cf774c83997dccf::d001	target_d001	structural_carry	Carry: CPG on Management of Type 2 Diabetes Mellitus	true	dual_bfs_algorithm		t::d000::ENT_533040FD7536284DC5A7	Structural layer-alignment node; not medical knowledge.	target	1		true
t::d000::ENT_00A14055E9005329F112	ENT_00A14055E9005329F112	target_d000	CLINICAL_OUTCOME	conversion of IGT to type 2 diabetes mellitus	false	medical_kg_gold				target	0	type 2 diabetes mellitus	false
t::d000::ENT_014E9064E610E89FE7CE	ENT_014E9064E610E89FE7CE	target_d000	DISEASE	Type 2 diabetes mellitus with complications	false	medical_kg_gold				target	0	type 2 diabetes mellitus	false
t::d000::ENT_0158494426CEA9FE83DC	ENT_0158494426CEA9FE83DC	target_d000	OTHER	subgingival plaque from type 2 diabetes mellitus patients affected by chronic periodontitis	false	medical_kg_gold				target	0	type 2 diabetes mellitus	false
t::d000::ENT_01F604F54384D7A9DCD5	ENT_01F604F54384D7A9DCD5	target_d000	DISEASE	CAD with type 2 diabetes mellitus	false	medical_kg_gold				target	0	type 2 diabetes mellitus	false
t::d000::ENT_0367D8503655443EB228	ENT_0367D8503655443EB228	target_d000	DISEASE	type 2 diabetes mellitus with IR	false	medical_kg_gold				target	0	type 2 diabetes mellitus	false
t::d000::ENT_03FE7367096A2BD3DF59	ENT_03FE7367096A2BD3DF59	target_d000	DISEASE	type 2 diabetes mellitus patients complicated with AMI	false	medical_kg_gold				target	0	type 2 diabetes mellitus	false
t::d000::ENT_040E33C3D9F8AAA4A434	ENT_040E33C3D9F8AAA4A434	target_d000	DISEASE	macro-vascular complications in type 2 diabetes mellitus	false	medical_kg_gold				target	0	type 2 diabetes mellitus	false
t::d000::ENT_060D49D702C637946F78	ENT_060D49D702C637946F78	target_d000	POPULATION	type-2 diabetes mellitus induced rats	false	medical_kg_gold				target	0	type 2 diabetes mellitus	false
t::d000::ENT_067FD5B8F9AD596BFFE2	ENT_067FD5B8F9AD596BFFE2	target_d000	POPULATION	patients with HTN and type 2 diabetes mellitus	false	medical_kg_gold				target	0	type 2 diabetes mellitus	false
t::d000::ENT_0699993121030278E6E2	ENT_0699993121030278E6E2	target_d000	DISEASE	type 2 diabetes mellitus with no complications	false	medical_kg_gold				target	0	type 2 diabetes mellitus	false
t::d000::ENT_06EC42D7BCA3B7E86C1A	ENT_06EC42D7BCA3B7E86C1A	target_d000	POPULATION	elderly with type 2 diabetes mellitus	false	medical_kg_gold				target	0	type 2 diabetes mellitus	false
t::d000::ENT_092FD62C86631EB11BF0	ENT_092FD62C86631EB11BF0	target_d000	DISEASE	obesity/type 2 diabetes mellitus	false	medical_kg_gold				target	0	type 2 diabetes mellitus	false
t::d000::ENT_09330D0599C6754339D4	ENT_09330D0599C6754339D4	target_d000	DISEASE	type 2 diabetes mellitus, hypertension, and coronary heart disease	false	medical_kg_gold				target	0	type 2 diabetes mellitus	false
t::d000::ENT_0C889301FC61A1E83ADD	ENT_0C889301FC61A1E83ADD	target_d000	DISEASE	postmenopausal type 2 diabetes mellitus	false	medical_kg_gold				target	0	type 2 diabetes mellitus	false
t::d000::ENT_0CE8ACDA4EF71F13DD6B	ENT_0CE8ACDA4EF71F13DD6B	target_d000	OTHER	rat model of type 2 diabetes mellitus	false	medical_kg_gold				target	0	type 2 diabetes mellitus	false
t::d000::ENT_0E735ECC7672A05E5108	ENT_0E735ECC7672A05E5108	target_d000	DISEASE	chronic periodontitis and type 2 diabetes mellitus	false	medical_kg_gold				target	0	type 2 diabetes mellitus	false
t::d000::ENT_0EAB1BA1E901C5F70477	ENT_0EAB1BA1E901C5F70477	target_d000	DISEASE	development of type 2 diabetes mellitus	false	medical_kg_gold				target	0	type 2 diabetes mellitus	false
t::d000::ENT_0EE52779AFA37365B901	ENT_0EE52779AFA37365B901	target_d000	DISEASE	type 2 diabetes mellitus complicated with nonalcoholic fatty liver disease	false	medical_kg_gold				target	0	type 2 diabetes mellitus	false
t::d000::ENT_0FF539901C686D9DFFB2	ENT_0FF539901C686D9DFFB2	target_d000	DISEASE	type 2 diabetes mellitus complicated by coronary heart disease	false	medical_kg_gold				target	0	type 2 diabetes mellitus	false
t::d000::ENT_0FF7DE7F917A48FAAE60	ENT_0FF7DE7F917A48FAAE60	target_d000	DISEASE	type 2 diabetes mellitus and chronic heart failure	false	medical_kg_gold				target	0	type 2 diabetes mellitus	false
t::d000::ENT_1029C1F265FD0EF4ECB4	ENT_1029C1F265FD0EF4ECB4	target_d000	CELL	type 2 diabetes mellitus platelets	false	medical_kg_gold				target	0	type 2 diabetes mellitus	false
t::d000::ENT_105F1657D0E9701824DF	ENT_105F1657D0E9701824DF	target_d000	POPULATION	patients who debuted with type 2 diabetes mellitus	false	medical_kg_gold				target	0	type 2 diabetes mellitus	false
t::d000::ENT_123424D065DF656B2BB9	ENT_123424D065DF656B2BB9	target_d000	DISEASE	obese associated type 2 diabetes mellitus	false	medical_kg_gold				target	0	type 2 diabetes mellitus	false
t::d000::ENT_15402A0546641CB30BBA	ENT_15402A0546641CB30BBA	target_d000	DISEASE	type 2 diabetes mellitus with diabetic retinopathy	false	medical_kg_gold				target	0	type 2 diabetes mellitus	false
t::d000::ENT_15869EE78E8664618B80	ENT_15869EE78E8664618B80	target_d000	POPULATION	asymptomatic patients with type 2 diabetes mellitus	false	medical_kg_gold				target	0	type 2 diabetes mellitus	false
t::d000::ENT_1632B7CD2E35F2399A99	ENT_1632B7CD2E35F2399A99	target_d000	POPULATION	elderly hypertinsive patients with accompanying type 2 diabetes mellitus	false	medical_kg_gold				target	0	type 2 diabetes mellitus	false
t::d000::ENT_17934EE2FB9C799F15BE	ENT_17934EE2FB9C799F15BE	target_d000	DISEASE	type 2 diabetes mellitus with osteoporosis	false	medical_kg_gold				target	0	type 2 diabetes mellitus	false
t::d000::ENT_183796A165F61D1E5FBA	ENT_183796A165F61D1E5FBA	target_d000	DISEASE	obesity related-type 2 diabetes mellitus	false	medical_kg_gold				target	0	type 2 diabetes mellitus	false
t::d000::ENT_1849290EC206B80CAE79	ENT_1849290EC206B80CAE79	target_d000	BIOLOGICAL_PROCESS	pathogenesis of type 2 diabetes mellitus and MS	false	medical_kg_gold				target	0	type 2 diabetes mellitus	false
t::d000::ENT_18C3FCAB1AA9563FE520	ENT_18C3FCAB1AA9563FE520	target_d000	DISEASE	ketosis-prone type 2 diabetes mellitus	false	medical_kg_gold				target	0	type 2 diabetes mellitus	false
t::d000::ENT_197531DC973D59BB8AC7	ENT_197531DC973D59BB8AC7	target_d000	DISEASE	type 2 diabetes mellitus(T2DM)in hypertensive patients	false	medical_kg_gold				target	0	type 2 diabetes mellitus	false
t::d000::ENT_1AD87251C17268650024	ENT_1AD87251C17268650024	target_d000	POPULATION	Hypertensive patients with type 2 diabetes mellitus	false	medical_kg_gold				target	0	type 2 diabetes mellitus	false
t::d000::ENT_1B105F5216AAF178FBB5	ENT_1B105F5216AAF178FBB5	target_d000	POPULATION	patients with type 2 diabetes mellitus (DM) and coronary artery disease	false	medical_kg_gold				target	0	type 2 diabetes mellitus	false
t::d000::ENT_1C007F6EC774536A3001	ENT_1C007F6EC774536A3001	target_d000	PHENOTYPE	syndrome of TCM of Type 2 diabetes mellitus	false	medical_kg_gold				target	0	type 2 diabetes mellitus	false
t::d000::ENT_1D8C83EA47975F8A41C5	ENT_1D8C83EA47975F8A41C5	target_d000	DISEASE	nephropathy in type 2 diabetes mellitus	false	medical_kg_gold				target	0	type 2 diabetes mellitus	false
t::d000::ENT_1ED78E34A538A944133B	ENT_1ED78E34A538A944133B	target_d000	DISEASE	increased type 2 diabetes mellitus	false	medical_kg_gold				target	0	type 2 diabetes mellitus	false
t::d000::ENT_1F38F8E2EB1A1EC1E2B4	ENT_1F38F8E2EB1A1EC1E2B4	target_d000	DISEASE	type 2 diabetes mellitus and abnormal bone metabolism	false	medical_kg_gold				target	0	type 2 diabetes mellitus	false
t::d000::ENT_2054FB0BF58A2F0B5A45	ENT_2054FB0BF58A2F0B5A45	target_d000	DISEASE	type 2 diabetes mellitus with arterial occlusion of lower extremities	false	medical_kg_gold				target	0	type 2 diabetes mellitus	false
t::d000::ENT_22784B695CC311FB1676	ENT_22784B695CC311FB1676	target_d000	POPULATION	patients with coronary heart disease and type 2 diabetes mellitus	false	medical_kg_gold				target	0	type 2 diabetes mellitus	false
t::d000::ENT_22C5A8503D6A3F88B4F5	ENT_22C5A8503D6A3F88B4F5	target_d000	OTHER	obesity and type 2 diabetes mellitus	false	medical_kg_gold				target	0	type 2 diabetes mellitus	false
t::d000::ENT_246BCEB2F61E66D3D94A	ENT_246BCEB2F61E66D3D94A	target_d000	BIOLOGICAL_PROCESS	mechanism of ketosis-prone type 2 diabetes mellitus	false	medical_kg_gold				target	0	type 2 diabetes mellitus	false
t::d000::ENT_24D8E42466206D5F3451	ENT_24D8E42466206D5F3451	target_d000	DISEASE	type 2 diabetes mellitus and severe OSAS complicated by hypertension	false	medical_kg_gold				target	0	type 2 diabetes mellitus	false
t::d000::ENT_253BBCA2999334A92AFD	ENT_253BBCA2999334A92AFD	target_d000	BIOLOGICAL_PROCESS	pathogenesis of multiple disorders like obesity, type 2 diabetes mellitus, SLE, osteoarthritis, rheumatoid arthritis, male infertility and other chronic inflammatory disorders	false	medical_kg_gold				target	0	type 2 diabetes mellitus	false
t::d000::ENT_25834D88257000280209	ENT_25834D88257000280209	target_d000	POPULATION	elderly patients with type 2 diabetes mellitus	false	medical_kg_gold				target	0	type 2 diabetes mellitus	false
t::d000::ENT_25A32BFCE8F78D533025	ENT_25A32BFCE8F78D533025	target_d000	DISEASE	type 2 diabetes mellitus complicated with nonalcoholic fatty liver	false	medical_kg_gold				target	0	type 2 diabetes mellitus	false
t::d000::ENT_260CF92F3923C0A737D2	ENT_260CF92F3923C0A737D2	target_d000	DISEASE	type 2 diabetes mellitus complicated by cerebral infarction	false	medical_kg_gold				target	0	type 2 diabetes mellitus	false
t::d000::ENT_28B928AFC8E5A942CAC1	ENT_28B928AFC8E5A942CAC1	target_d000	DISEASE	T2DMD	false	medical_kg_gold				target	0	type 2 diabetes mellitus	false
t::d000::ENT_29009FF6BB5509DC2DEC	ENT_29009FF6BB5509DC2DEC	target_d000	DISEASE	type 2 diabetes mellitus complicated with pulmonary tuberculosis	false	medical_kg_gold				target	0	type 2 diabetes mellitus	false
t::d000::ENT_29071FF29EF4188300A2	ENT_29071FF29EF4188300A2	target_d000	OTHER	syndrome of TCM of Type 2 diabetes mellitus	false	medical_kg_gold				target	0	type 2 diabetes mellitus	false
t::d000::ENT_291CC560F88EF69FED45	ENT_291CC560F88EF69FED45	target_d000	POPULATION	type 2 diabetes mellitus patients combined with urinary system infection	false	medical_kg_gold				target	0	type 2 diabetes mellitus	false
t::d000::ENT_293B3827946EE353CA01	ENT_293B3827946EE353CA01	target_d000	POPULATION	type 2 diabetes mellitus with obesity group	false	medical_kg_gold				target	0	type 2 diabetes mellitus	false
t::d000::ENT_29674B7A25DCBAE09122	ENT_29674B7A25DCBAE09122	target_d000	DISEASE	type 2 diabetes mellitus with periodontitis	false	medical_kg_gold				target	0	type 2 diabetes mellitus	false
t::d000::ENT_2A2D1127F036E658E849	ENT_2A2D1127F036E658E849	target_d000	DISEASE	coronary heart disease combined with type 2 diabetes mellitus	false	medical_kg_gold				target	0	type 2 diabetes mellitus	false
t::d000::ENT_2B9EA5A0B5892C351C99	ENT_2B9EA5A0B5892C351C99	target_d000	DISEASE	type 2 diabetes mellitus, hypertension and cardiovascular diseases	false	medical_kg_gold				target	0	type 2 diabetes mellitus	false
t::d000::ENT_2C653477C4AC8D84AFDB	ENT_2C653477C4AC8D84AFDB	target_d000	CLINICAL_OUTCOME	earlier age at diagnosis of type 2 diabetes mellitus	false	medical_kg_gold				target	0	type 2 diabetes mellitus	false
t::d000::ENT_2C8503FCB2A5AA3D8C76	ENT_2C8503FCB2A5AA3D8C76	target_d000	DISEASE	type 2 diabetes mellitus and diabetic nephroppathy	false	medical_kg_gold				target	0	type 2 diabetes mellitus	false
t::d000::ENT_2C8A0C399BCA51DFF78D	ENT_2C8A0C399BCA51DFF78D	target_d000	DISEASE	impaired glucose regulation and type 2 diabetes mellitus	false	medical_kg_gold				target	0	type 2 diabetes mellitus	false
t::d000::ENT_2CE2387C7860A93DAA95	ENT_2CE2387C7860A93DAA95	target_d000	CLINICAL_OUTCOME	changes in the retina associated with type 2 diabetes mellitus	false	medical_kg_gold				target	0	type 2 diabetes mellitus	false
t::d000::ENT_2CE3583AED10539CEEC2	ENT_2CE3583AED10539CEEC2	target_d000	POPULATION	adult patients with new diagnosis of type 2 diabetes mellitus	false	medical_kg_gold				target	0	type 2 diabetes mellitus	false
t::d000::ENT_2E6151CB1D8D9955B6F2	ENT_2E6151CB1D8D9955B6F2	target_d000	DISEASE	Qi deficiency syndrome of type 2 diabetes mellitus	false	medical_kg_gold				target	0	type 2 diabetes mellitus	false
t::d000::ENT_2F7CCF1094EB3FE70CF9	ENT_2F7CCF1094EB3FE70CF9	target_d000	DISEASE	pathogenesis of type 2 diabetes mellitus with refractory hypertension	false	medical_kg_gold				target	0	type 2 diabetes mellitus	false
t::d000::ENT_2FF7C99A38EB666390FF	ENT_2FF7C99A38EB666390FF	target_d000	POPULATION	patients with early-onset type 2 diabetes mellitus	false	medical_kg_gold				target	0	type 2 diabetes mellitus	false
t::d000::ENT_301903A8E017CE0CBDC8	ENT_301903A8E017CE0CBDC8	target_d000	DISEASE	type 2 diabetes mellitus with related complications(CDM2)	false	medical_kg_gold				target	0	type 2 diabetes mellitus	false
t::d000::ENT_3034C545C601B5985255	ENT_3034C545C601B5985255	target_d000	DISEASE	diet-induced obesity, type 2 diabetes mellitus (T2DM), and fatty liver disease	false	medical_kg_gold				target	0	type 2 diabetes mellitus	false
t::d000::ENT_30FA06B5EF93536C24E5	ENT_30FA06B5EF93536C24E5	target_d000	DISEASE	diabetic retinopathy in female with type 2 diabetes mellitus	false	medical_kg_gold				target	0	type 2 diabetes mellitus	false
t::d000::ENT_34219072D2657D5BC1F2	ENT_34219072D2657D5BC1F2	target_d000	DISEASE	obesity accompanying type 2 diabetes mellitus	false	medical_kg_gold				target	0	type 2 diabetes mellitus	false
t::d000::ENT_34DB5BC984743BEFB9A0	ENT_34DB5BC984743BEFB9A0	target_d000	DISEASE	obesity and type 2 diabetes mellitus	false	medical_kg_gold				target	0	type 2 diabetes mellitus	false
t::d000::ENT_37F0D2E12812216A6384	ENT_37F0D2E12812216A6384	target_d000	DISEASE	arising and development of type 2 diabetes mellitus	false	medical_kg_gold				target	0	type 2 diabetes mellitus	false
t::d000::ENT_3821ABEF26BD023B8E52	ENT_3821ABEF26BD023B8E52	target_d000	POPULATION	patients older than 75 years with type 2 diabetes mellitus	false	medical_kg_gold				target	0	type 2 diabetes mellitus	false
t::d000::ENT_392E453C8A21D820E5EF	ENT_392E453C8A21D820E5EF	target_d000	DISEASE	OSAHS with type 2 diabetes mellitus	false	medical_kg_gold				target	0	type 2 diabetes mellitus	false
t::d000::ENT_3AFB1527053003F69A6F	ENT_3AFB1527053003F69A6F	target_d000	DISEASE	type 2 diabetes mellitus with NAFL	false	medical_kg_gold				target	0	type 2 diabetes mellitus	false
t::d000::ENT_3BC70A9E7F2B6CB5242E	ENT_3BC70A9E7F2B6CB5242E	target_d000	DISEASE	glucose tolerance abnormal or Type 2 Diabetes Mellitus	false	medical_kg_gold				target	0	type 2 diabetes mellitus	false
t::d000::ENT_3CD3DDE2157909AC643C	ENT_3CD3DDE2157909AC643C	target_d000	BIOLOGICAL_PROCESS	pathophysiology of type 2 diabetes mellitus and its microangiopathy and macrovascular complications	false	medical_kg_gold				target	0	type 2 diabetes mellitus	false
t::d000::ENT_3D50550499CAEED8BBD3	ENT_3D50550499CAEED8BBD3	target_d000	CLINICAL_OUTCOME	late vascular complications of type 2 diabetes mellitus	false	medical_kg_gold				target	0	type 2 diabetes mellitus	false
t::d000::ENT_3D9D43A66F48F26C1436	ENT_3D9D43A66F48F26C1436	target_d000	DISEASE	insulin resistant type 2 diabetes mellitus	false	medical_kg_gold				target	0	type 2 diabetes mellitus	false
t::d000::ENT_3DA54195EAC60AB89CCC	ENT_3DA54195EAC60AB89CCC	target_d000	POPULATION	first-degree relatives of type 2 diabetes mellitus	false	medical_kg_gold				target	0	type 2 diabetes mellitus	false
t::d000::ENT_3E2CC672EB75410B4133	ENT_3E2CC672EB75410B4133	target_d000	DISEASE	type 2 diabetes mellitus complicated with fatty liver	false	medical_kg_gold				target	0	type 2 diabetes mellitus	false
t::d000::ENT_3EED477F0370460F3971	ENT_3EED477F0370460F3971	target_d000	DISEASE	initial type 2 diabetes mellitus	false	medical_kg_gold				target	0	type 2 diabetes mellitus	false
t::d000::ENT_3F858CDD8392F62CA239	ENT_3F858CDD8392F62CA239	target_d000	TREATMENT	treats for type 2 diabetes mellitus through incretin	false	medical_kg_gold				target	0	type 2 diabetes mellitus	false
t::d000::ENT_3FA45949C89CB006E0DC	ENT_3FA45949C89CB006E0DC	target_d000	DISEASE	type 2 diabetes mellitus accompanied with depression	false	medical_kg_gold				target	0	type 2 diabetes mellitus	false
t::d000::ENT_3FFF6FC81183EE9B8AB6	ENT_3FFF6FC81183EE9B8AB6	target_d000	OTHER	clinical course of patients with type 2 diabetes mellitus	false	medical_kg_gold				target	0	type 2 diabetes mellitus	false
t::d000::ENT_409666EAA33BD5C00EF7	ENT_409666EAA33BD5C00EF7	target_d000	DISEASE	type 1 and type 2 diabetes mellitus	false	medical_kg_gold				target	0	type 2 diabetes mellitus	false
t::d000::ENT_40F4C22B6D4CAD6EF45F	ENT_40F4C22B6D4CAD6EF45F	target_d000	DISEASE	type 2 diabetes mellitus with infarction of the brain in elderly patients	false	medical_kg_gold				target	0	type 2 diabetes mellitus	false
t::d000::ENT_418F95DFB9C8ADABE32A	ENT_418F95DFB9C8ADABE32A	target_d000	POPULATION	Uighur type 2 diabetes mellitus patients	false	medical_kg_gold				target	0	type 2 diabetes mellitus	false
t::d000::ENT_41ED9108E494678600BC	ENT_41ED9108E494678600BC	target_d000	POPULATION	patients with type 2 diabetes mellitus started on insulin	false	medical_kg_gold				target	0	type 2 diabetes mellitus	false
t::d000::ENT_428D673B73B8D156C5D8	ENT_428D673B73B8D156C5D8	target_d000	DISEASE	type 1 or type 2 diabetes mellitus	false	medical_kg_gold				target	0	type 2 diabetes mellitus	false
t::d000::ENT_42AC4CA8578D0B899ABB	ENT_42AC4CA8578D0B899ABB	target_d000	DISEASE	type 2 diabetes mellitus combined with tumor	false	medical_kg_gold				target	0	type 2 diabetes mellitus	false
t::d000::ENT_448F8D03540BA88CED4B	ENT_448F8D03540BA88CED4B	target_d000	POPULATION	elderly type 2 diabetes mellitus patients	false	medical_kg_gold				target	0	type 2 diabetes mellitus	false
t::d000::ENT_45A68D1290464DC851D8	ENT_45A68D1290464DC851D8	target_d000	DISEASE	type 2 diabetes mellitus with diarrhea	false	medical_kg_gold				target	0	type 2 diabetes mellitus	false
t::d000::ENT_45D15D443CF2ABA009C6	ENT_45D15D443CF2ABA009C6	target_d000	RISK_FACTOR	type 2 diabetes mellitus	false	medical_kg_gold				target	0	type 2 diabetes mellitus	false
t::d000::ENT_45FD0A44ED2A60FE244F	ENT_45FD0A44ED2A60FE244F	target_d000	POPULATION	obesity patients with type 2 diabetes mellitus	false	medical_kg_gold				target	0	type 2 diabetes mellitus	false
t::d000::ENT_4742FCDA787A6813D8C2	ENT_4742FCDA787A6813D8C2	target_d000	POPULATION	Chinese patients with type 2 diabetes mellitus	false	medical_kg_gold				target	0	type 2 diabetes mellitus	false
t::d000::ENT_4772507502DAB4BE1434	ENT_4772507502DAB4BE1434	target_d000	DISEASE	type 2 diabetes mellitus early renal damage	false	medical_kg_gold				target	0	type 2 diabetes mellitus	false
t::d000::ENT_4A035701E3BC5BBA0673	ENT_4A035701E3BC5BBA0673	target_d000	POPULATION	patients with type 2 diabetes mellitus combined with ischaemic heart disease	false	medical_kg_gold				target	0	type 2 diabetes mellitus	false
t::d000::ENT_4A516FB7929A49D68FAD	ENT_4A516FB7929A49D68FAD	target_d000	POPULATION	first-degree relatives of type 2 diabetes mellitus with normal glucose tolerance	false	medical_kg_gold				target	0	type 2 diabetes mellitus	false
t::d000::ENT_4C50BC3138414E9D77B9	ENT_4C50BC3138414E9D77B9	target_d000	POPULATION	type 2 diabetes mellitus (T2DM) patients	false	medical_kg_gold				target	0	type 2 diabetes mellitus	false
t::d000::ENT_4CE8C4CAB631FD2DAAE6	ENT_4CE8C4CAB631FD2DAAE6	target_d000	DISEASE	type 2 diabetes mellitus, coronary artery disease- acute coronary syndrome and acute cerebrovascular thrombosis	false	medical_kg_gold				target	0	type 2 diabetes mellitus	false
t::d000::ENT_4D6FC7B85D1ED3337741	ENT_4D6FC7B85D1ED3337741	target_d000	DISEASE	type 2 diabetes mellitus complicated coronary heart disease	false	medical_kg_gold				target	0	type 2 diabetes mellitus	false
t::d000::ENT_4DFAB86B454F1474CF35	ENT_4DFAB86B454F1474CF35	target_d000	DISEASE	type 2 diabetes mellitus complicated by infarction of the brain	false	medical_kg_gold				target	0	type 2 diabetes mellitus	false
t::d000::ENT_4DFC9013843B5ACDA9F8	ENT_4DFC9013843B5ACDA9F8	target_d000	DISEASE	type 2 diabetes mellitus associated with hypertension	false	medical_kg_gold				target	0	type 2 diabetes mellitus	false
t::d000::ENT_4EBFC2B3B67699308004	ENT_4EBFC2B3B67699308004	target_d000	PHENOTYPE	hyperactivity of type 2 diabetes mellitus platelets	false	medical_kg_gold				target	0	type 2 diabetes mellitus	false
t::d000::ENT_4EE34DA4667E45584849	ENT_4EE34DA4667E45584849	target_d000	DISEASE	hypertension complicated with type 2 diabetes mellitus	false	medical_kg_gold				target	0	type 2 diabetes mellitus	false
t::d000::ENT_509BD72AAD5E2DA68369	ENT_509BD72AAD5E2DA68369	target_d000	DISEASE	single type 2 diabetes mellitus	false	medical_kg_gold				target	0	type 2 diabetes mellitus	false
t::d000::ENT_529ED2583C14458F4B09	ENT_529ED2583C14458F4B09	target_d000	POPULATION	obese children with type 2 diabetes mellitus	false	medical_kg_gold				target	0	type 2 diabetes mellitus	false
t::d000::ENT_533040FD7536284DC5A7	ENT_533040FD7536284DC5A7	target_d000	OTHER	CPG on Management of Type 2 Diabetes Mellitus	false	medical_kg_gold				target	0	type 2 diabetes mellitus	false
t::d000::ENT_537749F377E46C4051B5	ENT_537749F377E46C4051B5	target_d000	PHENOTYPE	abnormal level of insulin and glycemia in type 2 diabetes mellitus	false	medical_kg_gold				target	0	type 2 diabetes mellitus	false
t::d000::ENT_53A4C490F7223959DD99	ENT_53A4C490F7223959DD99	target_d000	POPULATION	patients with type 2 diabetes mellitus and hypothyroidism	false	medical_kg_gold				target	0	type 2 diabetes mellitus	false
t::d000::ENT_546EA08FA72122BFCC5C	ENT_546EA08FA72122BFCC5C	target_d000	DISEASE	early vascular complications in patients with type 2 diabetes mellitus	false	medical_kg_gold				target	0	type 2 diabetes mellitus	false
t::d000::ENT_54A65E33484F66E34CFF	ENT_54A65E33484F66E34CFF	target_d000	DISEASE	coronary artery disease with type 2 diabetes mellitus	false	medical_kg_gold				target	0	type 2 diabetes mellitus	false
t::d000::ENT_54BCC932BF855FDA131C	ENT_54BCC932BF855FDA131C	target_d000	CLINICAL_OUTCOME	effect of gastric bypass surgery on type-2 diabetes mellitus	false	medical_kg_gold				target	0	type 2 diabetes mellitus	false
t::d000::ENT_551382EB4CF9D27D128F	ENT_551382EB4CF9D27D128F	target_d000	DISEASE	obesity combined with type 2 diabetes mellitus	false	medical_kg_gold				target	0	type 2 diabetes mellitus	false
t::d000::ENT_55A43440E0D69A462CC7	ENT_55A43440E0D69A462CC7	target_d000	DISEASE	type 2 diabetes mellitus with refractory hypertension	false	medical_kg_gold				target	0	type 2 diabetes mellitus	false
t::d000::ENT_55FC9A19D72775AB4C18	ENT_55FC9A19D72775AB4C18	target_d000	DISEASE	type 2 diabetes mellitus complicated with cerebral infarction	false	medical_kg_gold				target	0	type 2 diabetes mellitus	false
t::d000::ENT_560F371834367A0C5914	ENT_560F371834367A0C5914	target_d000	DISEASE	type 2 diabetes mellitus without obesity	false	medical_kg_gold				target	0	type 2 diabetes mellitus	false
t::d000::ENT_589C1F948B80845C1D6B	ENT_589C1F948B80845C1D6B	target_d000	DISEASE	type 2 diabetes mellitus with early nephropathy	false	medical_kg_gold				target	0	type 2 diabetes mellitus	false
t::d000::ENT_58CC21B1F9E0C86F975E	ENT_58CC21B1F9E0C86F975E	target_d000	POPULATION	older women with arterial hypertension, type 2 diabetes mellitus, obesity, and atrial fibrillation	false	medical_kg_gold				target	0	type 2 diabetes mellitus	false
t::d000::ENT_58EA3B83A7071EF550EF	ENT_58EA3B83A7071EF550EF	target_d000	DISEASE	murine and human obesity/type 2 diabetes mellitus	false	medical_kg_gold				target	0	type 2 diabetes mellitus	false
t::d000::ENT_59AA0D28DA1AFB18478E	ENT_59AA0D28DA1AFB18478E	target_d000	OTHER	etiology and pathogenesis of type 2 diabetes mellitus complicated with hematologic abnormalities	false	medical_kg_gold				target	0	type 2 diabetes mellitus	false
t::d000::ENT_5A636D7F9160138A18A1	ENT_5A636D7F9160138A18A1	target_d000	DISEASE	macroangiopathy of type 2 diabetes mellitus	false	medical_kg_gold				target	0	type 2 diabetes mellitus	false
t::d000::ENT_5A8A3F80F06F17A3B60B	ENT_5A8A3F80F06F17A3B60B	target_d000	DISEASE	early renal injury in type 2 diabetes mellitus	false	medical_kg_gold				target	0	type 2 diabetes mellitus	false
t::d000::ENT_5AAC62BF64F2CB16616B	ENT_5AAC62BF64F2CB16616B	target_d000	CLINICAL_OUTCOME	chronic complication in type 2 diabetes mellitus	false	medical_kg_gold				target	0	type 2 diabetes mellitus	false
t::d000::ENT_5AC052BA1C6DCE9F3E2B	ENT_5AC052BA1C6DCE9F3E2B	target_d000	OTHER	susceptibility for type 2 diabetes mellitus	false	medical_kg_gold				target	0	type 2 diabetes mellitus	false
t::d000::ENT_5BA58FADA09F671A71CF	ENT_5BA58FADA09F671A71CF	target_d000	DISEASE	vascular complications in type 2 diabetes mellitus	false	medical_kg_gold				target	0	type 2 diabetes mellitus	false
t::d000::ENT_5C2B85BA736156C644F7	ENT_5C2B85BA736156C644F7	target_d000	BIOLOGICAL_PROCESS	development of type 2 diabetes mellitus	false	medical_kg_gold				target	0	type 2 diabetes mellitus	false
t::d000::ENT_5D55EA8BF19CB36D6373	ENT_5D55EA8BF19CB36D6373	target_d000	DISEASE	type 2 diabetes mellitus retinopathy severity	false	medical_kg_gold				target	0	type 2 diabetes mellitus	false
t::d000::ENT_5E0E819C505862AD9774	ENT_5E0E819C505862AD9774	target_d000	DISEASE	nonalcoholic fatty liver disease combined with type 2 diabetes mellitus	false	medical_kg_gold				target	0	type 2 diabetes mellitus	false
t::d000::ENT_5F0F043FA3505A00DD23	ENT_5F0F043FA3505A00DD23	target_d000	DISEASE	type 2 diabetes mellitus (T2 DM)	false	medical_kg_gold				target	0	type 2 diabetes mellitus	false
t::d000::ENT_5F5EBA3495046D4FB3D6	ENT_5F5EBA3495046D4FB3D6	target_d000	DISEASE	type 2 diabetes mellitus of qi-yin deficiency syndrome	false	medical_kg_gold				target	0	type 2 diabetes mellitus	false
t::d000::ENT_603F6DCD875AD1AAA066	ENT_603F6DCD875AD1AAA066	target_d000	CLINICAL_OUTCOME	chronic complications of type 2 diabetes mellitus	false	medical_kg_gold				target	0	type 2 diabetes mellitus	false
t::d000::ENT_60CD3B7547275C47F19A	ENT_60CD3B7547275C47F19A	target_d000	POPULATION	Ketosis-prone type 2 diabetes mellitus patients with different situations of pancreatic islet β-cell autoimmunity and function	false	medical_kg_gold				target	0	type 2 diabetes mellitus	false
t::d000::ENT_61C20F2F869CC60A075E	ENT_61C20F2F869CC60A075E	target_d000	POPULATION	pedigrees of type 2 diabetes mellitus	false	medical_kg_gold				target	0	type 2 diabetes mellitus	false
t::d000::ENT_6563191B61F1FD444CFE	ENT_6563191B61F1FD444CFE	target_d000	DISEASE	type 2 diabetes mellitus with urinary tract infection	false	medical_kg_gold				target	0	type 2 diabetes mellitus	false
t::d000::ENT_65E60A1CF3A67896318D	ENT_65E60A1CF3A67896318D	target_d000	DISEASE	type 2 diabetes mellitus complicated with NAFLD	false	medical_kg_gold				target	0	type 2 diabetes mellitus	false
t::d000::ENT_65E72A7EEB4AED9EE2CB	ENT_65E72A7EEB4AED9EE2CB	target_d000	POPULATION	subjects with impaired glucose tolerance and type 2 diabetes mellitus	false	medical_kg_gold				target	0	type 2 diabetes mellitus	false
t::d000::ENT_66D852EC6277E54A9FB6	ENT_66D852EC6277E54A9FB6	target_d000	POPULATION	type 2 diabetes mellitus without obesity group	false	medical_kg_gold				target	0	type 2 diabetes mellitus	false
t::d000::ENT_67EFB223AEAAA6ACCDC2	ENT_67EFB223AEAAA6ACCDC2	target_d000	OTHER	course of Type 2 diabetes mellitus	false	medical_kg_gold				target	0	type 2 diabetes mellitus	false
t::d000::ENT_69D6DD485C62F1999576	ENT_69D6DD485C62F1999576	target_d000	DISEASE	type 2 diabetes mellitus and essential hypertension	false	medical_kg_gold				target	0	type 2 diabetes mellitus	false
t::d000::ENT_6A9D978A0EB0FF89A2BB	ENT_6A9D978A0EB0FF89A2BB	target_d000	DISEASE	morbid obesity complicated with type 2 diabetes mellitus	false	medical_kg_gold				target	0	type 2 diabetes mellitus	false
t::d000::ENT_6B8B95726F5BA0B9863B	ENT_6B8B95726F5BA0B9863B	target_d000	DISEASE	type 2 diabetes mellitus with heart failure	false	medical_kg_gold				target	0	type 2 diabetes mellitus	false
t::d000::ENT_6C0C0A20EB15393DC54E	ENT_6C0C0A20EB15393DC54E	target_d000	OTHER	pathogenesis of type 2 diabetes mellitus with microangiopathy	false	medical_kg_gold				target	0	type 2 diabetes mellitus	false
t::d000::ENT_6C29B748A176022B1BF7	ENT_6C29B748A176022B1BF7	target_d000	OTHER	pathogenesis of type 2 diabetes mellitus	false	medical_kg_gold				target	0	type 2 diabetes mellitus	false
t::d000::ENT_6D62C54479826D3F69EA	ENT_6D62C54479826D3F69EA	target_d000	DISEASE	type 2 diabetes mellitus complicated with ischemic cerebrovascular disease	false	medical_kg_gold				target	0	type 2 diabetes mellitus	false
t::d000::ENT_6DC096A18A81F97980B5	ENT_6DC096A18A81F97980B5	target_d000	DISEASE	Type 2 diabetes mellitus and insulin resistance (T2DM/IR)	false	medical_kg_gold				target	0	type 2 diabetes mellitus	false
t::d000::ENT_6E9A697880C171B59B21	ENT_6E9A697880C171B59B21	target_d000	POPULATION	normoglycemic first-degree relatives of type 2 diabetes mellitus	false	medical_kg_gold				target	0	type 2 diabetes mellitus	false
t::d000::ENT_6EC206906F9097AE5FF3	ENT_6EC206906F9097AE5FF3	target_d000	DISEASE	inadequately controlled type 2 diabetes mellitus	false	medical_kg_gold				target	0	type 2 diabetes mellitus	false
t::d000::ENT_6F63756E3BB081F023A2	ENT_6F63756E3BB081F023A2	target_d000	DISEASE	early type 2 diabetes mellitus	false	medical_kg_gold				target	0	type 2 diabetes mellitus	false
t::d000::ENT_7069BB5B1D59D8BA7C1E	ENT_7069BB5B1D59D8BA7C1E	target_d000	DISEASE	type 2 diabetes mellitus macro-vascular complication	false	medical_kg_gold				target	0	type 2 diabetes mellitus	false
t::d000::ENT_720621E4F94EC3C4FB75	ENT_720621E4F94EC3C4FB75	target_d000	CLINICAL_OUTCOME	progression of prediabetes to type 2 diabetes mellitus	false	medical_kg_gold				target	0	type 2 diabetes mellitus	false
t::d000::ENT_73DD6B1A054DF5D1A30B	ENT_73DD6B1A054DF5D1A30B	target_d000	DISEASE	type 2 diabetes mellitus complicated with metabolic syndrome	false	medical_kg_gold				target	0	type 2 diabetes mellitus	false
t::d000::ENT_741D3DA256153DCDBA68	ENT_741D3DA256153DCDBA68	target_d000	DISEASE	type 2 diabetes mellitus with lung tuberculosis	false	medical_kg_gold				target	0	type 2 diabetes mellitus	false
t::d000::ENT_7469EF648EE352E03C7E	ENT_7469EF648EE352E03C7E	target_d000	DISEASE	type 2 diabetes mellitus with fatty liver disease	false	medical_kg_gold				target	0	type 2 diabetes mellitus	false
t::d000::ENT_7515E7DD0080F23640E6	ENT_7515E7DD0080F23640E6	target_d000	POPULATION	coronary artery disease patients with type 2 diabetes mellitus	false	medical_kg_gold				target	0	type 2 diabetes mellitus	false
t::d000::ENT_7598D8E83648CD35D4ED	ENT_7598D8E83648CD35D4ED	target_d000	DISEASE	metabolic syndrome x with type 2 diabetes mellitus	false	medical_kg_gold				target	0	type 2 diabetes mellitus	false
t::d000::ENT_7619485CED0DC3F2D5BA	ENT_7619485CED0DC3F2D5BA	target_d000	DISEASE	type 2 diabetes mellitus with abnormal bone metabolism	false	medical_kg_gold				target	0	type 2 diabetes mellitus	false
t::d000::ENT_762D92E184C4F15A2696	ENT_762D92E184C4F15A2696	target_d000	TREATMENT	Type 2 diabetes mellitus therapy	false	medical_kg_gold				target	0	type 2 diabetes mellitus	false
t::d000::ENT_76C5003523242606BF7F	ENT_76C5003523242606BF7F	target_d000	DISEASE	type 2 diabetes mellitus	false	medical_kg_gold				target	0	type 2 diabetes mellitus	false
t::d000::ENT_76FBA7AC24506979A284	ENT_76FBA7AC24506979A284	target_d000	DISEASE	type 2 diabetes mellitus combined with sleep disorder	false	medical_kg_gold				target	0	type 2 diabetes mellitus	false
t::d000::ENT_7774944CF19DFCF5F891	ENT_7774944CF19DFCF5F891	target_d000	OTHER	Type 2 Diabetes Mellitus and its cardiovascular and cerebrovascular complications	false	medical_kg_gold				target	0	type 2 diabetes mellitus	false
t::d000::ENT_79BF66C8AE6C8E68D689	ENT_79BF66C8AE6C8E68D689	target_d000	DISEASE	type 2 diabetes mellitus complicated with renal disease	false	medical_kg_gold				target	0	type 2 diabetes mellitus	false
t::d000::ENT_7CABD109E199B5479D4F	ENT_7CABD109E199B5479D4F	target_d000	RISK_FACTOR	primigravidas with mothers suffered from type 2 diabetes mellitus	false	medical_kg_gold				target	0	type 2 diabetes mellitus	false
t::d000::ENT_7EB6F091420A885689DE	ENT_7EB6F091420A885689DE	target_d000	OTHER	a new group other than type 1 or type 2 diabetes mellitus	false	medical_kg_gold				target	0	type 2 diabetes mellitus	false
t::d000::ENT_7F0634EE18D5FF185FA6	ENT_7F0634EE18D5FF185FA6	target_d000	POPULATION	CAD patients with type 2 diabetes mellitus	false	medical_kg_gold				target	0	type 2 diabetes mellitus	false
t::d000::ENT_7F3F30ED7AC3C792FC63	ENT_7F3F30ED7AC3C792FC63	target_d000	DISEASE	type 2 diabetes mellitus complicated vegetative nerve lesion	false	medical_kg_gold				target	0	type 2 diabetes mellitus	false
t::d000::ENT_7F470A80532E8DB1DC4A	ENT_7F470A80532E8DB1DC4A	target_d000	CLINICAL_OUTCOME	early diagnosis of type 2 diabetes mellitus with angiopathy	false	medical_kg_gold				target	0	type 2 diabetes mellitus	false
t::d000::ENT_7F52B605B51B113A4DA7	ENT_7F52B605B51B113A4DA7	target_d000	DISEASE	type 2 diabetes mellitus combined metabolic syndrome	false	medical_kg_gold				target	0	type 2 diabetes mellitus	false
t::d000::ENT_81211EC373AAACFECEAE	ENT_81211EC373AAACFECEAE	target_d000	DISEASE	type 2 diabetes mellitus with complications of diabetic retinopathy	false	medical_kg_gold				target	0	type 2 diabetes mellitus	false
t::d000::ENT_81FAC60E31E77F0262C8	ENT_81FAC60E31E77F0262C8	target_d000	DISEASE	Type 2 diabetes mellitus combined with subclinical hypothyroidism	false	medical_kg_gold				target	0	type 2 diabetes mellitus	false
t::d000::ENT_829C8BBA0F5F688CF7F5	ENT_829C8BBA0F5F688CF7F5	target_d000	DISEASE	type 2 diabetes mellitus complicated with non-alcoholic fatty liver disease	false	medical_kg_gold				target	0	type 2 diabetes mellitus	false
t::d000::ENT_83A58B38F7EF742841D6	ENT_83A58B38F7EF742841D6	target_d000	DISEASE	type 2 diabetes mellitus (T2DM)-cardiovascular disease (CVD) co-morbidity	false	medical_kg_gold				target	0	type 2 diabetes mellitus	false
t::d000::ENT_846CE482E6FBFC6FAED5	ENT_846CE482E6FBFC6FAED5	target_d000	DISEASE	metabolic syndrome x with type 2 diabetes mellitus and vascular disease	false	medical_kg_gold				target	0	type 2 diabetes mellitus	false
t::d000::ENT_85421EED0ED2E003280D	ENT_85421EED0ED2E003280D	target_d000	DISEASE	type 2 diabetes mellitus complicated with the hypertension	false	medical_kg_gold				target	0	type 2 diabetes mellitus	false
t::d000::ENT_859F3B4DBD88AF1EDCB7	ENT_859F3B4DBD88AF1EDCB7	target_d000	DISEASE	diabetic nephropathy of type 2 diabetes mellitus	false	medical_kg_gold				target	0	type 2 diabetes mellitus	false
t::d000::ENT_867475E585338E1DBE91	ENT_867475E585338E1DBE91	target_d000	DISEASE	multiple familial type 2 diabetes mellitus	false	medical_kg_gold				target	0	type 2 diabetes mellitus	false
t::d000::ENT_8790BFB94701E01C4149	ENT_8790BFB94701E01C4149	target_d000	RISK_FACTOR	type 2 diabetes mellitus risk	false	medical_kg_gold				target	0	type 2 diabetes mellitus	false
t::d000::ENT_87B11C58B9A463122F32	ENT_87B11C58B9A463122F32	target_d000	DISEASE	type 2 diabetes mellitus and macroangiopathy	false	medical_kg_gold				target	0	type 2 diabetes mellitus	false
t::d000::ENT_87BF0AF37109D6465FB7	ENT_87BF0AF37109D6465FB7	target_d000	PHENOTYPE	susceptibility to type 2 diabetes mellitus	false	medical_kg_gold				target	0	type 2 diabetes mellitus	false
t::d000::ENT_8B22900962158C5FA03E	ENT_8B22900962158C5FA03E	target_d000	DISEASE	type 2 diabetes mellitus with low triiodothyroxine syndrome	false	medical_kg_gold				target	0	type 2 diabetes mellitus	false
t::d000::ENT_8B5715C0F0E198529C81	ENT_8B5715C0F0E198529C81	target_d000	DISEASE	type 2 diabetes mellitus affiliated metablic syndrome	false	medical_kg_gold				target	0	type 2 diabetes mellitus	false
t::d000::ENT_8BFBA2EB68D812E59581	ENT_8BFBA2EB68D812E59581	target_d000	DISEASE	coronary disease and type-2 diabetes mellitus	false	medical_kg_gold				target	0	type 2 diabetes mellitus	false
t::d000::ENT_8D94F522AD9EE306FA49	ENT_8D94F522AD9EE306FA49	target_d000	DISEASE	type 2 diabetes mellitus(T2DM) with carotid atherosclerosis(CAS)	false	medical_kg_gold				target	0	type 2 diabetes mellitus	false
t::d000::ENT_8DAA650F07BD5C017568	ENT_8DAA650F07BD5C017568	target_d000	PHENOTYPE	onset pattern of type 2 diabetes mellitus	false	medical_kg_gold				target	0	type 2 diabetes mellitus	false
t::d000::ENT_8E99E0452D9DEF13BCE0	ENT_8E99E0452D9DEF13BCE0	target_d000	DISEASE	nonobese Type 2 diabetes mellitus	false	medical_kg_gold				target	0	type 2 diabetes mellitus	false
t::d000::ENT_8E9DA226190B09F753E5	ENT_8E9DA226190B09F753E5	target_d000	DISEASE	Prevalent Type 2 Diabetes Mellitus	false	medical_kg_gold				target	0	type 2 diabetes mellitus	false
t::d000::ENT_8EBD43B96617711B4418	ENT_8EBD43B96617711B4418	target_d000	POPULATION	first-degree relatives of the patients with type 2 diabetes mellitus	false	medical_kg_gold				target	0	type 2 diabetes mellitus	false
t::d000::ENT_90AA034A822E35CE9C05	ENT_90AA034A822E35CE9C05	target_d000	CLINICAL_OUTCOME	risk of type 2 diabetes mellitus	false	medical_kg_gold				target	0	type 2 diabetes mellitus	false
t::d000::ENT_90D55C73284151E2201D	ENT_90D55C73284151E2201D	target_d000	DISEASE	metabolic syndrome and type 2 diabetes mellitus	false	medical_kg_gold				target	0	type 2 diabetes mellitus	false
t::d000::ENT_90DAF465E02D260B8E51	ENT_90DAF465E02D260B8E51	target_d000	DISEASE	stage-III diabetic nephropathy(DN) in type 2 diabetes mellitus	false	medical_kg_gold				target	0	type 2 diabetes mellitus	false
t::d000::ENT_918E9C4D3AF41916ED24	ENT_918E9C4D3AF41916ED24	target_d000	DISEASE	type 2 diabetes mellitus and diabetic vascular complications	false	medical_kg_gold				target	0	type 2 diabetes mellitus	false
t::d000::ENT_91C8365933F1B453579E	ENT_91C8365933F1B453579E	target_d000	OTHER	prevalence of type 2 diabetes mellitus	false	medical_kg_gold				target	0	type 2 diabetes mellitus	false
t::d000::ENT_91CA8351CDA63276B20A	ENT_91CA8351CDA63276B20A	target_d000	OTHER	changes in the retina associated with type 2 diabetes mellitus	false	medical_kg_gold				target	0	type 2 diabetes mellitus	false
t::d000::ENT_938605723B48B24F769D	ENT_938605723B48B24F769D	target_d000	DISEASE	newly-diagnosed type 2 diabetes mellitus	false	medical_kg_gold				target	0	type 2 diabetes mellitus	false
t::d000::ENT_94C960ECB57978BB96E9	ENT_94C960ECB57978BB96E9	target_d000	DISEASE	type 2 diabetes mellitus(T2DM)coexisting major depression	false	medical_kg_gold				target	0	type 2 diabetes mellitus	false
t::d000::ENT_953523BECF20B2DACC07	ENT_953523BECF20B2DACC07	target_d000	DISEASE	type 2 diabetes mellitus with retinopathy	false	medical_kg_gold				target	0	type 2 diabetes mellitus	false
t::d000::ENT_95C48910C80DB7549587	ENT_95C48910C80DB7549587	target_d000	POPULATION	type 2 diabetes mellitus with obese	false	medical_kg_gold				target	0	type 2 diabetes mellitus	false
t::d000::ENT_9622190F2D2B8BC4089B	ENT_9622190F2D2B8BC4089B	target_d000	DISEASE	atherosclerosis, type 2 diabetes mellitus	false	medical_kg_gold				target	0	type 2 diabetes mellitus	false
t::d000::ENT_970999D59407D80FD943	ENT_970999D59407D80FD943	target_d000	TREATMENT	Current therapeutic strategies of type 2 diabetes mellitus	false	medical_kg_gold				target	0	type 2 diabetes mellitus	false
t::d000::ENT_983188F543901DB60B24	ENT_983188F543901DB60B24	target_d000	DISEASE	type 2 diabetes mellitus and obesity	false	medical_kg_gold				target	0	type 2 diabetes mellitus	false
t::d000::ENT_985FF47A3E5EA9D0E76D	ENT_985FF47A3E5EA9D0E76D	target_d000	OTHER	quality of life of patients with type 2 diabetes mellitus	false	medical_kg_gold				target	0	type 2 diabetes mellitus	false
t::d000::ENT_999953DFB47A5D9D27D2	ENT_999953DFB47A5D9D27D2	target_d000	CLINICAL_OUTCOME	development of comorbidities, including CHF, type 2 diabetes mellitus and osteoporosis	false	medical_kg_gold				target	0	type 2 diabetes mellitus	false
t::d000::ENT_99995823611827F30EBB	ENT_99995823611827F30EBB	target_d000	DISEASE	type 2 diabetes mellitus with lower extremity vascular disease	false	medical_kg_gold				target	0	type 2 diabetes mellitus	false
t::d000::ENT_9AE03A954F2EE223882A	ENT_9AE03A954F2EE223882A	target_d000	RISK_FACTOR	high risk of type 2 diabetes mellitus	false	medical_kg_gold				target	0	type 2 diabetes mellitus	false
t::d000::ENT_9D5622A64D1ACA530EC2	ENT_9D5622A64D1ACA530EC2	target_d000	DISEASE	type 2 diabetes mellitus with hyperlipidemia	false	medical_kg_gold				target	0	type 2 diabetes mellitus	false
t::d000::ENT_9D7019CCF57D65BC8515	ENT_9D7019CCF57D65BC8515	target_d000	DISEASE	metabolic syndrome x and type 2 diabetes mellitus	false	medical_kg_gold				target	0	type 2 diabetes mellitus	false
t::d000::ENT_9D91618FFD1D7B8ADCF0	ENT_9D91618FFD1D7B8ADCF0	target_d000	DISEASE	coronary disease following type 2 diabetes mellitus	false	medical_kg_gold				target	0	type 2 diabetes mellitus	false
t::d000::ENT_9DF4622123A91C5711AA	ENT_9DF4622123A91C5711AA	target_d000	TREATMENT	adequate medical treatment for type 2 diabetes mellitus	false	medical_kg_gold				target	0	type 2 diabetes mellitus	false
t::d000::ENT_9E7A6AA7820753725A8A	ENT_9E7A6AA7820753725A8A	target_d000	POPULATION	obese patients with type 2 diabetes mellitus	false	medical_kg_gold				target	0	type 2 diabetes mellitus	false
t::d000::ENT_9F87759C6510E3BF6DC6	ENT_9F87759C6510E3BF6DC6	target_d000	DISEASE	Type 2 diabetes mellitus complicated with coronary heart disease	false	medical_kg_gold				target	0	type 2 diabetes mellitus	false
t::d000::ENT_A06EB1F3AEC031D8B0DC	ENT_A06EB1F3AEC031D8B0DC	target_d000	POPULATION	Women with type 2 diabetes mellitus	false	medical_kg_gold				target	0	type 2 diabetes mellitus	false
t::d000::ENT_A222B172F4DE55093DBD	ENT_A222B172F4DE55093DBD	target_d000	DISEASE	type 2 diabetes mellitus complicated with acute cerebral infarction	false	medical_kg_gold				target	0	type 2 diabetes mellitus	false
t::d000::ENT_A2799C9FBCA5E29B3322	ENT_A2799C9FBCA5E29B3322	target_d000	DISEASE	type 2 diabetes mellitus with cerebral infarction	false	medical_kg_gold				target	0	type 2 diabetes mellitus	false
t::d000::ENT_A2AEAC20B7D96289EE06	ENT_A2AEAC20B7D96289EE06	target_d000	BIOLOGICAL_PROCESS	pathogenesis of type 2 diabetes mellitus	false	medical_kg_gold				target	0	type 2 diabetes mellitus	false
t::d000::ENT_A3A4A62876B155F63DE4	ENT_A3A4A62876B155F63DE4	target_d000	DISEASE	type 2 diabetes mellitus secondary failure to sulfonylurea	false	medical_kg_gold				target	0	type 2 diabetes mellitus	false
t::d000::ENT_A3B940606B483004F587	ENT_A3B940606B483004F587	target_d000	POPULATION	type 2 diabetes mellitus patients with diabetic mother	false	medical_kg_gold				target	0	type 2 diabetes mellitus	false
t::d000::ENT_A494CCBD35137FCCBE85	ENT_A494CCBD35137FCCBE85	target_d000	DISEASE	type 2 diabetes mellitus with obesity	false	medical_kg_gold				target	0	type 2 diabetes mellitus	false
t::d000::ENT_A556FB0A4F0FA7AE60D8	ENT_A556FB0A4F0FA7AE60D8	target_d000	POPULATION	type 2 diabetes mellitus with periodontitis	false	medical_kg_gold				target	0	type 2 diabetes mellitus	false
t::d000::ENT_A6631BEC53A8CA910860	ENT_A6631BEC53A8CA910860	target_d000	DISEASE	type 2 diabetes mellitus with low T3 syndrome	false	medical_kg_gold				target	0	type 2 diabetes mellitus	false
t::d000::ENT_A89AD51C1B752F3A9606	ENT_A89AD51C1B752F3A9606	target_d000	POPULATION	older acute coronary syndrome and type-2 diabetes mellitus patients	false	medical_kg_gold				target	0	type 2 diabetes mellitus	false
t::d000::ENT_A9BBB686B06BAF49D2F9	ENT_A9BBB686B06BAF49D2F9	target_d000	OTHER	duration of type 2 diabetes mellitus	false	medical_kg_gold				target	0	type 2 diabetes mellitus	false
t::d000::ENT_A9FFFCCAE89193BE3C9B	ENT_A9FFFCCAE89193BE3C9B	target_d000	OTHER	years of evolution of Type 2 Diabetes Mellitus	false	medical_kg_gold				target	0	type 2 diabetes mellitus	false
t::d000::ENT_AB043A993A45B3D6F7AA	ENT_AB043A993A45B3D6F7AA	target_d000	POPULATION	patients with obesity and type 2 diabetes mellitus	false	medical_kg_gold				target	0	type 2 diabetes mellitus	false
t::d000::ENT_AB076DF696EE4DF81E8D	ENT_AB076DF696EE4DF81E8D	target_d000	DISEASE	type 2 diabetes mellitus with vascular complications	false	medical_kg_gold				target	0	type 2 diabetes mellitus	false
t::d000::ENT_AB1D7F6AC0F5C8DEF228	ENT_AB1D7F6AC0F5C8DEF228	target_d000	DISEASE	type 2 diabetes mellitus coincidence hyperlipemia	false	medical_kg_gold				target	0	type 2 diabetes mellitus	false
t::d000::ENT_AC65456ED65812AFD527	ENT_AC65456ED65812AFD527	target_d000	LAB_MEASUREMENT	BMD in type 2 diabetes mellitus patients	false	medical_kg_gold				target	0	type 2 diabetes mellitus	false
t::d000::ENT_AC9F6AF32A1F493ECE8D	ENT_AC9F6AF32A1F493ECE8D	target_d000	DISEASE	type 2 diabetes mellitus complicated with acute coronary syndrome	false	medical_kg_gold				target	0	type 2 diabetes mellitus	false
t::d000::ENT_ACCA38C69EDDFA947B47	ENT_ACCA38C69EDDFA947B47	target_d000	POPULATION	first degree relatives of patients with type 2 diabetes mellitus	false	medical_kg_gold				target	0	type 2 diabetes mellitus	false
t::d000::ENT_ADA13FFDEB191DCC1ECB	ENT_ADA13FFDEB191DCC1ECB	target_d000	DISEASE	type 2 diabetes mellitus complicated with hypertension	false	medical_kg_gold				target	0	type 2 diabetes mellitus	false
t::d000::ENT_B181F59F792BF985B0BB	ENT_B181F59F792BF985B0BB	target_d000	DISEASE	Type 2 diabetes mellitus (T2DM)	false	medical_kg_gold				target	0	type 2 diabetes mellitus	false
t::d000::ENT_B2246F44CDECAAAEBF24	ENT_B2246F44CDECAAAEBF24	target_d000	CLINICAL_OUTCOME	type 2 diabetes mellitus risk factor status	false	medical_kg_gold				target	0	type 2 diabetes mellitus	false
t::d000::ENT_B241605D48FD8ED6A338	ENT_B241605D48FD8ED6A338	target_d000	DISEASE	early renal impairment in type 2 diabetes mellitus	false	medical_kg_gold				target	0	type 2 diabetes mellitus	false
t::d000::ENT_B3071A38B8CE4B3578A9	ENT_B3071A38B8CE4B3578A9	target_d000	PHENOTYPE	genetic sensitivity in type 2 diabetes mellitus	false	medical_kg_gold				target	0	type 2 diabetes mellitus	false
t::d000::ENT_B325C903C6BF32F78F81	ENT_B325C903C6BF32F78F81	target_d000	OTHER	differentiation of syndromes for Type 2 diabetes mellitus	false	medical_kg_gold				target	0	type 2 diabetes mellitus	false
t::d000::ENT_B3E31E56002BAA59A411	ENT_B3E31E56002BAA59A411	target_d000	DISEASE	type 2 diabetes mellitus complicated with urinary tract infection	false	medical_kg_gold				target	0	type 2 diabetes mellitus	false
t::d000::ENT_B4B50888FB411FE664C5	ENT_B4B50888FB411FE664C5	target_d000	DISEASE	type 2 diabetes mellitus and diabetic vasular complications	false	medical_kg_gold				target	0	type 2 diabetes mellitus	false
t::d000::ENT_B556E2A726E63681CBCB	ENT_B556E2A726E63681CBCB	target_d000	DISEASE	insulin resistance and type 2 diabetes mellitus	false	medical_kg_gold				target	0	type 2 diabetes mellitus	false
t::d000::ENT_B6227FADBB98241E45AB	ENT_B6227FADBB98241E45AB	target_d000	POPULATION	patients with type 2 diabetes mellitus in Hangzhou area	false	medical_kg_gold				target	0	type 2 diabetes mellitus	false
t::d000::ENT_B693A6A3B05A21B2AF34	ENT_B693A6A3B05A21B2AF34	target_d000	POPULATION	patients with type 2 diabetes mellitus with CHD	false	medical_kg_gold				target	0	type 2 diabetes mellitus	false
t::d000::ENT_B7BC9CA110DFA0A02B2A	ENT_B7BC9CA110DFA0A02B2A	target_d000	DISEASE	type-2 diabetes mellitus complicated by acute coronary syndromes	false	medical_kg_gold				target	0	type 2 diabetes mellitus	false
t::d000::ENT_B8CDDE0C7F608FA99495	ENT_B8CDDE0C7F608FA99495	target_d000	DISEASE	type 2 diabetes mellitus combined with coronary heart disease	false	medical_kg_gold				target	0	type 2 diabetes mellitus	false
t::d000::ENT_B8FD24E9A8CA4F777232	ENT_B8FD24E9A8CA4F777232	target_d000	DISEASE	type 1 and type 2 diabetes mellitus (DM)	false	medical_kg_gold				target	0	type 2 diabetes mellitus	false
t::d000::ENT_B93E22C64BF3285C1963	ENT_B93E22C64BF3285C1963	target_d000	POPULATION	hypertension patients with type 2 diabetes mellitus	false	medical_kg_gold				target	0	type 2 diabetes mellitus	false
t::d000::ENT_B9720E94381431AC00D2	ENT_B9720E94381431AC00D2	target_d000	DISEASE	type 2 diabetes mellitus combined with hypertension	false	medical_kg_gold				target	0	type 2 diabetes mellitus	false
t::d000::ENT_B9CA3BB8C91CDE11BC86	ENT_B9CA3BB8C91CDE11BC86	target_d000	DISEASE	macrovascular complications in type 2 diabetes mellitus	false	medical_kg_gold				target	0	type 2 diabetes mellitus	false
t::d000::ENT_BB4BC4D34A15E4A086CC	ENT_BB4BC4D34A15E4A086CC	target_d000	OTHER	type 2 diabetes mellitus risk factor status	false	medical_kg_gold				target	0	type 2 diabetes mellitus	false
t::d000::ENT_BBA96AD7E5779D9D7A1F	ENT_BBA96AD7E5779D9D7A1F	target_d000	DISEASE	preliminary diagnosed type 2 diabetes mellitus	false	medical_kg_gold				target	0	type 2 diabetes mellitus	false
t::d000::ENT_BBC6F50AAC396336066B	ENT_BBC6F50AAC396336066B	target_d000	OTHER	prevalence rate of type 2 diabetes mellitus	false	medical_kg_gold				target	0	type 2 diabetes mellitus	false
t::d000::ENT_BC441E5A8FC5FBE7AA50	ENT_BC441E5A8FC5FBE7AA50	target_d000	CLINICAL_OUTCOME	type 2 diabetes mellitus prevalence	false	medical_kg_gold				target	0	type 2 diabetes mellitus	false
t::d000::ENT_BE90E5E3E3EEBD00E079	ENT_BE90E5E3E3EEBD00E079	target_d000	DISEASE	early-onset type 2 diabetes mellitus	false	medical_kg_gold				target	0	type 2 diabetes mellitus	false
t::d000::ENT_BEBB292CF8B8F0199D12	ENT_BEBB292CF8B8F0199D12	target_d000	DISEASE	high blood viscosity syndromes in type 2 diabetes mellitus	false	medical_kg_gold				target	0	type 2 diabetes mellitus	false
t::d000::ENT_BED044519824680719AF	ENT_BED044519824680719AF	target_d000	DISEASE	type 2 diabetes mellitus with diabetic nephropathy	false	medical_kg_gold				target	0	type 2 diabetes mellitus	false
t::d000::ENT_BF199754F535DE9F3976	ENT_BF199754F535DE9F3976	target_d000	POPULATION	patients with type 2 diabetes mellitus and CKD	false	medical_kg_gold				target	0	type 2 diabetes mellitus	false
t::d000::ENT_C04A0A39A45D4E80B8E7	ENT_C04A0A39A45D4E80B8E7	target_d000	DISEASE	type 2 diabetes mellitus with dyslipidemia	false	medical_kg_gold				target	0	type 2 diabetes mellitus	false
t::d000::ENT_C1A20C9EAF1120287DD9	ENT_C1A20C9EAF1120287DD9	target_d000	DISEASE	type 2 diabetes mellitus (DM-2)	false	medical_kg_gold				target	0	type 2 diabetes mellitus	false
t::d000::ENT_C27EC761B5BBFF35A1A6	ENT_C27EC761B5BBFF35A1A6	target_d000	DISEASE	type 2 diabetes mellitus complicated with peripheral vascular disease	false	medical_kg_gold				target	0	type 2 diabetes mellitus	false
t::d000::ENT_C2F195FA6D90CBB8FE3A	ENT_C2F195FA6D90CBB8FE3A	target_d000	CLINICAL_OUTCOME	progression of type 2 diabetes mellitus	false	medical_kg_gold				target	0	type 2 diabetes mellitus	false
t::d000::ENT_C453B14CE36B0B5EC3F3	ENT_C453B14CE36B0B5EC3F3	target_d000	POPULATION	subjects with IGT or type 2 diabetes mellitus	false	medical_kg_gold				target	0	type 2 diabetes mellitus	false
t::d000::ENT_C4B225ABD29EB5329023	ENT_C4B225ABD29EB5329023	target_d000	POPULATION	people with Type 2 diabetes mellitus	false	medical_kg_gold				target	0	type 2 diabetes mellitus	false
t::d000::ENT_C566326F11309406A4E2	ENT_C566326F11309406A4E2	target_d000	DISEASE	uncontrolled type 2 diabetes mellitus	false	medical_kg_gold				target	0	type 2 diabetes mellitus	false
t::d000::ENT_C6A340A79D0F1557116F	ENT_C6A340A79D0F1557116F	target_d000	DISEASE	cardiovasculary disease and type 2 diabetes mellitus	false	medical_kg_gold				target	0	type 2 diabetes mellitus	false
t::d000::ENT_C722ECCA989A39D14D4D	ENT_C722ECCA989A39D14D4D	target_d000	DISEASE	type 2 diabetes mellitus with macrovascular complications	false	medical_kg_gold				target	0	type 2 diabetes mellitus	false
t::d000::ENT_C79055E1E1CBD15D5D16	ENT_C79055E1E1CBD15D5D16	target_d000	DISEASE	obesity with type 2 diabetes mellitus	false	medical_kg_gold				target	0	type 2 diabetes mellitus	false
t::d000::ENT_C992C169C74A1D778470	ENT_C992C169C74A1D778470	target_d000	DISEASE	type 2 diabetes mellitus complicated with coronary artery disease	false	medical_kg_gold				target	0	type 2 diabetes mellitus	false
t::d000::ENT_CC1CFBB1D5E2F0DD90BC	ENT_CC1CFBB1D5E2F0DD90BC	target_d000	RISK_FACTOR	family history of type 2 diabetes mellitus	false	medical_kg_gold				target	0	type 2 diabetes mellitus	false
t::d000::ENT_CC30A0F1E3D4E5AF3EBD	ENT_CC30A0F1E3D4E5AF3EBD	target_d000	OTHER	new hope in the treatment for type 2 diabetes mellitus	false	medical_kg_gold				target	0	type 2 diabetes mellitus	false
t::d000::ENT_CCCDAB98FDFBDA26B697	ENT_CCCDAB98FDFBDA26B697	target_d000	DISEASE	undiagnosed type 2 diabetes mellitus	false	medical_kg_gold				target	0	type 2 diabetes mellitus	false
t::d000::ENT_CD84E6AAD0D9B89246D9	ENT_CD84E6AAD0D9B89246D9	target_d000	DISEASE	microangiopathy in type 2 diabetes mellitus	false	medical_kg_gold				target	0	type 2 diabetes mellitus	false
t::d000::ENT_CD8E45B93BFC644C5792	ENT_CD8E45B93BFC644C5792	target_d000	DISEASE	type 2 diabetes mellitus combined with non-alcoholic fatty liver disease	false	medical_kg_gold				target	0	type 2 diabetes mellitus	false
t::d000::ENT_CDE2D3820F15E6274755	ENT_CDE2D3820F15E6274755	target_d000	DISEASE	type 2 diabetes mellitus and diabetes kidney disease	false	medical_kg_gold				target	0	type 2 diabetes mellitus	false
t::d000::ENT_CE61C9FE1EBDACC05BD6	ENT_CE61C9FE1EBDACC05BD6	target_d000	DISEASE	primary hypertension and type 2 diabetes mellitus	false	medical_kg_gold				target	0	type 2 diabetes mellitus	false
t::d000::ENT_CFA742EB554F5C370A92	ENT_CFA742EB554F5C370A92	target_d000	DISEASE	type 2 diabetes mellitus complicated with hematologic abnormalities	false	medical_kg_gold				target	0	type 2 diabetes mellitus	false
t::d000::ENT_D1E88E8158E83D8998D4	ENT_D1E88E8158E83D8998D4	target_d000	DISEASE	type 2 Diabetes Mellitus (DMT2)	false	medical_kg_gold				target	0	type 2 diabetes mellitus	false
t::d000::ENT_D2A6974E31A85E08022A	ENT_D2A6974E31A85E08022A	target_d000	DISEASE	metabolic abnormalities related to obesity such as type 2 diabetes mellitus (DM)	false	medical_kg_gold				target	0	type 2 diabetes mellitus	false
t::d000::ENT_D3012938E5F3D828BB35	ENT_D3012938E5F3D828BB35	target_d000	DISEASE	type 2 diabetes mellitus with abdominal obesity	false	medical_kg_gold				target	0	type 2 diabetes mellitus	false
t::d000::ENT_D3D521C8CF051A31FBDA	ENT_D3D521C8CF051A31FBDA	target_d000	POPULATION	type 2 diabetes mellitus group	false	medical_kg_gold				target	0	type 2 diabetes mellitus	false
t::d000::ENT_D604BEABCF85E83CBFEA	ENT_D604BEABCF85E83CBFEA	target_d000	OTHER	type 2 diabetes mellitus animal model	false	medical_kg_gold				target	0	type 2 diabetes mellitus	false
t::d000::ENT_D62C6B1485E8602FBC71	ENT_D62C6B1485E8602FBC71	target_d000	DISEASE	type 2 diabetes mellitus with peripheral neuropathy	false	medical_kg_gold				target	0	type 2 diabetes mellitus	false
t::d000::ENT_D6683CAD0C6A30942485	ENT_D6683CAD0C6A30942485	target_d000	DISEASE	mild cognitive impairment accompanied by type 2 diabetes mellitus	false	medical_kg_gold				target	0	type 2 diabetes mellitus	false
t::d000::ENT_D67C5D4D82F07368CE34	ENT_D67C5D4D82F07368CE34	target_d000	DISEASE	type 2 diabetes mellitus coronary artery lesions	false	medical_kg_gold				target	0	type 2 diabetes mellitus	false
t::d000::ENT_D818BF64C867A1CFA711	ENT_D818BF64C867A1CFA711	target_d000	POPULATION	patients with type 2 diabetes mellitus	false	medical_kg_gold				target	0	type 2 diabetes mellitus	false
t::d000::ENT_D8F3B37FE68A77FC2A19	ENT_D8F3B37FE68A77FC2A19	target_d000	DISEASE	hyperthyroidism combined with type 2 diabetes mellitus	false	medical_kg_gold				target	0	type 2 diabetes mellitus	false
t::d000::ENT_D917DD4498100C662202	ENT_D917DD4498100C662202	target_d000	DISEASE	type 2 diabetes mellitus epidemic	false	medical_kg_gold				target	0	type 2 diabetes mellitus	false
t::d000::ENT_D986C31BAA934E34FF22	ENT_D986C31BAA934E34FF22	target_d000	DISEASE	early renal damage in type 2 diabetes mellitus	false	medical_kg_gold				target	0	type 2 diabetes mellitus	false
t::d000::ENT_DC97DB045907CB5A85F7	ENT_DC97DB045907CB5A85F7	target_d000	DISEASE	incident type 2 diabetes mellitus	false	medical_kg_gold				target	0	type 2 diabetes mellitus	false
t::d000::ENT_DF1533B496147A61C141	ENT_DF1533B496147A61C141	target_d000	POPULATION	type 2 diabetes mellitus patients with obvious complications	false	medical_kg_gold				target	0	type 2 diabetes mellitus	false
t::d000::ENT_DFBFE93A416745C00692	ENT_DFBFE93A416745C00692	target_d000	PHENOTYPE	insulin resistance of type 2 diabetes mellitus	false	medical_kg_gold				target	0	type 2 diabetes mellitus	false
t::d000::ENT_E150843EF566BA9DCAF8	ENT_E150843EF566BA9DCAF8	target_d000	POPULATION	type 2 diabetes mellitus patients	false	medical_kg_gold				target	0	type 2 diabetes mellitus	false
t::d000::ENT_E1A4BF2372A44C1C02E0	ENT_E1A4BF2372A44C1C02E0	target_d000	OTHER	level of type 2 diabetes mellitus knowledge	false	medical_kg_gold				target	0	type 2 diabetes mellitus	false
t::d000::ENT_E4BEBB9E92953865EA91	ENT_E4BEBB9E92953865EA91	target_d000	DISEASE	type 2 diabetes mellitus combined with cerebral ischemia	false	medical_kg_gold				target	0	type 2 diabetes mellitus	false
t::d000::ENT_E58A7725DA3474E89F3F	ENT_E58A7725DA3474E89F3F	target_d000	OTHER	KK-Ay mice with spontaneous type 2 diabetes mellitus	false	medical_kg_gold				target	0	type 2 diabetes mellitus	false
t::d000::ENT_E5B812B9D60B9B57647B	ENT_E5B812B9D60B9B57647B	target_d000	PHYSIOLOGICAL_PROCESS	development of type 2 diabetes mellitus	false	medical_kg_gold				target	0	type 2 diabetes mellitus	false
t::d000::ENT_E5D8F11CB7AA95373BC7	ENT_E5D8F11CB7AA95373BC7	target_d000	DISEASE	essential hypertension combined with type 2 diabetes mellitus	false	medical_kg_gold				target	0	type 2 diabetes mellitus	false
t::d000::ENT_E5E23081C757D590DE86	ENT_E5E23081C757D590DE86	target_d000	DISEASE	type 2 diabetes mellitus with metabolic syndrome	false	medical_kg_gold				target	0	type 2 diabetes mellitus	false
t::d000::ENT_E5E468DEC5354D5D8971	ENT_E5E468DEC5354D5D8971	target_d000	DISEASE	type 2 diabetes mellitus complicated with hyperuricemia	false	medical_kg_gold				target	0	type 2 diabetes mellitus	false
t::d000::ENT_E67B32CBE5AEF434B455	ENT_E67B32CBE5AEF434B455	target_d000	DISEASE	type 2 diabetes mellitus when complicated with hypertension	false	medical_kg_gold				target	0	type 2 diabetes mellitus	false
t::d000::ENT_E720D74263F320EA128C	ENT_E720D74263F320EA128C	target_d000	DISEASE	cervical cancer with type 2 diabetes mellitus	false	medical_kg_gold				target	0	type 2 diabetes mellitus	false
t::d000::ENT_E783E9C8C606079A6A70	ENT_E783E9C8C606079A6A70	target_d000	DISEASE	obese type 2 diabetes mellitus	false	medical_kg_gold				target	0	type 2 diabetes mellitus	false
t::d000::ENT_E7D52A9A8F8E83A22466	ENT_E7D52A9A8F8E83A22466	target_d000	DISEASE	type 2 diabetes mellitus with cardiovascular form of diabetic autonomic neuropathy	false	medical_kg_gold				target	0	type 2 diabetes mellitus	false
t::d000::ENT_E8D7EA494B6939A7285D	ENT_E8D7EA494B6939A7285D	target_d000	DISEASE	type 2 diabetes mellitus complicated with thyroid nodules	false	medical_kg_gold				target	0	type 2 diabetes mellitus	false
t::d000::ENT_EA8B75D54BAE324A47E6	ENT_EA8B75D54BAE324A47E6	target_d000	DISEASE	hypertension and type 2 diabetes mellitus	false	medical_kg_gold				target	0	type 2 diabetes mellitus	false
t::d000::ENT_EC7E46E8DD89F957EBF7	ENT_EC7E46E8DD89F957EBF7	target_d000	POPULATION	obese patients of type 2 diabetes mellitus	false	medical_kg_gold				target	0	type 2 diabetes mellitus	false
t::d000::ENT_ED5E89759B4795D70AC5	ENT_ED5E89759B4795D70AC5	target_d000	DISEASE	type 2 diabetes mellitus with vascular lesions in lower limbs	false	medical_kg_gold				target	0	type 2 diabetes mellitus	false
t::d000::ENT_ED606460735CD736E908	ENT_ED606460735CD736E908	target_d000	DISEASE	type 2 diabetes mellitus and diabetic nephropathy	false	medical_kg_gold				target	0	type 2 diabetes mellitus	false
t::d000::ENT_EE0F3112B068F0E64300	ENT_EE0F3112B068F0E64300	target_d000	PHENOTYPE	early kidney injury degree in patients with type 2 diabetes mellitus	false	medical_kg_gold				target	0	type 2 diabetes mellitus	false
t::d000::ENT_EFC443A5737A16918E5C	ENT_EFC443A5737A16918E5C	target_d000	DISEASE	coronary artery disease complicated with type 2 diabetes mellitus	false	medical_kg_gold				target	0	type 2 diabetes mellitus	false
t::d000::ENT_EFC71DC21505AC78E4F7	ENT_EFC71DC21505AC78E4F7	target_d000	POPULATION	cases of type 2 diabetes mellitus with or without complications	false	medical_kg_gold				target	0	type 2 diabetes mellitus	false
t::d000::ENT_EFE76AD37491DF219646	ENT_EFE76AD37491DF219646	target_d000	DISEASE	type 2 diabetes mellitus with microangiopathy	false	medical_kg_gold				target	0	type 2 diabetes mellitus	false
t::d000::ENT_F04477E294BAB77D86CB	ENT_F04477E294BAB77D86CB	target_d000	CLINICAL_OUTCOME	progression of type 2 diabetes mellitus with microangiopathy	false	medical_kg_gold				target	0	type 2 diabetes mellitus	false
t::d000::ENT_F0ADC2A389CFD4907C7C	ENT_F0ADC2A389CFD4907C7C	target_d000	POPULATION	obesity group,type 2 diabetes mellitus without obesity group and type 2 diabetes mellitus with obesity group	false	medical_kg_gold				target	0	type 2 diabetes mellitus	false
t::d000::ENT_F0F462070EE1FB354340	ENT_F0F462070EE1FB354340	target_d000	DISEASE	type 2 diabetes mellitus combined with nonalcoholic fatty liver disease	false	medical_kg_gold				target	0	type 2 diabetes mellitus	false
t::d000::ENT_F2DF58608FCE9F672F5F	ENT_F2DF58608FCE9F672F5F	target_d000	DISEASE	Type 2 Diabetes mellitus (T2D)	false	medical_kg_gold				target	0	type 2 diabetes mellitus	false
t::d000::ENT_F3F9F651F90D10B110AE	ENT_F3F9F651F90D10B110AE	target_d000	DISEASE	Type 2 Diabetes Mellitus complicating cerebral infarction	false	medical_kg_gold				target	0	type 2 diabetes mellitus	false
t::d000::ENT_F478B6F46E73F7578D5C	ENT_F478B6F46E73F7578D5C	target_d000	OTHER	diabetes knowledge and practices of type 2 diabetes mellitus patients	false	medical_kg_gold				target	0	type 2 diabetes mellitus	false
t::d000::ENT_F497F6B5D941503ACF38	ENT_F497F6B5D941503ACF38	target_d000	DISEASE	type 2 diabetes mellitus and diabetic vasular complication	false	medical_kg_gold				target	0	type 2 diabetes mellitus	false
t::d000::ENT_F4D6A83BFBE3881D88C8	ENT_F4D6A83BFBE3881D88C8	target_d000	DISEASE	new onset type 2 diabetes mellitus	false	medical_kg_gold				target	0	type 2 diabetes mellitus	false
t::d000::ENT_F51281451985F4D818DF	ENT_F51281451985F4D818DF	target_d000	DISEASE	end-stage liver disease with type 2 diabetes mellitus	false	medical_kg_gold				target	0	type 2 diabetes mellitus	false
t::d000::ENT_F634BE2C1EBCB2E711BA	ENT_F634BE2C1EBCB2E711BA	target_d000	DISEASE	Cardiovascular disease (CVD) and type 2 diabetes mellitus (T2DM)	false	medical_kg_gold				target	0	type 2 diabetes mellitus	false
t::d000::ENT_F708A74DC229862915D1	ENT_F708A74DC229862915D1	target_d000	DISEASE	type 2 diabetes mellitus combined with abnormal metabolism of lipid	false	medical_kg_gold				target	0	type 2 diabetes mellitus	false
t::d000::ENT_F7560819B3D58788AD0D	ENT_F7560819B3D58788AD0D	target_d000	DISEASE	type 2 diabetes mellitus with angiopathy	false	medical_kg_gold				target	0	type 2 diabetes mellitus	false
t::d000::ENT_F7BC33F1EC9F7D4D8544	ENT_F7BC33F1EC9F7D4D8544	target_d000	POPULATION	patients with type 2 diabetes mellitus who have inadequate glycemic control with nateglinide alone	false	medical_kg_gold				target	0	type 2 diabetes mellitus	false
t::d000::ENT_F93D53489AA501F8F010	ENT_F93D53489AA501F8F010	target_d000	DISEASE	insulin resistance of type 2 diabetes mellitus	false	medical_kg_gold				target	0	type 2 diabetes mellitus	false
t::d000::ENT_F97E238D136F718EAB58	ENT_F97E238D136F718EAB58	target_d000	DISEASE	type 2 diabetes mellitus and nonalcohol fatty liver disease	false	medical_kg_gold				target	0	type 2 diabetes mellitus	false
t::d000::ENT_FA004E3B5A64BD440B73	ENT_FA004E3B5A64BD440B73	target_d000	POPULATION	type 2 diabetes mellitus patients with angiopathy	false	medical_kg_gold				target	0	type 2 diabetes mellitus	false
t::d000::ENT_FAC5986DCAC4BEF45FA6	ENT_FAC5986DCAC4BEF45FA6	target_d000	DISEASE	type 2 diabetes mellitus with hypertension	false	medical_kg_gold				target	0	type 2 diabetes mellitus	false
t::d000::ENT_FB358F2CC0EB89503EDF	ENT_FB358F2CC0EB89503EDF	target_d000	DISEASE	maternal type 2 diabetes mellitus	false	medical_kg_gold				target	0	type 2 diabetes mellitus	false
t::d000::ENT_FB71004CB050C1FD851F	ENT_FB71004CB050C1FD851F	target_d000	POPULATION	Type 2 diabetes mellitus, diabetic nephropathy patients	false	medical_kg_gold				target	0	type 2 diabetes mellitus	false
t::d000::ENT_FBD3D97FBD7214A522B4	ENT_FBD3D97FBD7214A522B4	target_d000	CLINICAL_OUTCOME	macro-vascular complication of type 2 diabetes mellitus	false	medical_kg_gold				target	0	type 2 diabetes mellitus	false
t::d000::ENT_FDB2D65F79F477644F23	ENT_FDB2D65F79F477644F23	target_d000	DISEASE	type 2 diabetes mellitus with coronary heart disease	false	medical_kg_gold				target	0	type 2 diabetes mellitus	false
t::d000::ENT_FE74606B612DFCC7E696	ENT_FE74606B612DFCC7E696	target_d000	DISEASE	type 2 diabetes mellitus (DM2)	false	medical_kg_gold				target	0	type 2 diabetes mellitus	false
t::d000::ENT_FE85B68A564DF7597219	ENT_FE85B68A564DF7597219	target_d000	DISEASE	type 2 diabetes mellitus combined with late-onset Alzheimer's disease	false	medical_kg_gold				target	0	type 2 diabetes mellitus	false
t::d000::ENT_FEE61FA10CE3A5C84921	ENT_FEE61FA10CE3A5C84921	target_d000	DISEASE	type 2 diabetes mellitus with ischemic heart disease	false	medical_kg_gold				target	0	type 2 diabetes mellitus	false
t::d000::ENT_FEE6F4552E6F2EAC8FA5	ENT_FEE6F4552E6F2EAC8FA5	target_d000	RISK_FACTOR	Duration of type 2 diabetes mellitus	false	medical_kg_gold				target	0	type 2 diabetes mellitus	false
t::d000::ENT_FF620A05BD21FDAB1B96	ENT_FF620A05BD21FDAB1B96	target_d000	DISEASE	yin-deficiency and excess of heat syndrome in type 2 diabetes mellitus	false	medical_kg_gold				target	0	type 2 diabetes mellitus	false
t::d000::ENT_FFA5ECB6EF2BF5BB1404	ENT_FFA5ECB6EF2BF5BB1404	target_d000	DISEASE	type 2 diabetes mellitus and focal cerebral ischemia	false	medical_kg_gold				target	0	type 2 diabetes mellitus	false
